"CouncilSiteID","Date","Value","Method","Measurement","Censored","centype"
"lake alice (composite)","02-Aug-16",0.04,"","NH4N",FALSE,"FALSE"
"lake alice (composite)","02-Aug-16",0.101,"","TP",FALSE,"FALSE"
"lake alice (composite)","02-Aug-16",1.27,"","TN",FALSE,"FALSE"
"lake alice (composite)","02-Aug-16",21,"","ECOLI",FALSE,"FALSE"
"lake alice (composite)","02-Aug-16",7.2,"","CHLA",FALSE,"FALSE"
"lake alice (composite)","03-Mar-16",0.06,"","NH4N",FALSE,"FALSE"
"lake alice (composite)","03-Mar-16",0.093,"","TP",FALSE,"FALSE"
"lake alice (composite)","03-Mar-16",1.19,"","TN",FALSE,"FALSE"
"lake alice (composite)","03-Mar-16",1.9,"","CHLA",FALSE,"FALSE"
"lake alice (composite)","03-Mar-16",4,"","ECOLI",FALSE,"FALSE"
"lake alice (composite)","07-Dec-18",0.01,"","NH4N",TRUE,"Left"
"lake alice (composite)","07-Dec-18",0.278,"","TP",FALSE,"FALSE"
"lake alice (composite)","07-Dec-18",139,"","CHLA",FALSE,"FALSE"
"lake alice (composite)","07-Dec-18",2.42,"","TN",FALSE,"FALSE"
"lake alice (composite)","07-Dec-18",4,"","ECOLI",TRUE,"Left"
"lake alice (composite)","13-Dec-16",0.06,"","NH4N",FALSE,"FALSE"
"lake alice (composite)","13-Dec-16",0.236,"","TP",FALSE,"FALSE"
"lake alice (composite)","13-Dec-16",16,"","ECOLI",FALSE,"FALSE"
"lake alice (composite)","13-Dec-16",2.33,"","TN",FALSE,"FALSE"
"lake alice (composite)","13-Dec-16",65,"","CHLA",FALSE,"FALSE"
"lake alice (composite)","14-Sep-18",0.03,"","NH4N",FALSE,"FALSE"
"lake alice (composite)","14-Sep-18",0.179,"","TP",FALSE,"FALSE"
"lake alice (composite)","14-Sep-18",1.48,"","TN",FALSE,"FALSE"
"lake alice (composite)","14-Sep-18",15,"","CHLA",FALSE,"FALSE"
"lake alice (composite)","14-Sep-18",4,"","ECOLI",FALSE,"FALSE"
"lake alice (composite)","15-Mar-17",0.04,"","NH4N",FALSE,"FALSE"
"lake alice (composite)","15-Mar-17",0.084,"","TP",FALSE,"FALSE"
"lake alice (composite)","15-Mar-17",0.85,"","TN",FALSE,"FALSE"
"lake alice (composite)","15-Mar-17",1.9,"","CHLA",TRUE,"Left"
"lake alice (composite)","15-Mar-17",4,"","ECOLI",TRUE,"Left"
"lake alice (composite)","17-Dec-15",0.03,"","NH4N",FALSE,"FALSE"
"lake alice (composite)","17-Dec-15",0.157,"","TP",FALSE,"FALSE"
"lake alice (composite)","17-Dec-15",1.01,"","TN",FALSE,"FALSE"
"lake alice (composite)","17-Dec-15",27,"","CHLA",FALSE,"FALSE"
"lake alice (composite)","17-Dec-15",4,"","ECOLI",TRUE,"Left"
"lake alice (composite)","17-Jul-18",0.04,"","NH4N",FALSE,"FALSE"
"lake alice (composite)","17-Jul-18",0.09,"","TP",FALSE,"FALSE"
"lake alice (composite)","17-Jul-18",1.21,"","TN",FALSE,"FALSE"
"lake alice (composite)","17-Jul-18",1.9,"","CHLA",TRUE,"Left"
"lake alice (composite)","17-Jul-18",8,"","ECOLI",FALSE,"FALSE"
"lake alice (composite)","18-Jun-15",0.01,"","NH4N",TRUE,"Left"
"lake alice (composite)","18-Jun-15",0.1,"","TP",FALSE,"FALSE"
"lake alice (composite)","18-Jun-15",1.28,"","TN",FALSE,"FALSE"
"lake alice (composite)","18-Jun-15",1.9,"","CHLA",FALSE,"FALSE"
"lake alice (composite)","18-Jun-15",8,"","ECOLI",FALSE,"FALSE"
"lake alice (composite)","21-Dec-17",0.05,"","NH4N",FALSE,"FALSE"
"lake alice (composite)","21-Dec-17",0.103,"","TP",FALSE,"FALSE"
"lake alice (composite)","21-Dec-17",1.18,"","TN",FALSE,"FALSE"
"lake alice (composite)","21-Dec-17",19,"","CHLA",FALSE,"FALSE"
"lake alice (composite)","21-Sep-16",0.02,"","NH4N",FALSE,"FALSE"
"lake alice (composite)","21-Sep-16",0.136,"","TP",FALSE,"FALSE"
"lake alice (composite)","21-Sep-16",1.09,"","TN",FALSE,"FALSE"
"lake alice (composite)","21-Sep-16",28,"","CHLA",FALSE,"FALSE"
"lake alice (composite)","21-Sep-16",4,"","ECOLI",TRUE,"Left"
"lake alice (composite)","22-Jan-15",0.02,"","NH4N",FALSE,"FALSE"
"lake alice (composite)","22-Jan-15",0.115,"","TP",FALSE,"FALSE"
"lake alice (composite)","22-Jan-15",1.66,"","TN",FALSE,"FALSE"
"lake alice (composite)","22-Jan-15",44,"","ECOLI",FALSE,"FALSE"
"lake alice (composite)","22-Jan-15",46,"","CHLA",FALSE,"FALSE"
"lake alice (composite)","23-Mar-18",0.16,"","TP",FALSE,"FALSE"
"lake alice (composite)","23-Mar-18",0.21,"","NH4N",FALSE,"FALSE"
"lake alice (composite)","23-Mar-18",1.5,"","TN",FALSE,"FALSE"
"lake alice (composite)","23-Mar-18",11,"","CHLA",FALSE,"FALSE"
"lake alice (composite)","25-Mar-15",0.03,"","NH4N",FALSE,"FALSE"
"lake alice (composite)","25-Mar-15",0.073,"","TP",FALSE,"FALSE"
"lake alice (composite)","25-Mar-15",1.29,"","TN",FALSE,"FALSE"
"lake alice (composite)","25-Mar-15",4,"","ECOLI",FALSE,"FALSE"
"lake alice (composite)","25-Mar-15",4.6,"","CHLA",FALSE,"FALSE"
"lake alice (composite)","27-Nov-14",0.005,"","NH4N",FALSE,"FALSE"
"lake alice (composite)","27-Nov-14",0.096,"","TP",FALSE,"FALSE"
"lake alice (composite)","27-Nov-14",0.948,"","TN",FALSE,"FALSE"
"lake alice (composite)","27-Nov-14",1.9,"","CHLA",FALSE,"FALSE"
"lake alice (composite)","27-Nov-14",16,"","ECOLI",FALSE,"FALSE"
"lake alice (composite)","27-Sep-17",0.02,"","NH4N",FALSE,"FALSE"
"lake alice (composite)","27-Sep-17",0.046,"","TP",FALSE,"FALSE"
"lake alice (composite)","27-Sep-17",0.83,"","TN",FALSE,"FALSE"
"lake alice (composite)","27-Sep-17",2.9,"","CHLA",FALSE,"FALSE"
"lake alice (composite)","28-Sep-15",0.01,"","NH4N",FALSE,"FALSE"
"lake alice (composite)","28-Sep-15",0.092,"","TP",FALSE,"FALSE"
"lake alice (composite)","28-Sep-15",0.79,"","TN",FALSE,"FALSE"
"lake alice (composite)","28-Sep-15",2.9,"","CHLA",FALSE,"FALSE"
"lake alice (composite)","28-Sep-15",4,"","ECOLI",TRUE,"Left"
"lake dudding (composite)","06-Dec-18",0.03,"","NH4N",FALSE,"FALSE"
"lake dudding (composite)","06-Dec-18",0.143,"","TP",FALSE,"FALSE"
"lake dudding (composite)","06-Dec-18",1.71,"","TN",FALSE,"FALSE"
"lake dudding (composite)","06-Dec-18",1.9,"","CHLA",TRUE,"Left"
"lake dudding (composite)","06-Dec-18",4,"","ECOLI",TRUE,"Left"
"lake dudding (composite)","13-Aug-15",0.01,"","NH4N",TRUE,"Left"
"lake dudding (composite)","13-Aug-15",0.145,"","TP",FALSE,"FALSE"
"lake dudding (composite)","13-Aug-15",2.06,"","TN",FALSE,"FALSE"
"lake dudding (composite)","13-Aug-15",44,"","ECOLI",FALSE,"FALSE"
"lake dudding (composite)","13-Aug-15",5.8,"","CHLA",FALSE,"FALSE"
"lake dudding (composite)","13-May-14",0.239,"","TP",FALSE,"FALSE"
"lake dudding (composite)","13-May-14",1.213,"","NH4N",FALSE,"FALSE"
"lake dudding (composite)","13-May-14",2.733,"","TN",FALSE,"FALSE"
"lake dudding (composite)","13-May-14",4,"","ECOLI",TRUE,"Left"
"lake dudding (composite)","13-May-14",9,"","CHLA",FALSE,"FALSE"
"lake dudding (composite)","14-Feb-19",0.052,"","TP",FALSE,"FALSE"
"lake dudding (composite)","14-Feb-19",0.08,"","NH4N",FALSE,"FALSE"
"lake dudding (composite)","14-Feb-19",1,"","TN",FALSE,"FALSE"
"lake dudding (composite)","14-Feb-19",4,"","ECOLI",TRUE,"Left"
"lake dudding (composite)","14-Feb-19",9.4,"","CHLA",FALSE,"FALSE"
"lake dudding (composite)","14-Nov-14",0.01,"","NH4N",TRUE,"Left"
"lake dudding (composite)","14-Nov-14",0.032,"","TP",FALSE,"FALSE"
"lake dudding (composite)","14-Nov-14",0.687,"","TN",FALSE,"FALSE"
"lake dudding (composite)","14-Nov-14",2.8,"","CHLA",FALSE,"FALSE"
"lake dudding (composite)","14-Nov-14",68,"","ECOLI",FALSE,"FALSE"
"lake dudding (composite)","16-Aug-18",0.02,"","NH4N",FALSE,"FALSE"
"lake dudding (composite)","16-Aug-18",0.042,"","TP",FALSE,"FALSE"
"lake dudding (composite)","16-Aug-18",1.21,"","TN",FALSE,"FALSE"
"lake dudding (composite)","16-Aug-18",19,"","CHLA",FALSE,"FALSE"
"lake dudding (composite)","16-Aug-18",190,"","ECOLI",FALSE,"FALSE"
"lake dudding (composite)","16-Nov-17",0.01,"","NH4N",TRUE,"Left"
"lake dudding (composite)","16-Nov-17",0.066,"","TP",FALSE,"FALSE"
"lake dudding (composite)","16-Nov-17",0.99,"","TN",FALSE,"FALSE"
"lake dudding (composite)","16-Nov-17",12,"","ECOLI",FALSE,"FALSE"
"lake dudding (composite)","16-Nov-17",14,"","CHLA",FALSE,"FALSE"
"lake dudding (composite)","17-May-16",0.05,"","NH4N",FALSE,"FALSE"
"lake dudding (composite)","17-May-16",0.111,"","TP",FALSE,"FALSE"
"lake dudding (composite)","17-May-16",1.11,"","TN",FALSE,"FALSE"
"lake dudding (composite)","17-May-16",12,"","ECOLI",FALSE,"FALSE"
"lake dudding (composite)","17-May-16",13,"","CHLA",FALSE,"FALSE"
"lake dudding (composite)","19-Feb-14",0.055,"","NH4N",FALSE,"FALSE"
"lake dudding (composite)","19-Feb-14",0.154,"","TP",FALSE,"FALSE"
"lake dudding (composite)","19-Feb-14",1.21,"","TN",FALSE,"FALSE"
"lake dudding (composite)","19-Feb-14",15,"","CHLA",FALSE,"FALSE"
"lake dudding (composite)","19-Feb-14",4,"","ECOLI",TRUE,"Left"
"lake dudding (composite)","21-Nov-18",0.01,"","NH4N",TRUE,"Left"
"lake dudding (composite)","21-Nov-18",0.109,"","TP",FALSE,"FALSE"
"lake dudding (composite)","21-Nov-18",153,"","CHLA",FALSE,"FALSE"
"lake dudding (composite)","21-Nov-18",2.15,"","TN",FALSE,"FALSE"
"lake dudding (composite)","21-Nov-18",4,"","ECOLI",TRUE,"Left"
"lake dudding (composite)","22-Feb-17",0.074,"","TP",FALSE,"FALSE"
"lake dudding (composite)","22-Feb-17",0.32,"","NH4N",FALSE,"FALSE"
"lake dudding (composite)","22-Feb-17",1.49,"","TN",FALSE,"FALSE"
"lake dudding (composite)","22-Feb-17",19,"","CHLA",FALSE,"FALSE"
"lake dudding (composite)","22-Feb-17",4,"","ECOLI",FALSE,"FALSE"
"lake dudding (composite)","24-Feb-15",0.054,"","TP",FALSE,"FALSE"
"lake dudding (composite)","24-Feb-15",0.06,"","NH4N",FALSE,"FALSE"
"lake dudding (composite)","24-Feb-15",0.86,"","TN",FALSE,"FALSE"
"lake dudding (composite)","24-Feb-15",4,"","ECOLI",TRUE,"Left"
"lake dudding (composite)","24-Feb-15",8.4,"","CHLA",FALSE,"FALSE"
"lake dudding (composite)","24-May-17",0.131,"","TP",FALSE,"FALSE"
"lake dudding (composite)","24-May-17",0.18,"","NH4N",FALSE,"FALSE"
"lake dudding (composite)","24-May-17",1.74,"","TN",FALSE,"FALSE"
"lake dudding (composite)","24-May-17",7,"","CHLA",FALSE,"FALSE"
"lake dudding (composite)","24-May-17",8,"","ECOLI",FALSE,"FALSE"
"lake dudding (composite)","24-Nov-16",0.01,"","NH4N",TRUE,"Left"
"lake dudding (composite)","24-Nov-16",0.095,"","TP",FALSE,"FALSE"
"lake dudding (composite)","24-Nov-16",1.57,"","TN",FALSE,"FALSE"
"lake dudding (composite)","24-Nov-16",21,"","ECOLI",FALSE,"FALSE"
"lake dudding (composite)","24-Nov-16",48,"","CHLA",FALSE,"FALSE"
"lake dudding (composite)","25-Feb-16",0.01,"","NH4N",TRUE,"Left"
"lake dudding (composite)","25-Feb-16",0.075,"","TP",FALSE,"FALSE"
"lake dudding (composite)","25-Feb-16",1.01,"","TN",FALSE,"FALSE"
"lake dudding (composite)","25-Feb-16",26,"","CHLA",FALSE,"FALSE"
"lake dudding (composite)","25-Feb-16",4,"","ECOLI",TRUE,"Left"
"lake dudding (composite)","25-Jan-19",0.05,"","NH4N",FALSE,"FALSE"
"lake dudding (composite)","25-Jan-19",0.1,"","TP",FALSE,"FALSE"
"lake dudding (composite)","25-Jan-19",1.21,"","TN",FALSE,"FALSE"
"lake dudding (composite)","25-Jan-19",27,"","CHLA",FALSE,"FALSE"
"lake dudding (composite)","25-Jan-19",4,"","ECOLI",TRUE,"Left"
"lake dudding (composite)","28-Aug-14",0.031,"","NH4N",FALSE,"FALSE"
"lake dudding (composite)","28-Aug-14",0.032,"","TP",FALSE,"FALSE"
"lake dudding (composite)","28-Aug-14",0.927,"","TN",FALSE,"FALSE"
"lake dudding (composite)","28-Aug-14",1.9,"","CHLA",FALSE,"FALSE"
"lake dudding (composite)","28-Aug-14",4,"","ECOLI",TRUE,"Left"
"lake dudding (composite)","28-Feb-18",0.055,"","TP",FALSE,"FALSE"
"lake dudding (composite)","28-Feb-18",0.22,"","NH4N",FALSE,"FALSE"
"lake dudding (composite)","28-Feb-18",1.22,"","TN",FALSE,"FALSE"
"lake dudding (composite)","28-Feb-18",16,"","ECOLI",FALSE,"FALSE"
"lake dudding (composite)","28-Feb-18",5.8,"","CHLA",FALSE,"FALSE"
"lake dudding (composite)","28-May-15",0.01,"","NH4N",TRUE,"Left"
"lake dudding (composite)","28-May-15",0.066,"","TP",FALSE,"FALSE"
"lake dudding (composite)","28-May-15",1.73,"","TN",FALSE,"FALSE"
"lake dudding (composite)","28-May-15",2,"","CHLA",TRUE,"Left"
"lake dudding (composite)","28-May-15",4,"","ECOLI",TRUE,"Left"
"lake dudding (composite)","29-May-18",0.074,"","TP",FALSE,"FALSE"
"lake dudding (composite)","29-May-18",0.09,"","NH4N",FALSE,"FALSE"
"lake dudding (composite)","29-May-18",1.63,"","TN",FALSE,"FALSE"
"lake dudding (composite)","29-May-18",340,"","ECOLI",FALSE,"FALSE"
"lake dudding (composite)","29-May-18",8.9,"","CHLA",FALSE,"FALSE"
"lake dudding (composite)","29-Oct-15",0.03,"","NH4N",FALSE,"FALSE"
"lake dudding (composite)","29-Oct-15",0.054,"","TP",FALSE,"FALSE"
"lake dudding (composite)","29-Oct-15",1.04,"","TN",FALSE,"FALSE"
"lake dudding (composite)","29-Oct-15",27,"","CHLA",FALSE,"FALSE"
"lake dudding (composite)","29-Oct-15",4,"","ECOLI",FALSE,"FALSE"
"lake dudding (composite)","30-Aug-16",0.061,"","TP",FALSE,"FALSE"
"lake dudding (composite)","30-Aug-16",0.07,"","NH4N",FALSE,"FALSE"
"lake dudding (composite)","30-Aug-16",1.32,"","TN",FALSE,"FALSE"
"lake dudding (composite)","30-Aug-16",6,"","CHLA",FALSE,"FALSE"
"lake dudding (composite)","30-Aug-16",8,"","ECOLI",FALSE,"FALSE"
"lake heaton (composite)","02-Aug-16",0.19,"","NH4N",FALSE,"FALSE"
"lake heaton (composite)","02-Aug-16",0.23,"","TP",FALSE,"FALSE"
"lake heaton (composite)","02-Aug-16",1200,"","ECOLI",FALSE,"FALSE"
"lake heaton (composite)","02-Aug-16",2.02,"","TN",FALSE,"FALSE"
"lake heaton (composite)","02-Aug-16",2.4,"","CHLA",FALSE,"FALSE"
"lake heaton (composite)","03-Mar-16",0.01,"","NH4N",FALSE,"FALSE"
"lake heaton (composite)","03-Mar-16",0.797,"","TP",FALSE,"FALSE"
"lake heaton (composite)","03-Mar-16",3.84,"","TN",FALSE,"FALSE"
"lake heaton (composite)","03-Mar-16",4,"","ECOLI",TRUE,"Left"
"lake heaton (composite)","03-Mar-16",66,"","CHLA",FALSE,"FALSE"
"lake heaton (composite)","07-Dec-18",0.02,"","NH4N",FALSE,"FALSE"
"lake heaton (composite)","07-Dec-18",0.17,"","TP",FALSE,"FALSE"
"lake heaton (composite)","07-Dec-18",0.96,"","TN",FALSE,"FALSE"
"lake heaton (composite)","07-Dec-18",17,"","CHLA",FALSE,"FALSE"
"lake heaton (composite)","07-Dec-18",8,"","ECOLI",FALSE,"FALSE"
"lake heaton (composite)","13-Dec-16",0.01,"","NH4N",FALSE,"FALSE"
"lake heaton (composite)","13-Dec-16",0.232,"","TP",FALSE,"FALSE"
"lake heaton (composite)","13-Dec-16",1.14,"","TN",FALSE,"FALSE"
"lake heaton (composite)","13-Dec-16",12,"","ECOLI",FALSE,"FALSE"
"lake heaton (composite)","13-Dec-16",31,"","CHLA",FALSE,"FALSE"
"lake heaton (composite)","13-May-14",0.06,"","TP",FALSE,"FALSE"
"lake heaton (composite)","13-May-14",0.067,"","NH4N",FALSE,"FALSE"
"lake heaton (composite)","13-May-14",0.75,"","TN",FALSE,"FALSE"
"lake heaton (composite)","13-May-14",12.4,"","CHLA",FALSE,"FALSE"
"lake heaton (composite)","13-May-14",4,"","ECOLI",FALSE,"FALSE"
"lake heaton (composite)","14-Sep-18",0.143,"","TP",FALSE,"FALSE"
"lake heaton (composite)","14-Sep-18",0.19,"","NH4N",FALSE,"FALSE"
"lake heaton (composite)","14-Sep-18",1.49,"","TN",FALSE,"FALSE"
"lake heaton (composite)","14-Sep-18",12,"","CHLA",FALSE,"FALSE"
"lake heaton (composite)","14-Sep-18",4,"","ECOLI",TRUE,"Left"
"lake heaton (composite)","15-Mar-17",0.01,"","NH4N",FALSE,"FALSE"
"lake heaton (composite)","15-Mar-17",0.756,"","TP",FALSE,"FALSE"
"lake heaton (composite)","15-Mar-17",101,"","CHLA",FALSE,"FALSE"
"lake heaton (composite)","15-Mar-17",12,"","ECOLI",FALSE,"FALSE"
"lake heaton (composite)","15-Mar-17",2.48,"","TN",FALSE,"FALSE"
"lake heaton (composite)","17-Dec-15",0.05,"","NH4N",FALSE,"FALSE"
"lake heaton (composite)","17-Dec-15",0.212,"","TP",FALSE,"FALSE"
"lake heaton (composite)","17-Dec-15",0.95,"","TN",FALSE,"FALSE"
"lake heaton (composite)","17-Dec-15",22,"","CHLA",FALSE,"FALSE"
"lake heaton (composite)","17-Dec-15",4,"","ECOLI",FALSE,"FALSE"
"lake heaton (composite)","17-Jul-18",0.169,"","TP",FALSE,"FALSE"
"lake heaton (composite)","17-Jul-18",0.36,"","NH4N",FALSE,"FALSE"
"lake heaton (composite)","17-Jul-18",2.13,"","TN",FALSE,"FALSE"
"lake heaton (composite)","17-Jul-18",2.4,"","CHLA",FALSE,"FALSE"
"lake heaton (composite)","17-Jul-18",25,"","ECOLI",FALSE,"FALSE"
"lake heaton (composite)","18-Jun-15",0.27,"","TP",FALSE,"FALSE"
"lake heaton (composite)","18-Jun-15",0.39,"","NH4N",FALSE,"FALSE"
"lake heaton (composite)","18-Jun-15",1.9,"","CHLA",TRUE,"Left"
"lake heaton (composite)","18-Jun-15",190,"","ECOLI",FALSE,"FALSE"
"lake heaton (composite)","18-Jun-15",2.11,"","TN",FALSE,"FALSE"
"lake heaton (composite)","19-Feb-14",0,"","ECOLI",FALSE,"FALSE"
"lake heaton (composite)","19-Feb-14",0.381,"","NH4N",FALSE,"FALSE"
"lake heaton (composite)","19-Feb-14",0.654,"","TP",FALSE,"FALSE"
"lake heaton (composite)","19-Feb-14",2.862,"","TN",FALSE,"FALSE"
"lake heaton (composite)","19-Feb-14",51.4,"","CHLA",FALSE,"FALSE"
"lake heaton (composite)","21-Dec-17",0.29,"","NH4N",FALSE,"FALSE"
"lake heaton (composite)","21-Dec-17",0.503,"","TP",FALSE,"FALSE"
"lake heaton (composite)","21-Dec-17",2.17,"","TN",FALSE,"FALSE"
"lake heaton (composite)","21-Dec-17",52,"","CHLA",FALSE,"FALSE"
"lake heaton (composite)","21-Sep-16",0.155,"","TP",FALSE,"FALSE"
"lake heaton (composite)","21-Sep-16",0.29,"","NH4N",FALSE,"FALSE"
"lake heaton (composite)","21-Sep-16",1.45,"","TN",FALSE,"FALSE"
"lake heaton (composite)","21-Sep-16",3.1,"","CHLA",FALSE,"FALSE"
"lake heaton (composite)","21-Sep-16",4,"","ECOLI",FALSE,"FALSE"
"lake heaton (composite)","22-Jan-15",0.01,"","NH4N",TRUE,"Left"
"lake heaton (composite)","22-Jan-15",0.685,"","TP",FALSE,"FALSE"
"lake heaton (composite)","22-Jan-15",101,"","CHLA",FALSE,"FALSE"
"lake heaton (composite)","22-Jan-15",2.42,"","TN",FALSE,"FALSE"
"lake heaton (composite)","22-Jan-15",4,"","ECOLI",FALSE,"FALSE"
"lake heaton (composite)","23-Mar-18",0.34,"","NH4N",FALSE,"FALSE"
"lake heaton (composite)","23-Mar-18",0.454,"","TP",FALSE,"FALSE"
"lake heaton (composite)","23-Mar-18",2.04,"","TN",FALSE,"FALSE"
"lake heaton (composite)","23-Mar-18",46,"","CHLA",FALSE,"FALSE"
"lake heaton (composite)","25-Mar-15",0.01,"","NH4N",TRUE,"Left"
"lake heaton (composite)","25-Mar-15",0.668,"","TP",FALSE,"FALSE"
"lake heaton (composite)","25-Mar-15",100,"","CHLA",FALSE,"FALSE"
"lake heaton (composite)","25-Mar-15",16,"","ECOLI",FALSE,"FALSE"
"lake heaton (composite)","25-Mar-15",3.75,"","TN",FALSE,"FALSE"
"lake heaton (composite)","27-Nov-14",0.001,"","NH4N",FALSE,"FALSE"
"lake heaton (composite)","27-Nov-14",0.108,"","TP",FALSE,"FALSE"
"lake heaton (composite)","27-Nov-14",1.008,"","TN",FALSE,"FALSE"
"lake heaton (composite)","27-Nov-14",1.9,"","CHLA",FALSE,"FALSE"
"lake heaton (composite)","27-Nov-14",4,"","ECOLI",FALSE,"FALSE"
"lake heaton (composite)","27-Sep-17",0.05,"","NH4N",FALSE,"FALSE"
"lake heaton (composite)","27-Sep-17",0.307,"","TP",FALSE,"FALSE"
"lake heaton (composite)","27-Sep-17",1.63,"","TN",FALSE,"FALSE"
"lake heaton (composite)","27-Sep-17",78,"","CHLA",FALSE,"FALSE"
"lake heaton (composite)","28-Aug-14",0.097,"","TP",FALSE,"FALSE"
"lake heaton (composite)","28-Aug-14",0.254,"","NH4N",FALSE,"FALSE"
"lake heaton (composite)","28-Aug-14",1.888,"","TN",FALSE,"FALSE"
"lake heaton (composite)","28-Aug-14",2.4,"","CHLA",FALSE,"FALSE"
"lake heaton (composite)","28-Aug-14",4,"","ECOLI",FALSE,"FALSE"
"lake heaton (composite)","28-Sep-15",0.01,"","NH4N",TRUE,"Left"
"lake heaton (composite)","28-Sep-15",0.189,"","TP",FALSE,"FALSE"
"lake heaton (composite)","28-Sep-15",1.25,"","TN",FALSE,"FALSE"
"lake heaton (composite)","28-Sep-15",4,"","ECOLI",FALSE,"FALSE"
"lake heaton (composite)","28-Sep-15",57,"","CHLA",FALSE,"FALSE"
"lake herbert (composite)","02-Aug-16",0.04,"","NH4N",FALSE,"FALSE"
"lake herbert (composite)","02-Aug-16",0.047,"","TP",FALSE,"FALSE"
"lake herbert (composite)","02-Aug-16",0.85,"","TN",FALSE,"FALSE"
"lake herbert (composite)","02-Aug-16",1.9,"","CHLA",TRUE,"Left"
"lake herbert (composite)","02-Aug-16",110,"","ECOLI",FALSE,"FALSE"
"lake herbert (composite)","03-Mar-16",0.05,"","NH4N",FALSE,"FALSE"
"lake herbert (composite)","03-Mar-16",0.085,"","TP",FALSE,"FALSE"
"lake herbert (composite)","03-Mar-16",1.61,"","TN",FALSE,"FALSE"
"lake herbert (composite)","03-Mar-16",20,"","CHLA",FALSE,"FALSE"
"lake herbert (composite)","03-Mar-16",30,"","ECOLI",FALSE,"FALSE"
"lake herbert (composite)","07-Dec-18",0.01,"","NH4N",TRUE,"Left"
"lake herbert (composite)","07-Dec-18",0.029,"","TP",FALSE,"FALSE"
"lake herbert (composite)","07-Dec-18",0.89,"","TN",FALSE,"FALSE"
"lake herbert (composite)","07-Dec-18",4,"","ECOLI",FALSE,"FALSE"
"lake herbert (composite)","07-Dec-18",4.8,"","CHLA",FALSE,"FALSE"
"lake herbert (composite)","13-Dec-16",0.01,"","NH4N",TRUE,"Left"
"lake herbert (composite)","13-Dec-16",0.079,"","TP",FALSE,"FALSE"
"lake herbert (composite)","13-Dec-16",1.32,"","TN",FALSE,"FALSE"
"lake herbert (composite)","13-Dec-16",12,"","ECOLI",FALSE,"FALSE"
"lake herbert (composite)","13-Dec-16",25,"","CHLA",FALSE,"FALSE"
"lake herbert (composite)","14-Sep-18",0.037,"","TP",FALSE,"FALSE"
"lake herbert (composite)","14-Sep-18",0.04,"","NH4N",FALSE,"FALSE"
"lake herbert (composite)","14-Sep-18",0.86,"","TN",FALSE,"FALSE"
"lake herbert (composite)","14-Sep-18",1.9,"","CHLA",TRUE,"Left"
"lake herbert (composite)","14-Sep-18",4,"","ECOLI",FALSE,"FALSE"
"lake herbert (composite)","15-Mar-17",0.01,"","NH4N",TRUE,"Left"
"lake herbert (composite)","15-Mar-17",0.064,"","TP",FALSE,"FALSE"
"lake herbert (composite)","15-Mar-17",1.15,"","TN",FALSE,"FALSE"
"lake herbert (composite)","15-Mar-17",16,"","CHLA",FALSE,"FALSE"
"lake herbert (composite)","15-Mar-17",30,"","ECOLI",FALSE,"FALSE"
"lake herbert (composite)","17-Dec-15",0.02,"","NH4N",FALSE,"FALSE"
"lake herbert (composite)","17-Dec-15",0.075,"","TP",FALSE,"FALSE"
"lake herbert (composite)","17-Dec-15",1.35,"","TN",FALSE,"FALSE"
"lake herbert (composite)","17-Dec-15",4,"","ECOLI",TRUE,"Left"
"lake herbert (composite)","17-Dec-15",9.1,"","CHLA",FALSE,"FALSE"
"lake herbert (composite)","17-Jul-18",0.066,"","TP",FALSE,"FALSE"
"lake herbert (composite)","17-Jul-18",0.18,"","NH4N",FALSE,"FALSE"
"lake herbert (composite)","17-Jul-18",1.22,"","TN",FALSE,"FALSE"
"lake herbert (composite)","17-Jul-18",1.9,"","CHLA",TRUE,"Left"
"lake herbert (composite)","17-Jul-18",12,"","ECOLI",FALSE,"FALSE"
"lake herbert (composite)","18-Jun-15",0.02,"","NH4N",FALSE,"FALSE"
"lake herbert (composite)","18-Jun-15",0.035,"","TP",FALSE,"FALSE"
"lake herbert (composite)","18-Jun-15",0.55,"","TN",FALSE,"FALSE"
"lake herbert (composite)","18-Jun-15",1.9,"","CHLA",TRUE,"Left"
"lake herbert (composite)","18-Jun-15",21,"","ECOLI",FALSE,"FALSE"
"lake herbert (composite)","21-Dec-17",0.01,"","NH4N",FALSE,"FALSE"
"lake herbert (composite)","21-Dec-17",0.07,"","TP",FALSE,"FALSE"
"lake herbert (composite)","21-Dec-17",1.2,"","TN",FALSE,"FALSE"
"lake herbert (composite)","21-Dec-17",15,"","CHLA",FALSE,"FALSE"
"lake herbert (composite)","21-Sep-16",0.05,"","NH4N",FALSE,"FALSE"
"lake herbert (composite)","21-Sep-16",0.05,"","TP",FALSE,"FALSE"
"lake herbert (composite)","21-Sep-16",0.84,"","TN",FALSE,"FALSE"
"lake herbert (composite)","21-Sep-16",1.9,"","CHLA",TRUE,"Left"
"lake herbert (composite)","21-Sep-16",12,"","ECOLI",FALSE,"FALSE"
"lake herbert (composite)","23-Mar-18",0.06,"","NH4N",FALSE,"FALSE"
"lake herbert (composite)","23-Mar-18",0.102,"","TP",FALSE,"FALSE"
"lake herbert (composite)","23-Mar-18",1.28,"","TN",FALSE,"FALSE"
"lake herbert (composite)","23-Mar-18",66,"","CHLA",FALSE,"FALSE"
"lake herbert (composite)","25-Mar-15",0.115,"","TP",FALSE,"FALSE"
"lake herbert (composite)","25-Mar-15",0.13,"","NH4N",FALSE,"FALSE"
"lake herbert (composite)","25-Mar-15",1.93,"","TN",FALSE,"FALSE"
"lake herbert (composite)","25-Mar-15",22,"","CHLA",FALSE,"FALSE"
"lake herbert (composite)","25-Mar-15",8,"","ECOLI",FALSE,"FALSE"
"lake herbert (composite)","27-Sep-17",0.02,"","NH4N",FALSE,"FALSE"
"lake herbert (composite)","27-Sep-17",0.044,"","TP",FALSE,"FALSE"
"lake herbert (composite)","27-Sep-17",0.87,"","TN",FALSE,"FALSE"
"lake herbert (composite)","27-Sep-17",2.9,"","CHLA",FALSE,"FALSE"
"lake herbert (composite)","28-Sep-15",0.06,"","NH4N",FALSE,"FALSE"
"lake herbert (composite)","28-Sep-15",0.104,"","TP",FALSE,"FALSE"
"lake herbert (composite)","28-Sep-15",1.11,"","TN",FALSE,"FALSE"
"lake herbert (composite)","28-Sep-15",3.4,"","CHLA",FALSE,"FALSE"
"lake herbert (composite)","28-Sep-15",8,"","ECOLI",FALSE,"FALSE"
"lake horowhenua composite","01-Aug-13",0.02,"","NH4N",FALSE,"FALSE"
"lake horowhenua composite","01-Aug-13",0.023,"","TP",FALSE,"FALSE"
"lake horowhenua composite","01-Aug-13",3.283,"","TN",FALSE,"FALSE"
"lake horowhenua composite","01-Aug-13",4,"","ECOLI",FALSE,"FALSE"
"lake horowhenua composite","01-Aug-13",7.4,"","CHLA",FALSE,"FALSE"
"lake horowhenua composite","03-Sep-14",0.04,"","TP",FALSE,"FALSE"
"lake horowhenua composite","03-Sep-14",0.051,"","NH4N",FALSE,"FALSE"
"lake horowhenua composite","03-Sep-14",3.179,"","TN",FALSE,"FALSE"
"lake horowhenua composite","03-Sep-14",4,"","ECOLI",TRUE,"Left"
"lake horowhenua composite","03-Sep-14",4.3,"","CHLA",FALSE,"FALSE"
"lake horowhenua composite","04-Oct-16",0.02,"","NH4N",FALSE,"FALSE"
"lake horowhenua composite","04-Oct-16",0.048,"","TP",FALSE,"FALSE"
"lake horowhenua composite","04-Oct-16",2.59,"","TN",FALSE,"FALSE"
"lake horowhenua composite","04-Oct-16",24,"","CHLA",FALSE,"FALSE"
"lake horowhenua composite","04-Oct-16",4,"","ECOLI",TRUE,"Left"
"lake horowhenua composite","05-Aug-14",0.01,"","NH4N",TRUE,"Left"
"lake horowhenua composite","05-Aug-14",0.057,"","TP",FALSE,"FALSE"
"lake horowhenua composite","05-Aug-14",2.99,"","TN",FALSE,"FALSE"
"lake horowhenua composite","05-Aug-14",7,"","CHLA",FALSE,"FALSE"
"lake horowhenua composite","05-Aug-14",97,"","ECOLI",FALSE,"FALSE"
"lake horowhenua composite","05-May-15",0.02,"","NH4N",FALSE,"FALSE"
"lake horowhenua composite","05-May-15",0.102,"","TP",FALSE,"FALSE"
"lake horowhenua composite","05-May-15",1.53,"","TN",FALSE,"FALSE"
"lake horowhenua composite","05-May-15",4,"","ECOLI",FALSE,"FALSE"
"lake horowhenua composite","05-May-15",40,"","CHLA",FALSE,"FALSE"
"lake horowhenua composite","05-Nov-13",0.047,"","NH4N",FALSE,"FALSE"
"lake horowhenua composite","05-Nov-13",0.071,"","TP",FALSE,"FALSE"
"lake horowhenua composite","05-Nov-13",1.595,"","TN",FALSE,"FALSE"
"lake horowhenua composite","05-Nov-13",11.3,"","CHLA",FALSE,"FALSE"
"lake horowhenua composite","05-Nov-13",4,"","ECOLI",TRUE,"Left"
"lake horowhenua composite","06-Dec-13",0.135,"","TP",FALSE,"FALSE"
"lake horowhenua composite","06-Dec-13",0.166,"","NH4N",FALSE,"FALSE"
"lake horowhenua composite","06-Dec-13",2.362,"","TN",FALSE,"FALSE"
"lake horowhenua composite","06-Dec-13",35.1,"","CHLA",FALSE,"FALSE"
"lake horowhenua composite","06-Dec-13",4,"","ECOLI",TRUE,"Left"
"lake horowhenua composite","07-May-14",0.094,"","TP",FALSE,"FALSE"
"lake horowhenua composite","07-May-14",0.133,"","NH4N",FALSE,"FALSE"
"lake horowhenua composite","07-May-14",1.552,"","TN",FALSE,"FALSE"
"lake horowhenua composite","07-May-14",19,"","CHLA",FALSE,"FALSE"
"lake horowhenua composite","07-May-14",8,"","ECOLI",FALSE,"FALSE"
"lake horowhenua composite","07-Nov-14",0.057,"","NH4N",FALSE,"FALSE"
"lake horowhenua composite","07-Nov-14",0.11,"","TP",FALSE,"FALSE"
"lake horowhenua composite","07-Nov-14",1.524,"","TN",FALSE,"FALSE"
"lake horowhenua composite","07-Nov-14",17.8,"","CHLA",FALSE,"FALSE"
"lake horowhenua composite","07-Nov-14",4,"","ECOLI",TRUE,"Left"
"lake horowhenua composite","08-Apr-14",0.163,"","NH4N",FALSE,"FALSE"
"lake horowhenua composite","08-Apr-14",0.338,"","TP",FALSE,"FALSE"
"lake horowhenua composite","08-Apr-14",13.5,"","CHLA",FALSE,"FALSE"
"lake horowhenua composite","08-Apr-14",2.73,"","TN",FALSE,"FALSE"
"lake horowhenua composite","08-Apr-14",4,"","ECOLI",TRUE,"Left"
"lake horowhenua composite","08-Apr-15",0.17,"","NH4N",FALSE,"FALSE"
"lake horowhenua composite","08-Apr-15",0.385,"","TP",FALSE,"FALSE"
"lake horowhenua composite","08-Apr-15",1.86,"","TN",FALSE,"FALSE"
"lake horowhenua composite","08-Apr-15",24,"","CHLA",FALSE,"FALSE"
"lake horowhenua composite","08-Apr-15",4,"","ECOLI",TRUE,"Left"
"lake horowhenua composite","08-Jul-14",0.01,"","NH4N",TRUE,"Left"
"lake horowhenua composite","08-Jul-14",0.07,"","TP",FALSE,"FALSE"
"lake horowhenua composite","08-Jul-14",15.4,"","CHLA",FALSE,"FALSE"
"lake horowhenua composite","08-Jul-14",2.91,"","TN",FALSE,"FALSE"
"lake horowhenua composite","08-Jul-14",21,"","ECOLI",FALSE,"FALSE"
"lake horowhenua composite","08-Sep-15",0.01,"","NH4N",TRUE,"Left"
"lake horowhenua composite","08-Sep-15",0.075,"","TP",FALSE,"FALSE"
"lake horowhenua composite","08-Sep-15",105,"","CHLA",FALSE,"FALSE"
"lake horowhenua composite","08-Sep-15",4,"","ECOLI",FALSE,"FALSE"
"lake horowhenua composite","08-Sep-15",4.7,"","TN",FALSE,"FALSE"
"lake horowhenua composite","09-Nov-16",0.02,"","NH4N",FALSE,"FALSE"
"lake horowhenua composite","09-Nov-16",0.043,"","TP",FALSE,"FALSE"
"lake horowhenua composite","09-Nov-16",2,"","TN",FALSE,"FALSE"
"lake horowhenua composite","09-Nov-16",25,"","ECOLI",FALSE,"FALSE"
"lake horowhenua composite","09-Nov-16",9.4,"","CHLA",FALSE,"FALSE"
"lake horowhenua composite","09-Oct-15",0.03,"","NH4N",FALSE,"FALSE"
"lake horowhenua composite","09-Oct-15",0.11,"","TP",FALSE,"FALSE"
"lake horowhenua composite","09-Oct-15",12,"","CHLA",FALSE,"FALSE"
"lake horowhenua composite","09-Oct-15",3.38,"","TN",FALSE,"FALSE"
"lake horowhenua composite","09-Oct-15",8,"","ECOLI",FALSE,"FALSE"
"lake horowhenua composite","10-Sep-15",0.02,"","NH4N",FALSE,"FALSE"
"lake horowhenua composite","10-Sep-15",0.053,"","TP",FALSE,"FALSE"
"lake horowhenua composite","10-Sep-15",4,"","ECOLI",TRUE,"Left"
"lake horowhenua composite","10-Sep-15",4.27,"","TN",FALSE,"FALSE"
"lake horowhenua composite","10-Sep-15",75,"","CHLA",FALSE,"FALSE"
"lake horowhenua composite","12-Apr-17",0.04,"","NH4N",FALSE,"FALSE"
"lake horowhenua composite","12-Apr-17",0.128,"","TP",FALSE,"FALSE"
"lake horowhenua composite","12-Apr-17",1.93,"","TN",FALSE,"FALSE"
"lake horowhenua composite","12-Apr-17",33,"","CHLA",FALSE,"FALSE"
"lake horowhenua composite","13-Jan-15",0.01,"","NH4N",TRUE,"Left"
"lake horowhenua composite","13-Jan-15",0.254,"","TP",FALSE,"FALSE"
"lake horowhenua composite","13-Jan-15",1.68,"","TN",FALSE,"FALSE"
"lake horowhenua composite","13-Jan-15",4,"","ECOLI",TRUE,"Left"
"lake horowhenua composite","13-Jan-15",90,"","CHLA",FALSE,"FALSE"
"lake horowhenua composite","14-Dec-17",0.04,"","NH4N",FALSE,"FALSE"
"lake horowhenua composite","14-Dec-17",0.249,"","TP",FALSE,"FALSE"
"lake horowhenua composite","14-Dec-17",118,"","CHLA",FALSE,"FALSE"
"lake horowhenua composite","14-Dec-17",2.28,"","TN",FALSE,"FALSE"
"lake horowhenua composite","14-Dec-17",4,"","ECOLI",TRUE,"Left"
"lake horowhenua composite","14-Oct-14",0.01,"","NH4N",TRUE,"Left"
"lake horowhenua composite","14-Oct-14",0.062,"","TP",FALSE,"FALSE"
"lake horowhenua composite","14-Oct-14",16,"","ECOLI",FALSE,"FALSE"
"lake horowhenua composite","14-Oct-14",2.293,"","TN",FALSE,"FALSE"
"lake horowhenua composite","14-Oct-14",48.1,"","CHLA",FALSE,"FALSE"
"lake horowhenua composite","15-Jan-14",0.091,"","NH4N",FALSE,"FALSE"
"lake horowhenua composite","15-Jan-14",0.52,"","TP",FALSE,"FALSE"
"lake horowhenua composite","15-Jan-14",3.212,"","TN",FALSE,"FALSE"
"lake horowhenua composite","15-Jan-14",4,"","ECOLI",TRUE,"Left"
"lake horowhenua composite","15-Jan-14",75.9,"","CHLA",FALSE,"FALSE"
"lake horowhenua composite","15-Nov-17",0.01,"","NH4N",FALSE,"FALSE"
"lake horowhenua composite","15-Nov-17",0.058,"","TP",FALSE,"FALSE"
"lake horowhenua composite","15-Nov-17",1.01,"","TN",FALSE,"FALSE"
"lake horowhenua composite","15-Nov-17",12,"","CHLA",FALSE,"FALSE"
"lake horowhenua composite","15-Nov-17",30,"","ECOLI",FALSE,"FALSE"
"lake horowhenua composite","15-Sep-16",0.03,"","NH4N",FALSE,"FALSE"
"lake horowhenua composite","15-Sep-16",0.062,"","TP",FALSE,"FALSE"
"lake horowhenua composite","15-Sep-16",12,"","ECOLI",FALSE,"FALSE"
"lake horowhenua composite","15-Sep-16",14,"","CHLA",FALSE,"FALSE"
"lake horowhenua composite","15-Sep-16",3.23,"","TN",FALSE,"FALSE"
"lake horowhenua composite","16-Dec-14",0.01,"","NH4N",TRUE,"Left"
"lake horowhenua composite","16-Dec-14",0.098,"","TP",FALSE,"FALSE"
"lake horowhenua composite","16-Dec-14",1.351,"","TN",FALSE,"FALSE"
"lake horowhenua composite","16-Dec-14",23.2,"","CHLA",FALSE,"FALSE"
"lake horowhenua composite","16-Dec-14",4,"","ECOLI",TRUE,"Left"
"lake horowhenua composite","16-Jun-14",0.056,"","TP",FALSE,"FALSE"
"lake horowhenua composite","16-Jun-14",0.068,"","NH4N",FALSE,"FALSE"
"lake horowhenua composite","16-Jun-14",12,"","ECOLI",FALSE,"FALSE"
"lake horowhenua composite","16-Jun-14",2.31,"","TN",FALSE,"FALSE"
"lake horowhenua composite","16-Jun-14",8.2,"","CHLA",FALSE,"FALSE"
"lake horowhenua composite","16-Jun-15",0.01,"","NH4N",TRUE,"Left"
"lake horowhenua composite","16-Jun-15",0.09,"","TP",FALSE,"FALSE"
"lake horowhenua composite","16-Jun-15",23,"","CHLA",FALSE,"FALSE"
"lake horowhenua composite","16-Jun-15",3.79,"","TN",FALSE,"FALSE"
"lake horowhenua composite","16-Jun-15",43,"","ECOLI",FALSE,"FALSE"
"lake horowhenua composite","17-Jul-13",0.01,"","NH4N",TRUE,"Left"
"lake horowhenua composite","17-Jul-13",0.057,"","TP",FALSE,"FALSE"
"lake horowhenua composite","17-Jul-13",12,"","ECOLI",FALSE,"FALSE"
"lake horowhenua composite","17-Jul-13",2.467,"","TN",FALSE,"FALSE"
"lake horowhenua composite","17-Jul-13",7,"","CHLA",FALSE,"FALSE"
"lake horowhenua composite","17-May-16",0.67,"","TP",FALSE,"FALSE"
"lake horowhenua composite","17-May-16",1.34,"","NH4N",FALSE,"FALSE"
"lake horowhenua composite","17-May-16",4.18,"","TN",FALSE,"FALSE"
"lake horowhenua composite","17-May-16",45,"","CHLA",FALSE,"FALSE"
"lake horowhenua composite","17-May-16",80,"","ECOLI",FALSE,"FALSE"
"lake horowhenua composite","18-Feb-19",0.01,"","NH4N",TRUE,"Left"
"lake horowhenua composite","18-Feb-19",0.663,"","TP",FALSE,"FALSE"
"lake horowhenua composite","18-Feb-19",1.37,"","TN",FALSE,"FALSE"
"lake horowhenua composite","18-Feb-19",31,"","CHLA",FALSE,"FALSE"
"lake horowhenua composite","18-Feb-19",4,"","ECOLI",TRUE,"Left"
"lake horowhenua composite","18-Jul-17",0.131,"","TP",FALSE,"FALSE"
"lake horowhenua composite","18-Jul-17",230,"","ECOLI",FALSE,"FALSE"
"lake horowhenua composite","18-Jul-17",25,"","CHLA",FALSE,"FALSE"
"lake horowhenua composite","18-Jul-17",3,"","NH4N",FALSE,"FALSE"
"lake horowhenua composite","18-Jul-17",3.57,"","TN",FALSE,"FALSE"
"lake horowhenua composite","18-Nov-15",0.03,"","NH4N",FALSE,"FALSE"
"lake horowhenua composite","18-Nov-15",0.067,"","TP",FALSE,"FALSE"
"lake horowhenua composite","18-Nov-15",1.12,"","TN",FALSE,"FALSE"
"lake horowhenua composite","18-Nov-15",4,"","ECOLI",FALSE,"FALSE"
"lake horowhenua composite","18-Nov-15",8.1,"","CHLA",FALSE,"FALSE"
"lake horowhenua composite","19-Apr-16",0.01,"","NH4N",TRUE,"Left"
"lake horowhenua composite","19-Apr-16",0.87,"","TP",FALSE,"FALSE"
"lake horowhenua composite","19-Apr-16",16,"","ECOLI",FALSE,"FALSE"
"lake horowhenua composite","19-Apr-16",172,"","CHLA",FALSE,"FALSE"
"lake horowhenua composite","19-Apr-16",3.36,"","TN",FALSE,"FALSE"
"lake horowhenua composite","19-Apr-18",0.11,"","NH4N",FALSE,"FALSE"
"lake horowhenua composite","19-Apr-18",0.403,"","TP",FALSE,"FALSE"
"lake horowhenua composite","19-Apr-18",14,"","CHLA",FALSE,"FALSE"
"lake horowhenua composite","19-Apr-18",2.36,"","TN",FALSE,"FALSE"
"lake horowhenua composite","19-Apr-18",21,"","ECOLI",FALSE,"FALSE"
"lake horowhenua composite","19-Oct-17",0.01,"","NH4N",TRUE,"Left"
"lake horowhenua composite","19-Oct-17",0.053,"","TP",FALSE,"FALSE"
"lake horowhenua composite","19-Oct-17",12,"","ECOLI",FALSE,"FALSE"
"lake horowhenua composite","19-Oct-17",21,"","CHLA",FALSE,"FALSE"
"lake horowhenua composite","19-Oct-17",3.36,"","TN",FALSE,"FALSE"
"lake horowhenua composite","20-Dec-16",0.05,"","NH4N",FALSE,"FALSE"
"lake horowhenua composite","20-Dec-16",0.065,"","TP",FALSE,"FALSE"
"lake horowhenua composite","20-Dec-16",2.21,"","TN",FALSE,"FALSE"
"lake horowhenua composite","20-Dec-16",28,"","CHLA",FALSE,"FALSE"
"lake horowhenua composite","20-Dec-16",4,"","ECOLI",TRUE,"Left"
"lake horowhenua composite","20-Sep-17",0.01,"","NH4N",TRUE,"Left"
"lake horowhenua composite","20-Sep-17",0.106,"","TP",FALSE,"FALSE"
"lake horowhenua composite","20-Sep-17",16,"","ECOLI",FALSE,"FALSE"
"lake horowhenua composite","20-Sep-17",18,"","CHLA",FALSE,"FALSE"
"lake horowhenua composite","20-Sep-17",3.99,"","TN",FALSE,"FALSE"
"lake horowhenua composite","21-Jan-16",0.03,"","NH4N",FALSE,"FALSE"
"lake horowhenua composite","21-Jan-16",0.333,"","TP",FALSE,"FALSE"
"lake horowhenua composite","21-Jan-16",2.22,"","TN",FALSE,"FALSE"
"lake horowhenua composite","21-Jan-16",4,"","ECOLI",TRUE,"Left"
"lake horowhenua composite","21-Jan-16",80,"","CHLA",FALSE,"FALSE"
"lake horowhenua composite","21-Jun-17",0.079,"","TP",FALSE,"FALSE"
"lake horowhenua composite","21-Jun-17",0.14,"","NH4N",FALSE,"FALSE"
"lake horowhenua composite","21-Jun-17",1.9,"","CHLA",TRUE,"Left"
"lake horowhenua composite","21-Jun-17",3.9,"","TN",FALSE,"FALSE"
"lake horowhenua composite","21-Jun-17",39,"","ECOLI",FALSE,"FALSE"
"lake horowhenua composite","22-Aug-17",0.05,"","NH4N",FALSE,"FALSE"
"lake horowhenua composite","22-Aug-17",0.096,"","TP",FALSE,"FALSE"
"lake horowhenua composite","22-Aug-17",2.99,"","TN",FALSE,"FALSE"
"lake horowhenua composite","22-Aug-17",21,"","ECOLI",FALSE,"FALSE"
"lake horowhenua composite","22-Aug-17",38,"","CHLA",FALSE,"FALSE"
"lake horowhenua composite","22-Dec-15",0.08,"","NH4N",FALSE,"FALSE"
"lake horowhenua composite","22-Dec-15",0.146,"","TP",FALSE,"FALSE"
"lake horowhenua composite","22-Dec-15",1.54,"","TN",FALSE,"FALSE"
"lake horowhenua composite","22-Dec-15",13,"","CHLA",FALSE,"FALSE"
"lake horowhenua composite","22-Dec-15",4,"","ECOLI",TRUE,"Left"
"lake horowhenua composite","22-Mar-16",0.01,"","NH4N",TRUE,"Left"
"lake horowhenua composite","22-Mar-16",0.773,"","TP",FALSE,"FALSE"
"lake horowhenua composite","22-Mar-16",2.23,"","TN",FALSE,"FALSE"
"lake horowhenua composite","22-Mar-16",4,"","ECOLI",TRUE,"Left"
"lake horowhenua composite","22-Mar-16",718,"","CHLA",FALSE,"FALSE"
"lake horowhenua composite","22-Sep-15",0.01,"","NH4N",TRUE,"Left"
"lake horowhenua composite","22-Sep-15",0.093,"","TP",FALSE,"FALSE"
"lake horowhenua composite","22-Sep-15",100,"","ECOLI",FALSE,"FALSE"
"lake horowhenua composite","22-Sep-15",3.86,"","TN",FALSE,"FALSE"
"lake horowhenua composite","22-Sep-15",96,"","CHLA",FALSE,"FALSE"
"lake horowhenua composite","23-Aug-16",0.01,"","NH4N",FALSE,"FALSE"
"lake horowhenua composite","23-Aug-16",0.07,"","TP",FALSE,"FALSE"
"lake horowhenua composite","23-Aug-16",18,"","CHLA",FALSE,"FALSE"
"lake horowhenua composite","23-Aug-16",4.08,"","TN",FALSE,"FALSE"
"lake horowhenua composite","23-Aug-16",8,"","ECOLI",FALSE,"FALSE"
"lake horowhenua composite","23-Jun-16",0.02,"","NH4N",FALSE,"FALSE"
"lake horowhenua composite","23-Jun-16",0.141,"","TP",FALSE,"FALSE"
"lake horowhenua composite","23-Jun-16",2.87,"","TN",FALSE,"FALSE"
"lake horowhenua composite","23-Jun-16",21,"","ECOLI",FALSE,"FALSE"
"lake horowhenua composite","23-Jun-16",36,"","CHLA",FALSE,"FALSE"
"lake horowhenua composite","24-Feb-15",0.02,"","NH4N",FALSE,"FALSE"
"lake horowhenua composite","24-Feb-15",0.79,"","TP",FALSE,"FALSE"
"lake horowhenua composite","24-Feb-15",1.83,"","TN",FALSE,"FALSE"
"lake horowhenua composite","24-Feb-15",38,"","CHLA",FALSE,"FALSE"
"lake horowhenua composite","24-Feb-15",4,"","ECOLI",TRUE,"Left"
"lake horowhenua composite","24-Feb-16",0.34,"","NH4N",FALSE,"FALSE"
"lake horowhenua composite","24-Feb-16",1.33,"","TP",FALSE,"FALSE"
"lake horowhenua composite","24-Feb-16",2.76,"","TN",FALSE,"FALSE"
"lake horowhenua composite","24-Feb-16",4,"","ECOLI",TRUE,"Left"
"lake horowhenua composite","24-Feb-16",66,"","CHLA",FALSE,"FALSE"
"lake horowhenua composite","25-Mar-15",0.05,"","NH4N",FALSE,"FALSE"
"lake horowhenua composite","25-Mar-15",0.438,"","TP",FALSE,"FALSE"
"lake horowhenua composite","25-Mar-15",2.26,"","TN",FALSE,"FALSE"
"lake horowhenua composite","25-Mar-15",4,"","ECOLI",TRUE,"Left"
"lake horowhenua composite","25-Mar-15",41,"","CHLA",FALSE,"FALSE"
"lake horowhenua composite","27-Aug-15",0.01,"","NH4N",TRUE,"Left"
"lake horowhenua composite","27-Aug-15",0.051,"","TP",FALSE,"FALSE"
"lake horowhenua composite","27-Aug-15",18,"","CHLA",FALSE,"FALSE"
"lake horowhenua composite","27-Aug-15",4.67,"","TN",FALSE,"FALSE"
"lake horowhenua composite","27-Aug-15",8,"","ECOLI",FALSE,"FALSE"
"lake horowhenua composite","27-Aug-18",0.02,"","NH4N",FALSE,"FALSE"
"lake horowhenua composite","27-Aug-18",0.051,"","TP",FALSE,"FALSE"
"lake horowhenua composite","27-Aug-18",19,"","CHLA",FALSE,"FALSE"
"lake horowhenua composite","27-Aug-18",3.12,"","TN",FALSE,"FALSE"
"lake horowhenua composite","27-Aug-18",4,"","ECOLI",TRUE,"Left"
"lake horowhenua composite","27-Feb-14",0.292,"","NH4N",FALSE,"FALSE"
"lake horowhenua composite","27-Feb-14",0.45,"","TP",FALSE,"FALSE"
"lake horowhenua composite","27-Feb-14",108.1,"","CHLA",FALSE,"FALSE"
"lake horowhenua composite","27-Feb-14",3.77,"","TN",FALSE,"FALSE"
"lake horowhenua composite","27-Feb-14",4,"","ECOLI",TRUE,"Left"
"lake horowhenua composite","27-Feb-17",0.291,"","TP",FALSE,"FALSE"
"lake horowhenua composite","27-Feb-17",0.42,"","NH4N",FALSE,"FALSE"
"lake horowhenua composite","27-Feb-17",2.22,"","TN",FALSE,"FALSE"
"lake horowhenua composite","27-Feb-17",25,"","CHLA",FALSE,"FALSE"
"lake horowhenua composite","27-Feb-17",4,"","ECOLI",TRUE,"Left"
"lake horowhenua composite","27-Jul-16",0.01,"","NH4N",TRUE,"Left"
"lake horowhenua composite","27-Jul-16",0.115,"","TP",FALSE,"FALSE"
"lake horowhenua composite","27-Jul-16",19,"","CHLA",FALSE,"FALSE"
"lake horowhenua composite","27-Jul-16",4.05,"","TN",FALSE,"FALSE"
"lake horowhenua composite","27-Jul-16",88,"","ECOLI",FALSE,"FALSE"
"lake horowhenua composite","27-Jul-18",0.03,"","NH4N",FALSE,"FALSE"
"lake horowhenua composite","27-Jul-18",0.076,"","TP",FALSE,"FALSE"
"lake horowhenua composite","27-Jul-18",11,"","CHLA",FALSE,"FALSE"
"lake horowhenua composite","27-Jul-18",3.64,"","TN",FALSE,"FALSE"
"lake horowhenua composite","27-Jul-18",34,"","ECOLI",FALSE,"FALSE"
"lake horowhenua composite","28-Feb-18",0.19,"","NH4N",FALSE,"FALSE"
"lake horowhenua composite","28-Feb-18",1.32,"","TP",FALSE,"FALSE"
"lake horowhenua composite","28-Feb-18",3.06,"","TN",FALSE,"FALSE"
"lake horowhenua composite","28-Feb-18",63,"","CHLA",FALSE,"FALSE"
"lake horowhenua composite","28-Feb-18",8,"","ECOLI",FALSE,"FALSE"
"lake horowhenua composite","28-Sep-18",0.03,"","NH4N",FALSE,"FALSE"
"lake horowhenua composite","28-Sep-18",0.054,"","TP",FALSE,"FALSE"
"lake horowhenua composite","28-Sep-18",2.9,"","TN",FALSE,"FALSE"
"lake horowhenua composite","28-Sep-18",4.1,"","CHLA",FALSE,"FALSE"
"lake horowhenua composite","28-Sep-18",8,"","ECOLI",FALSE,"FALSE"
"lake horowhenua composite","29-May-17",0.01,"","NH4N",FALSE,"FALSE"
"lake horowhenua composite","29-May-17",0.071,"","TP",FALSE,"FALSE"
"lake horowhenua composite","29-May-17",25,"","ECOLI",FALSE,"FALSE"
"lake horowhenua composite","29-May-17",3.09,"","TN",FALSE,"FALSE"
"lake horowhenua composite","29-May-17",35,"","CHLA",FALSE,"FALSE"
"lake horowhenua composite","30-Jan-17",0.01,"","NH4N",TRUE,"Left"
"lake horowhenua composite","30-Jan-17",0.166,"","TP",FALSE,"FALSE"
"lake horowhenua composite","30-Jan-17",1.71,"","TN",FALSE,"FALSE"
"lake horowhenua composite","30-Jan-17",4,"","ECOLI",TRUE,"Left"
"lake horowhenua composite","30-Jan-17",77,"","CHLA",FALSE,"FALSE"
"lake horowhenua composite","30-Jul-15",0.03,"","NH4N",FALSE,"FALSE"
"lake horowhenua composite","30-Jul-15",0.07,"","TP",FALSE,"FALSE"
"lake horowhenua composite","30-Jul-15",16,"","ECOLI",FALSE,"FALSE"
"lake horowhenua composite","30-Jul-15",4.31,"","TN",FALSE,"FALSE"
"lake horowhenua composite","30-Jul-15",5,"","CHLA",FALSE,"FALSE"
"lake horowhenua composite","30-Mar-17",0.01,"","NH4N",TRUE,"Left"
"lake horowhenua composite","30-Mar-17",0.341,"","TP",FALSE,"FALSE"
"lake horowhenua composite","30-Mar-17",146,"","CHLA",FALSE,"FALSE"
"lake horowhenua composite","30-Mar-17",2.31,"","TN",FALSE,"FALSE"
"lake horowhenua composite","30-Mar-17",4,"","ECOLI",FALSE,"FALSE"
"lake horowhenua composite","30-Oct-13",0.01,"","NH4N",TRUE,"Left"
"lake horowhenua composite","30-Oct-13",0.041,"","TP",FALSE,"FALSE"
"lake horowhenua composite","30-Oct-13",1.472,"","TN",FALSE,"FALSE"
"lake horowhenua composite","30-Oct-13",4,"","ECOLI",TRUE,"Left"
"lake horowhenua composite","30-Oct-13",7.4,"","CHLA",FALSE,"FALSE"
"lake pauri composite","04-Feb-14",0,"","NH4N",FALSE,"FALSE"
"lake pauri composite","04-Feb-14",0.059,"","TP",FALSE,"FALSE"
"lake pauri composite","04-Feb-14",0.971,"","TN",FALSE,"FALSE"
"lake pauri composite","04-Feb-14",20.9,"","CHLA",FALSE,"FALSE"
"lake pauri composite","04-Feb-14",4,"","ECOLI",FALSE,"FALSE"
"lake pauri composite","13-Aug-15",0.01,"","NH4N",TRUE,"Left"
"lake pauri composite","13-Aug-15",0.097,"","TP",FALSE,"FALSE"
"lake pauri composite","13-Aug-15",1.52,"","TN",FALSE,"FALSE"
"lake pauri composite","13-Aug-15",1.9,"","CHLA",TRUE,"Left"
"lake pauri composite","13-Aug-15",160,"","ECOLI",FALSE,"FALSE"
"lake pauri composite","14-Feb-19",0.02,"","NH4N",FALSE,"FALSE"
"lake pauri composite","14-Feb-19",0.046,"","TP",FALSE,"FALSE"
"lake pauri composite","14-Feb-19",1.03,"","TN",FALSE,"FALSE"
"lake pauri composite","14-Feb-19",21,"","CHLA",FALSE,"FALSE"
"lake pauri composite","14-Feb-19",4,"","ECOLI",TRUE,"Left"
"lake pauri composite","14-Nov-14",0.043,"","TP",FALSE,"FALSE"
"lake pauri composite","14-Nov-14",0.048,"","NH4N",FALSE,"FALSE"
"lake pauri composite","14-Nov-14",0.969,"","TN",FALSE,"FALSE"
"lake pauri composite","14-Nov-14",2.2,"","CHLA",FALSE,"FALSE"
"lake pauri composite","14-Nov-14",4,"","ECOLI",FALSE,"FALSE"
"lake pauri composite","16-Aug-18",0.05,"","TP",FALSE,"FALSE"
"lake pauri composite","16-Aug-18",0.06,"","NH4N",FALSE,"FALSE"
"lake pauri composite","16-Aug-18",1.28,"","TN",FALSE,"FALSE"
"lake pauri composite","16-Aug-18",1.9,"","CHLA",TRUE,"Left"
"lake pauri composite","16-Aug-18",21,"","ECOLI",FALSE,"FALSE"
"lake pauri composite","16-Nov-17",0.05,"","NH4N",FALSE,"FALSE"
"lake pauri composite","16-Nov-17",0.072,"","TP",FALSE,"FALSE"
"lake pauri composite","16-Nov-17",0.98,"","TN",FALSE,"FALSE"
"lake pauri composite","16-Nov-17",7.9,"","CHLA",FALSE,"FALSE"
"lake pauri composite","17-May-16",0.03,"","NH4N",FALSE,"FALSE"
"lake pauri composite","17-May-16",0.051,"","TP",FALSE,"FALSE"
"lake pauri composite","17-May-16",1,"","TN",FALSE,"FALSE"
"lake pauri composite","17-May-16",16,"","ECOLI",FALSE,"FALSE"
"lake pauri composite","17-May-16",3.8,"","CHLA",FALSE,"FALSE"
"lake pauri composite","21-Nov-18",0.01,"","NH4N",TRUE,"Left"
"lake pauri composite","21-Nov-18",0.11,"","TP",FALSE,"FALSE"
"lake pauri composite","21-Nov-18",1.86,"","TN",FALSE,"FALSE"
"lake pauri composite","21-Nov-18",172,"","CHLA",FALSE,"FALSE"
"lake pauri composite","21-Nov-18",4,"","ECOLI",TRUE,"Left"
"lake pauri composite","22-Feb-17",0.071,"","TP",FALSE,"FALSE"
"lake pauri composite","22-Feb-17",0.1,"","NH4N",FALSE,"FALSE"
"lake pauri composite","22-Feb-17",1.24,"","TN",FALSE,"FALSE"
"lake pauri composite","22-Feb-17",29,"","CHLA",FALSE,"FALSE"
"lake pauri composite","22-Feb-17",4,"","ECOLI",TRUE,"Left"
"lake pauri composite","22-May-14",0.027,"","NH4N",FALSE,"FALSE"
"lake pauri composite","22-May-14",0.029,"","TP",FALSE,"FALSE"
"lake pauri composite","22-May-14",0.968,"","TN",FALSE,"FALSE"
"lake pauri composite","22-May-14",2.7,"","CHLA",FALSE,"FALSE"
"lake pauri composite","22-May-14",8,"","ECOLI",FALSE,"FALSE"
"lake pauri composite","24-Feb-15",0.03,"","NH4N",FALSE,"FALSE"
"lake pauri composite","24-Feb-15",0.039,"","TP",FALSE,"FALSE"
"lake pauri composite","24-Feb-15",0.91,"","TN",FALSE,"FALSE"
"lake pauri composite","24-Feb-15",1.9,"","CHLA",TRUE,"Left"
"lake pauri composite","24-Feb-15",4,"","ECOLI",TRUE,"Left"
"lake pauri composite","24-May-17",0.059,"","TP",FALSE,"FALSE"
"lake pauri composite","24-May-17",0.06,"","NH4N",FALSE,"FALSE"
"lake pauri composite","24-May-17",1.18,"","TN",FALSE,"FALSE"
"lake pauri composite","24-May-17",12,"","ECOLI",FALSE,"FALSE"
"lake pauri composite","24-May-17",3.1,"","CHLA",FALSE,"FALSE"
"lake pauri composite","24-Nov-16",0.01,"","NH4N",TRUE,"Left"
"lake pauri composite","24-Nov-16",0.068,"","TP",FALSE,"FALSE"
"lake pauri composite","24-Nov-16",1.1,"","TN",FALSE,"FALSE"
"lake pauri composite","24-Nov-16",26,"","CHLA",FALSE,"FALSE"
"lake pauri composite","24-Nov-16",4,"","ECOLI",TRUE,"Left"
"lake pauri composite","25-Feb-16",0.01,"","NH4N",FALSE,"FALSE"
"lake pauri composite","25-Feb-16",0.075,"","TP",FALSE,"FALSE"
"lake pauri composite","25-Feb-16",0.94,"","TN",FALSE,"FALSE"
"lake pauri composite","25-Feb-16",11,"","CHLA",FALSE,"FALSE"
"lake pauri composite","25-Feb-16",4,"","ECOLI",TRUE,"Left"
"lake pauri composite","26-Aug-14",0,"","ECOLI",FALSE,"FALSE"
"lake pauri composite","26-Aug-14",0.036,"","TP",FALSE,"FALSE"
"lake pauri composite","26-Aug-14",0.039,"","NH4N",FALSE,"FALSE"
"lake pauri composite","26-Aug-14",1.382,"","TN",FALSE,"FALSE"
"lake pauri composite","26-Aug-14",2,"","CHLA",FALSE,"FALSE"
"lake pauri composite","28-Feb-18",0.043,"","TP",FALSE,"FALSE"
"lake pauri composite","28-Feb-18",0.05,"","NH4N",FALSE,"FALSE"
"lake pauri composite","28-Feb-18",0.94,"","TN",FALSE,"FALSE"
"lake pauri composite","28-Feb-18",6.2,"","CHLA",FALSE,"FALSE"
"lake pauri composite","28-May-15",0.02,"","NH4N",FALSE,"FALSE"
"lake pauri composite","28-May-15",0.076,"","TP",FALSE,"FALSE"
"lake pauri composite","28-May-15",1.46,"","TN",FALSE,"FALSE"
"lake pauri composite","28-May-15",2,"","CHLA",TRUE,"Left"
"lake pauri composite","28-May-15",4,"","ECOLI",FALSE,"FALSE"
"lake pauri composite","29-May-18",0.02,"","NH4N",FALSE,"FALSE"
"lake pauri composite","29-May-18",0.053,"","TP",FALSE,"FALSE"
"lake pauri composite","29-May-18",1.26,"","TN",FALSE,"FALSE"
"lake pauri composite","29-May-18",4.3,"","CHLA",FALSE,"FALSE"
"lake pauri composite","29-May-18",54,"","ECOLI",FALSE,"FALSE"
"lake pauri composite","29-Oct-15",0.04,"","NH4N",FALSE,"FALSE"
"lake pauri composite","29-Oct-15",0.076,"","TP",FALSE,"FALSE"
"lake pauri composite","29-Oct-15",1.06,"","TN",FALSE,"FALSE"
"lake pauri composite","29-Oct-15",4,"","ECOLI",TRUE,"Left"
"lake pauri composite","29-Oct-15",6.2,"","CHLA",FALSE,"FALSE"
"lake pauri composite","30-Aug-16",0.03,"","NH4N",FALSE,"FALSE"
"lake pauri composite","30-Aug-16",0.054,"","TP",FALSE,"FALSE"
"lake pauri composite","30-Aug-16",1.27,"","TN",FALSE,"FALSE"
"lake pauri composite","30-Aug-16",16,"","CHLA",FALSE,"FALSE"
"lake pauri composite","30-Aug-16",4,"","ECOLI",FALSE,"FALSE"
"lake westmere (composite)","02-Aug-16",0.049,"","TP",FALSE,"FALSE"
"lake westmere (composite)","02-Aug-16",0.19,"","NH4N",FALSE,"FALSE"
"lake westmere (composite)","02-Aug-16",1.45,"","TN",FALSE,"FALSE"
"lake westmere (composite)","02-Aug-16",11,"","CHLA",FALSE,"FALSE"
"lake westmere (composite)","02-Aug-16",8,"","ECOLI",FALSE,"FALSE"
"lake westmere (composite)","03-Mar-16",0.01,"","NH4N",FALSE,"FALSE"
"lake westmere (composite)","03-Mar-16",0.176,"","TP",FALSE,"FALSE"
"lake westmere (composite)","03-Mar-16",1.56,"","TN",FALSE,"FALSE"
"lake westmere (composite)","03-Mar-16",4,"","ECOLI",TRUE,"Left"
"lake westmere (composite)","03-Mar-16",49,"","CHLA",FALSE,"FALSE"
"lake westmere (composite)","07-Dec-18",0.05,"","NH4N",FALSE,"FALSE"
"lake westmere (composite)","07-Dec-18",0.065,"","TP",FALSE,"FALSE"
"lake westmere (composite)","07-Dec-18",0.65,"","TN",FALSE,"FALSE"
"lake westmere (composite)","07-Dec-18",12,"","CHLA",FALSE,"FALSE"
"lake westmere (composite)","07-Dec-18",4,"","ECOLI",FALSE,"FALSE"
"lake westmere (composite)","13-Dec-16",0.06,"","NH4N",FALSE,"FALSE"
"lake westmere (composite)","13-Dec-16",0.06,"","TP",FALSE,"FALSE"
"lake westmere (composite)","13-Dec-16",0.74,"","TN",FALSE,"FALSE"
"lake westmere (composite)","13-Dec-16",12,"","ECOLI",FALSE,"FALSE"
"lake westmere (composite)","13-Dec-16",14,"","CHLA",FALSE,"FALSE"
"lake westmere (composite)","14-Sep-18",0.055,"","TP",FALSE,"FALSE"
"lake westmere (composite)","14-Sep-18",0.19,"","NH4N",FALSE,"FALSE"
"lake westmere (composite)","14-Sep-18",1.4,"","TN",FALSE,"FALSE"
"lake westmere (composite)","14-Sep-18",12,"","ECOLI",FALSE,"FALSE"
"lake westmere (composite)","14-Sep-18",4.3,"","CHLA",FALSE,"FALSE"
"lake westmere (composite)","15-Mar-17",0.04,"","NH4N",FALSE,"FALSE"
"lake westmere (composite)","15-Mar-17",0.084,"","TP",FALSE,"FALSE"
"lake westmere (composite)","15-Mar-17",0.63,"","TN",FALSE,"FALSE"
"lake westmere (composite)","15-Mar-17",25,"","ECOLI",FALSE,"FALSE"
"lake westmere (composite)","15-Mar-17",5,"","CHLA",FALSE,"FALSE"
"lake westmere (composite)","17-Jul-18",0.081,"","TP",FALSE,"FALSE"
"lake westmere (composite)","17-Jul-18",0.57,"","NH4N",FALSE,"FALSE"
"lake westmere (composite)","17-Jul-18",1.96,"","TN",FALSE,"FALSE"
"lake westmere (composite)","17-Jul-18",3.4,"","CHLA",FALSE,"FALSE"
"lake westmere (composite)","17-Jul-18",8,"","ECOLI",FALSE,"FALSE"
"lake westmere (composite)","21-Dec-17",0.01,"","NH4N",TRUE,"Left"
"lake westmere (composite)","21-Dec-17",0.154,"","TP",FALSE,"FALSE"
"lake westmere (composite)","21-Dec-17",1.94,"","TN",FALSE,"FALSE"
"lake westmere (composite)","21-Dec-17",58,"","CHLA",FALSE,"FALSE"
"lake westmere (composite)","21-Sep-16",0.037,"","TP",FALSE,"FALSE"
"lake westmere (composite)","21-Sep-16",0.12,"","NH4N",FALSE,"FALSE"
"lake westmere (composite)","21-Sep-16",0.97,"","TN",FALSE,"FALSE"
"lake westmere (composite)","21-Sep-16",2.6,"","CHLA",FALSE,"FALSE"
"lake westmere (composite)","21-Sep-16",44,"","ECOLI",FALSE,"FALSE"
"lake westmere (composite)","23-Mar-18",0.199,"","TP",FALSE,"FALSE"
"lake westmere (composite)","23-Mar-18",0.75,"","NH4N",FALSE,"FALSE"
"lake westmere (composite)","23-Mar-18",1.78,"","TN",FALSE,"FALSE"
"lake westmere (composite)","23-Mar-18",33,"","CHLA",FALSE,"FALSE"
"lake westmere (composite)","27-Sep-17",0.03,"","NH4N",FALSE,"FALSE"
"lake westmere (composite)","27-Sep-17",0.049,"","TP",FALSE,"FALSE"
"lake westmere (composite)","27-Sep-17",1.08,"","TN",FALSE,"FALSE"
"lake westmere (composite)","27-Sep-17",11,"","CHLA",FALSE,"FALSE"
"lake william (composite)","02-Aug-16",0.04,"","NH4N",FALSE,"FALSE"
"lake william (composite)","02-Aug-16",0.072,"","TP",FALSE,"FALSE"
"lake william (composite)","02-Aug-16",1.99,"","TN",FALSE,"FALSE"
"lake william (composite)","02-Aug-16",3.6,"","CHLA",FALSE,"FALSE"
"lake william (composite)","02-Aug-16",54,"","ECOLI",FALSE,"FALSE"
"lake william (composite)","03-Mar-16",0.06,"","NH4N",FALSE,"FALSE"
"lake william (composite)","03-Mar-16",0.155,"","TP",FALSE,"FALSE"
"lake william (composite)","03-Mar-16",1.01,"","TN",FALSE,"FALSE"
"lake william (composite)","03-Mar-16",14,"","CHLA",FALSE,"FALSE"
"lake william (composite)","03-Mar-16",4,"","ECOLI",TRUE,"Left"
"lake william (composite)","07-Dec-18",0.01,"","NH4N",TRUE,"Left"
"lake william (composite)","07-Dec-18",0.156,"","TP",FALSE,"FALSE"
"lake william (composite)","07-Dec-18",1.73,"","TN",FALSE,"FALSE"
"lake william (composite)","07-Dec-18",43,"","CHLA",FALSE,"FALSE"
"lake william (composite)","07-Dec-18",8,"","ECOLI",FALSE,"FALSE"
"lake william (composite)","13-Dec-16",0.098,"","TP",FALSE,"FALSE"
"lake william (composite)","13-Dec-16",0.97,"","TN",FALSE,"FALSE"
"lake william (composite)","13-Dec-16",12,"","ECOLI",FALSE,"FALSE"
"lake william (composite)","13-Dec-16",24,"","CHLA",FALSE,"FALSE"
"lake william (composite)","14-Sep-18",0.072,"","TP",FALSE,"FALSE"
"lake william (composite)","14-Sep-18",0.12,"","NH4N",FALSE,"FALSE"
"lake william (composite)","14-Sep-18",1.42,"","TN",FALSE,"FALSE"
"lake william (composite)","14-Sep-18",4,"","ECOLI",FALSE,"FALSE"
"lake william (composite)","14-Sep-18",8.2,"","CHLA",FALSE,"FALSE"
"lake william (composite)","15-Mar-17",0.124,"","TP",FALSE,"FALSE"
"lake william (composite)","15-Mar-17",1.36,"","TN",FALSE,"FALSE"
"lake william (composite)","15-Mar-17",71,"","CHLA",FALSE,"FALSE"
"lake william (composite)","15-Mar-17",8,"","ECOLI",FALSE,"FALSE"
"lake william (composite)","17-Dec-15",0.05,"","NH4N",FALSE,"FALSE"
"lake william (composite)","17-Dec-15",0.116,"","TP",FALSE,"FALSE"
"lake william (composite)","17-Dec-15",1.25,"","TN",FALSE,"FALSE"
"lake william (composite)","17-Dec-15",8,"","ECOLI",FALSE,"FALSE"
"lake william (composite)","17-Jul-18",0.05,"","NH4N",FALSE,"FALSE"
"lake william (composite)","17-Jul-18",0.087,"","TP",FALSE,"FALSE"
"lake william (composite)","17-Jul-18",1.87,"","TN",FALSE,"FALSE"
"lake william (composite)","17-Jul-18",2.8,"","CHLA",FALSE,"FALSE"
"lake william (composite)","17-Jul-18",4,"","ECOLI",FALSE,"FALSE"
"lake william (composite)","21-Dec-17",0.01,"","NH4N",TRUE,"Left"
"lake william (composite)","21-Dec-17",0.116,"","TP",FALSE,"FALSE"
"lake william (composite)","21-Dec-17",1.62,"","TN",FALSE,"FALSE"
"lake william (composite)","21-Dec-17",51,"","CHLA",FALSE,"FALSE"
"lake william (composite)","21-Sep-16",0.04,"","NH4N",FALSE,"FALSE"
"lake william (composite)","21-Sep-16",0.058,"","TP",FALSE,"FALSE"
"lake william (composite)","21-Sep-16",1.54,"","TN",FALSE,"FALSE"
"lake william (composite)","21-Sep-16",3.8,"","CHLA",FALSE,"FALSE"
"lake william (composite)","21-Sep-16",4,"","ECOLI",FALSE,"FALSE"
"lake william (composite)","23-Mar-18",0.06,"","NH4N",FALSE,"FALSE"
"lake william (composite)","23-Mar-18",0.213,"","TP",FALSE,"FALSE"
"lake william (composite)","23-Mar-18",1.89,"","TN",FALSE,"FALSE"
"lake william (composite)","23-Mar-18",62,"","CHLA",FALSE,"FALSE"
"lake william (composite)","27-Sep-17",0.03,"","NH4N",FALSE,"FALSE"
"lake william (composite)","27-Sep-17",0.062,"","TP",FALSE,"FALSE"
"lake william (composite)","27-Sep-17",1.01,"","TN",FALSE,"FALSE"
"lake william (composite)","27-Sep-17",8.7,"","CHLA",FALSE,"FALSE"
"lake wiritoa composite","04-Feb-14",0.01,"","NH4N",TRUE,"Left"
"lake wiritoa composite","04-Feb-14",0.027,"","TP",FALSE,"FALSE"
"lake wiritoa composite","04-Feb-14",0.761,"","TN",FALSE,"FALSE"
"lake wiritoa composite","04-Feb-14",4,"","ECOLI",TRUE,"Left"
"lake wiritoa composite","04-Feb-14",8.7,"","CHLA",FALSE,"FALSE"
"lake wiritoa composite","13-Aug-15",0.01,"","NH4N",TRUE,"Left"
"lake wiritoa composite","13-Aug-15",0.089,"","TP",FALSE,"FALSE"
"lake wiritoa composite","13-Aug-15",1.37,"","TN",FALSE,"FALSE"
"lake wiritoa composite","13-Aug-15",1.9,"","CHLA",TRUE,"Left"
"lake wiritoa composite","13-Aug-15",97,"","ECOLI",FALSE,"FALSE"
"lake wiritoa composite","14-Nov-14",0.01,"","NH4N",TRUE,"Left"
"lake wiritoa composite","14-Nov-14",0.414,"","TP",FALSE,"FALSE"
"lake wiritoa composite","14-Nov-14",0.905,"","TN",FALSE,"FALSE"
"lake wiritoa composite","14-Nov-14",3.2,"","CHLA",FALSE,"FALSE"
"lake wiritoa composite","14-Nov-14",4,"","ECOLI",TRUE,"Left"
"lake wiritoa composite","16-Nov-17",0.01,"","NH4N",TRUE,"Left"
"lake wiritoa composite","16-Nov-17",0.042,"","TP",FALSE,"FALSE"
"lake wiritoa composite","16-Nov-17",0.9,"","TN",FALSE,"FALSE"
"lake wiritoa composite","16-Nov-17",14,"","CHLA",FALSE,"FALSE"
"lake wiritoa composite","16-Nov-17",4,"","ECOLI",TRUE,"Left"
"lake wiritoa composite","17-May-16",0.073,"","TP",FALSE,"FALSE"
"lake wiritoa composite","17-May-16",0.11,"","NH4N",FALSE,"FALSE"
"lake wiritoa composite","17-May-16",1.1,"","TN",FALSE,"FALSE"
"lake wiritoa composite","17-May-16",10,"","CHLA",FALSE,"FALSE"
"lake wiritoa composite","17-May-16",4,"","ECOLI",FALSE,"FALSE"
"lake wiritoa composite","22-Feb-17",0.01,"","NH4N",FALSE,"FALSE"
"lake wiritoa composite","22-Feb-17",0.043,"","TP",FALSE,"FALSE"
"lake wiritoa composite","22-Feb-17",0.93,"","TN",FALSE,"FALSE"
"lake wiritoa composite","22-Feb-17",25,"","CHLA",FALSE,"FALSE"
"lake wiritoa composite","22-Feb-17",4,"","ECOLI",TRUE,"Left"
"lake wiritoa composite","22-May-14",0.01,"","NH4N",TRUE,"Left"
"lake wiritoa composite","22-May-14",0.025,"","TP",FALSE,"FALSE"
"lake wiritoa composite","22-May-14",0.694,"","TN",FALSE,"FALSE"
"lake wiritoa composite","22-May-14",16,"","CHLA",FALSE,"FALSE"
"lake wiritoa composite","22-May-14",4,"","ECOLI",FALSE,"FALSE"
"lake wiritoa composite","24-Feb-15",0.037,"","TP",FALSE,"FALSE"
"lake wiritoa composite","24-Feb-15",0.05,"","NH4N",FALSE,"FALSE"
"lake wiritoa composite","24-Feb-15",0.9,"","TN",FALSE,"FALSE"
"lake wiritoa composite","24-Feb-15",2.9,"","CHLA",FALSE,"FALSE"
"lake wiritoa composite","24-Feb-15",4,"","ECOLI",TRUE,"Left"
"lake wiritoa composite","24-May-17",0.066,"","TP",FALSE,"FALSE"
"lake wiritoa composite","24-May-17",0.14,"","NH4N",FALSE,"FALSE"
"lake wiritoa composite","24-May-17",0.96,"","TN",FALSE,"FALSE"
"lake wiritoa composite","24-May-17",12,"","ECOLI",FALSE,"FALSE"
"lake wiritoa composite","24-May-17",3.1,"","CHLA",FALSE,"FALSE"
"lake wiritoa composite","24-Nov-16",0.01,"","NH4N",TRUE,"Left"
"lake wiritoa composite","24-Nov-16",0.067,"","TP",FALSE,"FALSE"
"lake wiritoa composite","24-Nov-16",1.48,"","TN",FALSE,"FALSE"
"lake wiritoa composite","24-Nov-16",4,"","ECOLI",FALSE,"FALSE"
"lake wiritoa composite","24-Nov-16",57,"","CHLA",FALSE,"FALSE"
"lake wiritoa composite","25-Feb-16",0.03,"","NH4N",FALSE,"FALSE"
"lake wiritoa composite","25-Feb-16",0.086,"","TP",FALSE,"FALSE"
"lake wiritoa composite","25-Feb-16",1.06,"","TN",FALSE,"FALSE"
"lake wiritoa composite","25-Feb-16",15,"","CHLA",FALSE,"FALSE"
"lake wiritoa composite","25-Feb-16",4,"","ECOLI",TRUE,"Left"
"lake wiritoa composite","26-Aug-14",0.036,"","NH4N",FALSE,"FALSE"
"lake wiritoa composite","26-Aug-14",0.04,"","TP",FALSE,"FALSE"
"lake wiritoa composite","26-Aug-14",0.981,"","TN",FALSE,"FALSE"
"lake wiritoa composite","26-Aug-14",4,"","ECOLI",TRUE,"Left"
"lake wiritoa composite","26-Aug-14",72.3,"","CHLA",FALSE,"FALSE"
"lake wiritoa composite","28-Feb-18",0.042,"","TP",FALSE,"FALSE"
"lake wiritoa composite","28-Feb-18",0.06,"","NH4N",FALSE,"FALSE"
"lake wiritoa composite","28-Feb-18",0.92,"","TN",FALSE,"FALSE"
"lake wiritoa composite","28-Feb-18",7.4,"","CHLA",FALSE,"FALSE"
"lake wiritoa composite","28-Feb-18",8,"","ECOLI",FALSE,"FALSE"
"lake wiritoa composite","28-May-15",0.04,"","NH4N",FALSE,"FALSE"
"lake wiritoa composite","28-May-15",0.076,"","TP",FALSE,"FALSE"
"lake wiritoa composite","28-May-15",1.01,"","TN",FALSE,"FALSE"
"lake wiritoa composite","28-May-15",2,"","CHLA",TRUE,"Left"
"lake wiritoa composite","28-May-15",8,"","ECOLI",FALSE,"FALSE"
"lake wiritoa composite","29-Oct-15",0.02,"","NH4N",FALSE,"FALSE"
"lake wiritoa composite","29-Oct-15",0.061,"","TP",FALSE,"FALSE"
"lake wiritoa composite","29-Oct-15",0.91,"","TN",FALSE,"FALSE"
"lake wiritoa composite","29-Oct-15",14,"","CHLA",FALSE,"FALSE"
"lake wiritoa composite","29-Oct-15",4,"","ECOLI",FALSE,"FALSE"
"lake wiritoa composite","30-Aug-16",0.01,"","NH4N",TRUE,"Left"
"lake wiritoa composite","30-Aug-16",0.076,"","TP",FALSE,"FALSE"
"lake wiritoa composite","30-Aug-16",1.23,"","TN",FALSE,"FALSE"
"lake wiritoa composite","30-Aug-16",4,"","ECOLI",FALSE,"FALSE"
"lake wiritoa composite","30-Aug-16",98,"","CHLA",FALSE,"FALSE"
"omanuka lagoon (composite)","02-Aug-16",0.094,"","TP",FALSE,"FALSE"
"omanuka lagoon (composite)","02-Aug-16",0.1,"","NH4N",FALSE,"FALSE"
"omanuka lagoon (composite)","02-Aug-16",1.9,"","CHLA",TRUE,"Left"
"omanuka lagoon (composite)","02-Aug-16",2.93,"","TN",FALSE,"FALSE"
"omanuka lagoon (composite)","02-Aug-16",21,"","ECOLI",FALSE,"FALSE"
"omanuka lagoon (composite)","03-Mar-16",0.01,"","NH4N",TRUE,"Left"
"omanuka lagoon (composite)","03-Mar-16",0.831,"","TP",FALSE,"FALSE"
"omanuka lagoon (composite)","03-Mar-16",34,"","CHLA",FALSE,"FALSE"
"omanuka lagoon (composite)","03-Mar-16",4.47,"","TN",FALSE,"FALSE"
"omanuka lagoon (composite)","03-Mar-16",48,"","ECOLI",FALSE,"FALSE"
"omanuka lagoon (composite)","07-Dec-18",0.01,"","NH4N",FALSE,"FALSE"
"omanuka lagoon (composite)","07-Dec-18",0.127,"","TP",FALSE,"FALSE"
"omanuka lagoon (composite)","07-Dec-18",1.45,"","TN",FALSE,"FALSE"
"omanuka lagoon (composite)","07-Dec-18",11,"","CHLA",FALSE,"FALSE"
"omanuka lagoon (composite)","07-Dec-18",12,"","ECOLI",FALSE,"FALSE"
"omanuka lagoon (composite)","13-Dec-16",0.01,"","NH4N",TRUE,"Left"
"omanuka lagoon (composite)","13-Dec-16",0.144,"","TP",FALSE,"FALSE"
"omanuka lagoon (composite)","13-Dec-16",1.66,"","TN",FALSE,"FALSE"
"omanuka lagoon (composite)","13-Dec-16",11,"","CHLA",FALSE,"FALSE"
"omanuka lagoon (composite)","13-Dec-16",95,"","ECOLI",FALSE,"FALSE"
"omanuka lagoon (composite)","14-Sep-18",0.06,"","NH4N",FALSE,"FALSE"
"omanuka lagoon (composite)","14-Sep-18",0.082,"","TP",FALSE,"FALSE"
"omanuka lagoon (composite)","14-Sep-18",1.75,"","TN",FALSE,"FALSE"
"omanuka lagoon (composite)","14-Sep-18",2.9,"","CHLA",FALSE,"FALSE"
"omanuka lagoon (composite)","14-Sep-18",4,"","ECOLI",TRUE,"Left"
"omanuka lagoon (composite)","15-Mar-17",0.01,"","NH4N",TRUE,"Left"
"omanuka lagoon (composite)","15-Mar-17",0.185,"","TP",FALSE,"FALSE"
"omanuka lagoon (composite)","15-Mar-17",1.77,"","TN",FALSE,"FALSE"
"omanuka lagoon (composite)","15-Mar-17",170,"","ECOLI",FALSE,"FALSE"
"omanuka lagoon (composite)","15-Mar-17",40,"","CHLA",FALSE,"FALSE"
"omanuka lagoon (composite)","17-Dec-15",0.04,"","NH4N",FALSE,"FALSE"
"omanuka lagoon (composite)","17-Dec-15",0.178,"","TP",FALSE,"FALSE"
"omanuka lagoon (composite)","17-Dec-15",1.57,"","TN",FALSE,"FALSE"
"omanuka lagoon (composite)","17-Dec-15",12,"","ECOLI",FALSE,"FALSE"
"omanuka lagoon (composite)","17-Dec-15",8.1,"","CHLA",FALSE,"FALSE"
"omanuka lagoon (composite)","17-Jul-18",0.144,"","TP",FALSE,"FALSE"
"omanuka lagoon (composite)","17-Jul-18",0.16,"","NH4N",FALSE,"FALSE"
"omanuka lagoon (composite)","17-Jul-18",1.9,"","CHLA",TRUE,"Left"
"omanuka lagoon (composite)","17-Jul-18",2.92,"","TN",FALSE,"FALSE"
"omanuka lagoon (composite)","17-Jul-18",30,"","ECOLI",FALSE,"FALSE"
"omanuka lagoon (composite)","18-Jun-15",0.115,"","TP",FALSE,"FALSE"
"omanuka lagoon (composite)","18-Jun-15",0.2,"","NH4N",FALSE,"FALSE"
"omanuka lagoon (composite)","18-Jun-15",1.9,"","CHLA",TRUE,"Left"
"omanuka lagoon (composite)","18-Jun-15",2.37,"","TN",FALSE,"FALSE"
"omanuka lagoon (composite)","18-Jun-15",8,"","ECOLI",FALSE,"FALSE"
"omanuka lagoon (composite)","21-Dec-17",0.05,"","NH4N",FALSE,"FALSE"
"omanuka lagoon (composite)","21-Dec-17",0.373,"","TP",FALSE,"FALSE"
"omanuka lagoon (composite)","21-Dec-17",2.75,"","TN",FALSE,"FALSE"
"omanuka lagoon (composite)","21-Dec-17",46,"","CHLA",FALSE,"FALSE"
"omanuka lagoon (composite)","21-Sep-16",0.127,"","TP",FALSE,"FALSE"
"omanuka lagoon (composite)","21-Sep-16",0.19,"","NH4N",FALSE,"FALSE"
"omanuka lagoon (composite)","21-Sep-16",120,"","ECOLI",FALSE,"FALSE"
"omanuka lagoon (composite)","21-Sep-16",2.43,"","TN",FALSE,"FALSE"
"omanuka lagoon (composite)","21-Sep-16",5,"","CHLA",FALSE,"FALSE"
"omanuka lagoon (composite)","22-Jan-15",0.04,"","NH4N",FALSE,"FALSE"
"omanuka lagoon (composite)","22-Jan-15",0.747,"","TP",FALSE,"FALSE"
"omanuka lagoon (composite)","22-Jan-15",110,"","ECOLI",FALSE,"FALSE"
"omanuka lagoon (composite)","22-Jan-15",3.5,"","TN",FALSE,"FALSE"
"omanuka lagoon (composite)","22-Jan-15",57,"","CHLA",FALSE,"FALSE"
"omanuka lagoon (composite)","23-Mar-18",0.17,"","NH4N",FALSE,"FALSE"
"omanuka lagoon (composite)","23-Mar-18",1.06,"","TP",FALSE,"FALSE"
"omanuka lagoon (composite)","23-Mar-18",125,"","CHLA",FALSE,"FALSE"
"omanuka lagoon (composite)","23-Mar-18",5.69,"","TN",FALSE,"FALSE"
"omanuka lagoon (composite)","25-Mar-15",0.01,"","NH4N",TRUE,"Left"
"omanuka lagoon (composite)","25-Mar-15",1.13,"","TP",FALSE,"FALSE"
"omanuka lagoon (composite)","25-Mar-15",123,"","CHLA",FALSE,"FALSE"
"omanuka lagoon (composite)","25-Mar-15",5.69,"","TN",FALSE,"FALSE"
"omanuka lagoon (composite)","25-Mar-15",560,"","ECOLI",FALSE,"FALSE"
"omanuka lagoon (composite)","27-Nov-14",0.002,"","NH4N",FALSE,"FALSE"
"omanuka lagoon (composite)","27-Nov-14",0.167,"","TP",FALSE,"FALSE"
"omanuka lagoon (composite)","27-Nov-14",1.471,"","TN",FALSE,"FALSE"
"omanuka lagoon (composite)","27-Nov-14",106,"","ECOLI",FALSE,"FALSE"
"omanuka lagoon (composite)","27-Nov-14",4.8,"","CHLA",FALSE,"FALSE"
"omanuka lagoon (composite)","27-Sep-17",0.174,"","TP",FALSE,"FALSE"
"omanuka lagoon (composite)","27-Sep-17",0.26,"","NH4N",FALSE,"FALSE"
"omanuka lagoon (composite)","27-Sep-17",2,"","TN",FALSE,"FALSE"
"omanuka lagoon (composite)","27-Sep-17",6.5,"","CHLA",FALSE,"FALSE"
"omanuka lagoon (composite)","28-Sep-15",0.05,"","NH4N",FALSE,"FALSE"
"omanuka lagoon (composite)","28-Sep-15",0.094,"","TP",FALSE,"FALSE"
"omanuka lagoon (composite)","28-Sep-15",1.53,"","TN",FALSE,"FALSE"
"omanuka lagoon (composite)","28-Sep-15",16,"","ECOLI",FALSE,"FALSE"
"omanuka lagoon (composite)","28-Sep-15",2,"","CHLA",TRUE,"Left"
