"Site","Var","StartDate","EndDate","nMeas","MinVal","MaxVal"
"aropaoanui river at aropaoanui","BDISC","2005-02-14","2019-12-18","111","0.05","6.1"
"aropaoanui river at aropaoanui","DRP","2005-02-14","2019-11-13","118","0.004","0.064"
"aropaoanui river at aropaoanui","ECOLI","2005-02-14","2019-12-18","112","1","9000"
"aropaoanui river at aropaoanui","TON","2005-02-14","2019-12-18","119","0.001","0.65"
"aropaoanui river at aropaoanui","PH","2005-08-15","2018-07-02","79","6.58","9.4"
"aropaoanui river at aropaoanui","TN","2005-02-14","2019-12-18","114","0.11","1.42"
"aropaoanui river at aropaoanui","TP","2005-02-14","2019-12-18","238","0.015","0.33"
"awanui stream at flume","BDISC","2009-08-05","2019-11-05","78","0","2.8"
"awanui stream at flume","DRP","2009-08-05","2019-12-11","97","0.06","0.66"
"awanui stream at flume","ECOLI","2009-08-05","2019-12-11","95","5","80000"
"awanui stream at flume","TON","2009-08-05","2019-12-11","100","0.001","5"
"awanui stream at flume","PH","2009-08-05","2018-06-07","75","7.1","8.57"
"awanui stream at flume","TN","2009-08-05","2019-12-11","97","0.52","8.6"
"awanui stream at flume","TP","2009-08-05","2019-12-11","198","0.086","1.23"
"maharakeke stream at state highway 2 br","BDISC","2015-02-23","2019-11-20","36","0.41","8"
"maharakeke stream at state highway 2 br","DRP","2015-02-23","2019-12-18","50","0.0023","0.21"
"maharakeke stream at state highway 2 br","ECOLI","2015-02-23","2019-10-23","37","8","2500"
"maharakeke stream at state highway 2 br","TON","2015-02-23","2019-12-18","50","0.0126","3.8"
"maharakeke stream at state highway 2 br","PH","2015-02-23","2018-05-15","28","7.26","8.7"
"maharakeke stream at state highway 2 br","TN","2015-02-23","2019-12-18","50","0.24","4.6"
"maharakeke stream at state highway 2 br","TP","2015-02-23","2019-12-18","100","0.01","0.24"
"mahiaruhe stream at tutira outlet s.h.2","BDISC","2005-02-14","2019-12-18","66","0.03","3"
"mahiaruhe stream at tutira outlet s.h.2","DRP","2005-02-14","2019-11-13","69","0.0066","0.095"
"mahiaruhe stream at tutira outlet s.h.2","ECOLI","2005-02-14","2019-12-18","62","4","24000"
"mahiaruhe stream at tutira outlet s.h.2","TON","2005-02-14","2019-12-18","70","0.054","4.6"
"mahiaruhe stream at tutira outlet s.h.2","PH","2005-08-15","2018-07-02","34","7.06","9.06"
"mahiaruhe stream at tutira outlet s.h.2","TN","2005-02-14","2019-12-18","63","0.291","5"
"mahiaruhe stream at tutira outlet s.h.2","TP","2005-02-14","2019-12-18","140","0.026","0.83"
"makara stream at st lawrence road","BDISC","2011-12-08","2019-10-22","32","0.02","4.5"
"makara stream at st lawrence road","DRP","2011-12-08","2019-12-17","59","0.002","0.154"
"makara stream at st lawrence road","ECOLI","2011-12-22","2019-10-22","36","20","17000"
"makara stream at st lawrence road","TON","2011-12-08","2019-12-17","60","0.001","0.61"
"makara stream at st lawrence road","PH","2011-12-08","2018-06-18","38","7.02","8.61"
"makara stream at st lawrence road","TN","2011-12-08","2019-12-17","60","0.19","2.1"
"makara stream at st lawrence road","TP","2011-12-08","2019-12-17","120","0.012","0.97"
"makaretu stream at speedy rd bridge gw8","BDISC","2011-12-01","2019-12-18","55","0.08","5.15"
"makaretu stream at speedy rd bridge gw8","DRP","2011-12-01","2019-12-18","58","0.0015","0.038"
"makaretu stream at speedy rd bridge gw8","ECOLI","2011-12-22","2019-10-23","34","16","1000"
"makaretu stream at speedy rd bridge gw8","TON","2011-12-01","2019-12-18","60","0.001","2"
"makaretu stream at speedy rd bridge gw8","PH","2011-12-01","2018-06-18","40","0","8.57"
"makaretu stream at speedy rd bridge gw8","TN","2011-12-01","2019-12-18","60","0.11","2.4"
"makaretu stream at speedy rd bridge gw8","TP","2011-12-01","2019-12-18","120","0.006","0.7"
"makaretu stream at state highway 50","BDISC","2005-01-17","2019-12-17","167","0.02","7.9"
"makaretu stream at state highway 50","DRP","2005-01-17","2019-12-17","181","0.004","0.042"
"makaretu stream at state highway 50","ECOLI","2005-01-17","2019-12-17","170","1","1300"
"makaretu stream at state highway 50","TON","2005-01-17","2019-12-17","182","0.001","3.9"
"makaretu stream at state highway 50","PH","2005-05-30","2018-06-18","113","6.32","10.05"
"makaretu stream at state highway 50","TN","2005-01-17","2019-12-17","175","0.1","3.892"
"makaretu stream at state highway 50","TP","2005-01-17","2019-12-17","360","0.006","0.507"
"makaroro river at burnt bridge","BDISC","2016-07-19","2019-12-17","39","0.05","9.8"
"makaroro river at burnt bridge","DRP","2016-07-19","2019-12-17","40","0.001","0.0083"
"makaroro river at burnt bridge","ECOLI","2016-07-19","2019-11-19","25","1","300"
"makaroro river at burnt bridge","TON","2016-07-19","2019-12-17","42","0.001","0.171"
"makaroro river at burnt bridge","PH","2016-07-19","2018-06-18","24","7.15","8.45"
"makaroro river at burnt bridge","TN","2016-07-19","2019-12-17","41","0.1","23"
"makaroro river at burnt bridge","TP","2016-07-19","2019-12-17","84","0.004","0.42"
"mangakuri river at kairakau","BDISC","2005-01-31","2019-12-11","104","0.001","5.4"
"mangakuri river at kairakau","DRP","2005-01-31","2019-11-28","118","0.001","0.037"
"mangakuri river at kairakau","ECOLI","2005-01-31","2019-11-28","115","10","4800"
"mangakuri river at kairakau","TON","2005-01-31","2019-12-11","119","0.001","1.01"
"mangakuri river at kairakau","PH","2005-08-03","2018-06-21","85","6.84","8.65"
"mangakuri river at kairakau","TN","2005-01-31","2019-12-11","117","0.12","3.9"
"mangakuri river at kairakau","TP","2005-01-31","2019-12-11","238","0.004","1.43"
"mangamahaki stream at tamumu","BDISC","2011-12-16","2019-07-16","20","0.03","3.4"
"mangamahaki stream at tamumu","DRP","2011-12-16","2019-12-17","56","0.001","0.108"
"mangamahaki stream at tamumu","ECOLI","2011-12-22","2019-10-22","34","2","4000"
"mangamahaki stream at tamumu","TON","2011-12-16","2019-12-17","57","0.001","0.58"
"mangamahaki stream at tamumu","PH","2011-12-16","2018-06-18","37","0","8.87"
"mangamahaki stream at tamumu","TN","2011-12-16","2019-12-17","57","0.36","2.5"
"mangamahaki stream at tamumu","TP","2011-12-16","2019-12-17","114","0.015","0.68"
"mangaone river at rissington","BDISC","2005-02-03","2019-12-19","113","0","4.38"
"mangaone river at rissington","DRP","2005-02-03","2019-12-19","118","0.001","0.109"
"mangaone river at rissington","ECOLI","2005-02-03","2019-12-19","110","1","12000"
"mangaone river at rissington","TON","2005-02-03","2019-12-19","118","0.001","7.2"
"mangaone river at rissington","PH","2005-05-27","2018-11-27","86","6.81","8.97"
"mangaone river at rissington","TN","2005-02-03","2019-12-19","117","0.11","13.1"
"mangaone river at rissington","TP","2005-02-03","2019-12-19","236","0.01","3.2"
"mangaonuku stream at waipawa tikokino rd","BDISC","2007-01-26","2019-12-17","149","0.015","10"
"mangaonuku stream at waipawa tikokino rd","DRP","2007-01-26","2019-12-17","156","0.001","0.051"
"mangaonuku stream at waipawa tikokino rd","ECOLI","2007-01-26","2019-11-21","145","1","9000"
"mangaonuku stream at waipawa tikokino rd","TON","2007-01-26","2019-12-17","158","0.79","5.4"
"mangaonuku stream at waipawa tikokino rd","PH","2007-07-26","2018-06-18","111","6.56","9.49"
"mangaonuku stream at waipawa tikokino rd","TN","2007-01-26","2019-12-17","151","0.9","5.602"
"mangaonuku stream at waipawa tikokino rd","TP","2007-01-26","2019-12-17","318","0.004","0.66"
"clive river u/s whakatu rail bridge","BDISC","2005-02-11","2019-07-04","65","0.06","3.07"
"clive river u/s whakatu rail bridge","DRP","2005-02-11","2019-12-11","117","0.04","0.23"
"clive river u/s whakatu rail bridge","ECOLI","2005-02-11","2019-12-11","115","1","25000"
"clive river u/s whakatu rail bridge","TON","2005-02-11","2019-12-11","118","0.001","5.7"
"clive river u/s whakatu rail bridge","PH","2005-02-11","2018-06-07","77","6.04","9.07"
"clive river u/s whakatu rail bridge","TN","2005-02-11","2019-12-11","116","0.15","7.4"
"clive river u/s whakatu rail bridge","TP","2005-02-11","2019-12-11","236","0.06","4.24"
"mangaorapa stream at mangaorapa road","BDISC","2005-01-31","2019-12-11","112","0.02","6.7"
"mangaorapa stream at mangaorapa road","DRP","2005-01-31","2019-11-28","118","0.001","0.0184"
"mangaorapa stream at mangaorapa road","ECOLI","2005-01-31","2019-11-28","115","1","15000"
"mangaorapa stream at mangaorapa road","TON","2005-01-31","2019-12-11","119","0.001","1.01"
"mangaorapa stream at mangaorapa road","PH","2005-08-03","2018-06-21","81","5.99","8.72"
"mangaorapa stream at mangaorapa road","TN","2005-01-31","2019-12-11","118","0.13","1.79"
"mangaorapa stream at mangaorapa road","TP","2005-01-31","2019-12-11","238","0.004","0.29"
"mangapoike river at suspension bridge","BDISC","2010-05-26","2019-12-04","89","0.03","6.1"
"mangapoike river at suspension bridge","DRP","2010-05-26","2019-09-25","94","0.001","0.036"
"mangapoike river at suspension bridge","ECOLI","2010-05-26","2019-09-25","84","1","11000"
"mangapoike river at suspension bridge","TON","2010-05-26","2019-12-04","96","0.001","0.57"
"mangapoike river at suspension bridge","PH","2010-08-30","2018-11-28","72","7.77","9.03"
"mangapoike river at suspension bridge","TN","2010-05-26","2019-12-04","96","0.11","1.94"
"mangapoike river at suspension bridge","TP","2010-05-26","2019-12-04","192","0.004","1.13"
"mangatarata stream at mangatarata road","BDISC","2005-01-17","2019-10-23","139","0.03","3.7"
"mangatarata stream at mangatarata road","DRP","2005-01-17","2019-12-18","170","0.01","0.61"
"mangatarata stream at mangatarata road","ECOLI","2005-01-17","2019-10-23","153","1","11000"
"mangatarata stream at mangatarata road","TON","2005-01-17","2019-12-18","170","0.001","4.8"
"mangatarata stream at mangatarata road","PH","2005-05-30","2018-06-18","110","6.54","8.91"
"mangatarata stream at mangatarata road","TN","2005-01-17","2019-12-18","165","0.16","5.77"
"mangatarata stream at mangatarata road","TP","2005-01-17","2019-12-18","340","0.016","1.09"
"mangatutu stream at mangatutu stn br","BDISC","2012-11-20","2019-12-19","83","0.01","4.65"
"mangatutu stream at mangatutu stn br","DRP","2012-11-20","2019-12-19","87","0.0014","0.042"
"mangatutu stream at mangatutu stn br","ECOLI","2012-11-20","2019-12-19","78","1","24000"
"mangatutu stream at mangatutu stn br","TON","2012-11-20","2019-12-19","87","0.058","0.98"
"mangatutu stream at mangatutu stn br","PH","2012-11-20","2018-11-27","66","7.59","9"
"mangatutu stream at mangatutu stn br","TN","2012-11-20","2019-12-19","86","0.23","7.1"
"mangatutu stream at mangatutu stn br","TP","2012-11-20","2019-12-19","174","0.01","3.8"
"maraekakaho stream at maraekakaho","BDISC","2012-12-04","2019-12-10","71","0.12","9.25"
"maraekakaho stream at maraekakaho","DRP","2012-11-15","2019-12-10","83","0.001","0.143"
"maraekakaho stream at maraekakaho","ECOLI","2012-11-15","2019-11-12","75","3","12000"
"maraekakaho stream at maraekakaho","TON","2012-11-15","2019-12-10","83","0.0067","2.7"
"maraekakaho stream at maraekakaho","PH","2012-11-15","2018-06-05","60","7.41","8.91"
"maraekakaho stream at maraekakaho","TN","2012-12-04","2019-12-10","82","0.14","3.4"
"maraekakaho stream at maraekakaho","TP","2012-11-15","2019-12-10","166","0.004","0.22"
"maraetotara river at te awanga","BDISC","2005-02-02","2019-12-17","113","0.03","7.1"
"maraetotara river at te awanga","DRP","2005-02-02","2019-12-17","119","0.0017","0.086"
"maraetotara river at te awanga","ECOLI","2005-02-02","2019-12-17","113","1","17000"
"maraetotara river at te awanga","TON","2005-02-02","2019-12-17","119","0.001","6.9"
"maraetotara river at te awanga","PH","2005-08-05","2018-05-03","80","6.91","10.07"
"maraetotara river at te awanga","TN","2005-02-02","2019-12-17","116","0.1044","7.109"
"maraetotara river at te awanga","TP","2005-02-02","2019-12-17","238","0.004","0.42"
"maraetotara river at waimarama road","BDISC","2005-02-02","2019-12-17","109","0.12","9.6"
"maraetotara river at waimarama road","DRP","2005-02-02","2019-12-17","117","0.0019","0.055"
"maraetotara river at waimarama road","ECOLI","2005-02-02","2019-12-17","113","1","3300"
"maraetotara river at waimarama road","TON","2005-02-02","2019-12-17","117","0.2","1.6"
"maraetotara river at waimarama road","PH","2005-08-05","2018-05-03","80","6.87","8.82"
"maraetotara river at waimarama road","TN","2005-02-02","2019-12-17","112","0.34","1.91"
"maraetotara river at waimarama road","TP","2005-02-02","2019-12-17","234","0.005","0.146"
"mohaka river at raupunga","BDISC","2005-01-28","2019-12-12","95","0.04","3.9"
"mohaka river at raupunga","DRP","2005-01-28","2019-11-14","109","0.0011","0.028"
"mohaka river at raupunga","ECOLI","2005-01-28","2019-12-12","95","1","1500"
"mohaka river at raupunga","TON","2005-01-28","2019-12-12","112","0.0059","1.69"
"mohaka river at raupunga","PH","2005-05-26","2018-06-06","59","6.56","9.37"
"mohaka river at raupunga","TN","2005-01-28","2019-12-12","106","0.1","2"
"mohaka river at raupunga","TP","2005-01-28","2019-12-12","222","0.004","1.98"
"mohaka river d/s ripia river","BDISC","2009-08-17","2019-12-12","113","0","7.54"
"mohaka river d/s ripia river","DRP","2009-08-17","2019-11-14","116","0.0013","0.0159"
"mohaka river d/s ripia river","ECOLI","2009-08-17","2019-12-12","110","1","3300"
"mohaka river d/s ripia river","TON","2009-08-17","2019-12-12","117","0.001","0.56"
"mohaka river d/s ripia river","PH","2009-09-17","2018-06-06","87","6.68","9.45"
"mohaka river d/s ripia river","TN","2009-08-17","2019-12-12","113","0.11","2.1"
"mohaka river d/s ripia river","TP","2009-08-17","2019-12-12","236","0.004","0.154"
"mohaka river d/s taharua","BDISC","2008-03-31","2019-12-03","130","0.11","5.81"
"mohaka river d/s taharua","DRP","2008-03-31","2019-12-03","143","0.0018","0.026"
"mohaka river d/s taharua","ECOLI","2008-03-31","2019-11-11","130","1","1500"
"mohaka river d/s taharua","TON","2008-03-31","2019-12-03","143","0.22","1.35"
"mohaka river d/s taharua","PH","2009-01-27","2018-06-14","97","6.19","11.2"
"mohaka river d/s taharua","TN","2008-03-31","2019-12-03","138","0.31","1.45"
"mohaka river d/s taharua","TP","2008-03-31","2019-12-03","286","0.004","0.146"
"esk river at berry road","BDISC","2005-01-28","2019-12-20","109","0.06","4.2"
"esk river at berry road","DRP","2005-01-28","2019-12-20","115","0.004","0.151"
"esk river at berry road","ECOLI","2005-01-28","2019-12-20","109","2","3200"
"esk river at berry road","TON","2005-01-28","2019-12-20","115","0.091","0.56"
"esk river at berry road","PH","2005-05-25","2018-12-05","76","7.84","9.49"
"esk river at berry road","TN","2005-01-28","2019-12-20","113","0.17","1.85"
"esk river at berry road","TP","2005-01-28","2019-12-20","230","0.012","0.41"
"mohaka river d/s waipunga river","BDISC","2009-08-17","2019-12-12","115","0.09","6.9"
"mohaka river d/s waipunga river","DRP","2009-08-17","2019-11-14","120","0.0016","0.0147"
"mohaka river d/s waipunga river","ECOLI","2009-08-17","2019-11-14","118","1","10000"
"mohaka river d/s waipunga river","TON","2009-08-17","2019-12-12","122","0.028","0.73"
"mohaka river d/s waipunga river","PH","2009-09-17","2018-06-06","87","6.87","10.27"
"mohaka river d/s waipunga river","TN","2009-08-17","2019-12-12","121","0.15","0.937"
"mohaka river d/s waipunga river","TP","2009-08-17","2019-12-12","244","0.004","1.06"
"mohaka river u/s taharua","BDISC","2008-02-21","2019-12-03","131","0.23","9.5"
"mohaka river u/s taharua","DRP","2008-01-17","2019-12-03","143","0.0016","0.0095"
"mohaka river u/s taharua","ECOLI","2008-01-17","2019-11-11","125","1","140"
"mohaka river u/s taharua","TON","2008-01-17","2019-12-03","143","0.002","1.57"
"mohaka river u/s taharua","PH","2008-10-23","2018-06-14","98","6.35","9.8"
"mohaka river u/s taharua","TN","2008-01-17","2019-12-03","136","0.1","1.902"
"mohaka river u/s taharua","TP","2008-01-17","2019-12-03","284","0.004","0.177"
"mokomokonui stream u/s waipunga","BDISC","2005-01-28","2019-12-20","111","0.05","7.13"
"mokomokonui stream u/s waipunga","DRP","2005-01-28","2019-12-20","117","0.0055","0.022"
"mokomokonui stream u/s waipunga","ECOLI","2005-01-28","2019-12-20","110","1","900"
"mokomokonui stream u/s waipunga","TON","2005-01-28","2019-12-20","117","0.002","0.22"
"mokomokonui stream u/s waipunga","PH","2005-08-12","2018-12-05","79","6.57","8.91"
"mokomokonui stream u/s waipunga","TN","2005-01-28","2019-12-20","115","0.1","1.002"
"mokomokonui stream u/s waipunga","TP","2005-01-28","2019-12-20","234","0.01","0.074"
"ngahape stream at arlington road","BDISC","2012-04-18","2019-12-11","13","0.17","2.95"
"ngahape stream at arlington road","DRP","2012-04-18","2019-12-11","25","0.035","0.93"
"ngahape stream at arlington road","ECOLI","2018-02-15","2019-10-21","16","18","6000"
"ngahape stream at arlington road","TON","2012-04-18","2019-12-11","23","0.001","0.79"
"ngahape stream at arlington road","PH","2012-04-18","2018-06-21","6","7.05","7.98"
"ngahape stream at arlington road","TN","2012-04-18","2019-12-11","24","0.64","2.4"
"ngahape stream at arlington road","TP","2012-04-18","2019-12-11","50","0.133","2.5"
"ngaruroro river at fernhill","BDISC","2005-01-27","2019-12-10","106","0","6.4"
"ngaruroro river at fernhill","DRP","2005-01-27","2019-12-10","119","0.0021","0.091"
"ngaruroro river at fernhill","ECOLI","2005-01-27","2019-11-12","110","1","8000"
"ngaruroro river at fernhill","TON","2005-01-27","2019-12-10","120","0.001","0.57"
"ngaruroro river at fernhill","PH","2005-08-09","2018-06-05","84","7.33","9.49"
"ngaruroro river at fernhill","TN","2005-01-27","2019-12-10","118","0.027","5.7"
"ngaruroro river at fernhill","TP","2005-01-27","2019-12-10","238","0.004","1.83"
"ngaruroro river at whanawhana","BDISC","2005-01-27","2019-12-10","115","0.03","10.3"
"ngaruroro river at whanawhana","DRP","2005-01-27","2019-12-10","120","0.001","0.012"
"ngaruroro river at whanawhana","ECOLI","2005-01-27","2019-11-12","109","1","1200"
"ngaruroro river at whanawhana","TON","2005-01-27","2019-12-10","120","0.001","1"
"ngaruroro river at whanawhana","PH","2005-08-08","2018-06-05","83","7.12","9.06"
"ngaruroro river at whanawhana","TN","2005-01-27","2019-12-10","117","0.1057","3.752"
"ngaruroro river at whanawhana","TP","2005-01-27","2019-12-10","240","0.004","0.87"
"ngaruroro river d/s hawkes bay dairies","BDISC","2005-01-27","2019-12-10","115","0.02","7.1"
"ngaruroro river d/s hawkes bay dairies","DRP","2005-01-27","2019-12-10","120","0.001","0.026"
"ngaruroro river d/s hawkes bay dairies","ECOLI","2005-01-27","2019-11-12","112","1","2900"
"ngaruroro river d/s hawkes bay dairies","TON","2005-01-27","2019-12-10","120","0.0053","1.86"
"ngaruroro river d/s hawkes bay dairies","PH","2005-08-09","2019-01-15","82","6.95","9.11"
"ngaruroro river d/s hawkes bay dairies","TN","2005-01-27","2019-12-10","117","0.063","2.5"
"ngaruroro river d/s hawkes bay dairies","TP","2005-01-27","2019-12-10","240","0.004","0.85"
"nuhaka river at nuhaka valley road","BDISC","2015-01-29","2019-12-05","48","0.005","7.5"
"nuhaka river at nuhaka valley road","DRP","2015-01-29","2019-12-05","60","0.001","0.009"
"nuhaka river at nuhaka valley road","ECOLI","2015-01-29","2019-12-05","54","1","2600"
"nuhaka river at nuhaka valley road","TON","2015-01-29","2019-12-05","60","0.001","0.43"
"nuhaka river at nuhaka valley road","PH","2015-01-29","2018-06-28","40","7.18","8.79"
"nuhaka river at nuhaka valley road","TN","2015-01-29","2019-12-05","60","0.1","1"
"nuhaka river at nuhaka valley road","TP","2015-01-29","2019-12-05","120","0.004","0.33"
"ohara stream at big hill road","BDISC","2015-07-08","2019-12-10","47","0.02","9.9"
"ohara stream at big hill road","DRP","2015-05-11","2019-12-10","58","0.0025","0.0132"
"ohara stream at big hill road","ECOLI","2015-05-11","2019-11-12","50","1","4900"
"ohara stream at big hill road","TON","2015-05-11","2019-12-10","59","0.0023","0.47"
"ohara stream at big hill road","PH","2015-05-11","2018-07-03","38","7.46","8.65"
"ohara stream at big hill road","TN","2015-05-11","2019-12-10","59","0.1","1.49"
"ohara stream at big hill road","TP","2015-05-11","2019-12-10","118","0.004","0.6"
"ohiwia stream at broughtons br.","BDISC","2012-11-15","2019-12-10","72","0.07","8.1"
"ohiwia stream at broughtons br.","DRP","2012-11-15","2019-12-10","82","0.052","0.4"
"ohiwia stream at broughtons br.","ECOLI","2013-01-10","2019-11-12","76","3","21000"
"ohiwia stream at broughtons br.","TON","2012-11-15","2019-12-10","82","0.001","1.53"
"ohiwia stream at broughtons br.","PH","2012-11-15","2018-07-03","61","7.62","8.84"
"ohiwia stream at broughtons br.","TN","2012-11-15","2019-12-10","82","0.17","4.4"
"ohiwia stream at broughtons br.","TP","2012-11-15","2019-12-10","164","0.057","0.8"
"esk river at waipunga bridge","BDISC","2005-01-28","2019-12-20","110","0.12","4.5"
"esk river at waipunga bridge","DRP","2005-01-28","2019-12-20","116","0.0034","0.046"
"esk river at waipunga bridge","ECOLI","2005-01-28","2019-12-20","112","1","6500"
"esk river at waipunga bridge","TON","2005-01-28","2019-12-20","117","0.001","0.65"
"esk river at waipunga bridge","PH","2005-05-25","2018-06-11","79","7.35","9.51"
"esk river at waipunga bridge","TN","2005-01-28","2019-12-20","115","0.1","1.21"
"esk river at waipunga bridge","TP","2005-01-28","2019-12-20","234","0.01","0.24"
"papanui stream at middle road","BDISC","2011-12-01","2019-10-22","73","0.04","7.8"
"papanui stream at middle road","DRP","2011-12-01","2019-12-17","109","0.023","1.37"
"papanui stream at middle road","ECOLI","2011-12-22","2019-10-22","82","10","50000"
"papanui stream at middle road","TON","2011-12-01","2019-12-17","110","0.001","4"
"papanui stream at middle road","PH","2011-12-01","2018-06-18","81","6.11","9.8"
"papanui stream at middle road","TN","2011-12-08","2019-12-17","106","0.37","6.8"
"papanui stream at middle road","TP","2011-12-01","2019-12-17","220","0.037","3.9"
"poporangi stream at ohara stn.","BDISC","2016-08-09","2019-06-12","31","0.01","8.4"
"poporangi stream at ohara stn.","DRP","2015-05-11","2019-06-12","34","0.001","0.02"
"poporangi stream at ohara stn.","ECOLI","2015-05-11","2019-03-07","28","1","3000"
"poporangi stream at ohara stn.","TON","2015-05-11","2019-06-12","34","0.0059","0.59"
"poporangi stream at ohara stn.","PH","2015-05-11","2018-06-05","23","7.42","8.54"
"poporangi stream at ohara stn.","TN","2015-05-11","2019-06-12","34","0.1","2.8"
"poporangi stream at ohara stn.","TP","2015-05-11","2019-06-12","68","0.005","1.02"
"porangahau river at sh52 opposite quarry","BDISC","2005-01-31","2019-12-11","110","0.04","8.2"
"porangahau river at sh52 opposite quarry","DRP","2005-01-31","2019-11-28","119","0.001","0.07"
"porangahau river at sh52 opposite quarry","ECOLI","2005-01-31","2019-11-28","116","1","60000"
"porangahau river at sh52 opposite quarry","TON","2005-01-31","2019-12-11","120","0.001","6.2"
"porangahau river at sh52 opposite quarry","PH","2005-08-03","2018-06-21","82","6.93","9.02"
"porangahau river at sh52 opposite quarry","TN","2005-01-31","2019-12-11","117","0.15","6.4"
"porangahau river at sh52 opposite quarry","TP","2005-01-31","2019-12-11","240","0.004","0.69"
"porangahau stream at oruawhara road","BDISC","2005-01-17","2019-06-18","162","0.04","9.1"
"porangahau stream at oruawhara road","DRP","2005-01-17","2019-06-18","183","0.0038","0.194"
"porangahau stream at oruawhara road","ECOLI","2005-01-17","2019-06-18","167","1","8000"
"porangahau stream at oruawhara road","TON","2005-01-17","2019-06-18","183","0.001","6.1"
"porangahau stream at oruawhara road","PH","2005-05-30","2018-06-18","117","6.7","9.15"
"porangahau stream at oruawhara road","TN","2005-01-17","2019-06-18","177","0.16","7.6"
"porangahau stream at oruawhara road","TP","2005-01-17","2019-06-18","366","0.012","0.57"
"porangahau strm us maharakeke strm","BDISC","2016-07-20","2019-12-18","36","0.05","7.8"
"porangahau strm us maharakeke strm","DRP","2015-08-12","2019-12-18","46","0.001","0.101"
"porangahau strm us maharakeke strm","ECOLI","2015-08-12","2019-10-23","34","4","27000"
"porangahau strm us maharakeke strm","TON","2015-08-12","2019-12-18","47","0.24","5.3"
"porangahau strm us maharakeke strm","PH","2015-08-12","2018-06-18","29","7.22","9.01"
"porangahau strm us maharakeke strm","TN","2015-08-12","2019-12-18","47","0.41","5.7"
"porangahau strm us maharakeke strm","TP","2015-08-12","2019-12-18","94","0.004","0.55"
"poukawa stream at stock road","BDISC","2005-02-11","2019-12-11","83","0.34","10.45"
"poukawa stream at stock road","DRP","2005-02-11","2019-12-11","114","0.021","0.695"
"poukawa stream at stock road","ECOLI","2005-02-11","2019-12-11","115","1","3800"
"poukawa stream at stock road","TON","2005-02-11","2019-12-11","118","0.001","3.5"
"poukawa stream at stock road","PH","2005-02-11","2018-06-07","81","6.99","8.09"
"poukawa stream at stock road","TN","2005-02-11","2019-12-11","117","0.1591","5.4"
"poukawa stream at stock road","TP","2005-02-11","2019-12-11","234","0.04","0.767"
"poukawa stream at te mahanga road","BDISC","2016-10-11","2018-11-08","15","0.06","4.8"
"poukawa stream at te mahanga road","DRP","2016-10-11","2019-02-13","28","0.071","0.82"
"poukawa stream at te mahanga road","ECOLI","2016-10-11","2019-01-08","21","1","12000"
"poukawa stream at te mahanga road","TON","2016-10-11","2019-11-05","29","0.0013","9.4"
"poukawa stream at te mahanga road","PH","2016-10-11","2018-06-07","18","6.84","8.8"
"poukawa stream at te mahanga road","TN","2016-10-11","2019-11-05","29","0.74","11.6"
"poukawa stream at te mahanga road","TP","2016-10-11","2019-11-05","58","0.103","1.28"
"puhokio stream at te apiti rd","BDISC","2005-02-02","2019-12-17","112","0.04","5.6"
"puhokio stream at te apiti rd","DRP","2005-02-02","2019-12-17","120","0.001","0.211"
"puhokio stream at te apiti rd","ECOLI","2005-02-02","2019-12-17","115","1","25000"
"puhokio stream at te apiti rd","TON","2005-02-02","2019-12-17","120","0.013","2.02"
"puhokio stream at te apiti rd","PH","2005-08-05","2018-06-15","81","6.7","8.98"
"puhokio stream at te apiti rd","TN","2005-02-02","2019-12-17","117","0.13","3.4"
"puhokio stream at te apiti rd","TP","2005-02-02","2019-12-17","240","0.004","0.48"
"raupare stream at ormond road","BDISC","2013-11-26","2019-12-11","60","0.1","4.32"
"raupare stream at ormond road","DRP","2015-05-14","2019-12-11","55","0.0173","0.045"
"raupare stream at ormond road","ECOLI","2013-11-26","2019-12-11","64","32","2500"
"raupare stream at ormond road","TON","2015-09-24","2019-12-11","52","0.0044","7.7"
"raupare stream at ormond road","PH","2013-12-16","2018-06-07","49","6.82","9.17"
"raupare stream at ormond road","TN","2013-11-26","2019-12-11","73","0.14","8.5"
"raupare stream at ormond road","TP","2015-09-24","2019-12-11","104","0.021","0.26"
"ripia river u/s mohaka","BDISC","2005-01-28","2019-12-12","109","0.29","7.05"
"ripia river u/s mohaka","DRP","2005-01-28","2019-11-14","117","0.0016","0.057"
"ripia river u/s mohaka","ECOLI","2005-01-28","2019-12-12","107","1","4900"
"ripia river u/s mohaka","TON","2005-01-28","2019-12-12","119","0.002","0.36"
"ripia river u/s mohaka","PH","2005-05-25","2018-06-06","78","6.23","9.4"
"ripia river u/s mohaka","TN","2005-01-28","2019-12-12","117","0.1","0.88"
"ripia river u/s mohaka","TP","2005-01-28","2019-12-12","236","0.004","0.083"
"hangaroa river at doneraille park","BDISC","2005-02-15","2019-12-04","111","0.01","3.8"
"hangaroa river at doneraille park","DRP","2005-02-15","2019-10-16","115","0.001","0.08"
"hangaroa river at doneraille park","ECOLI","2005-02-15","2019-09-25","103","1","14000"
"hangaroa river at doneraille park","TON","2005-02-15","2019-12-04","117","0.001","1.56"
"hangaroa river at doneraille park","PH","2005-05-26","2018-11-28","81","7.4","9.23"
"hangaroa river at doneraille park","TN","2005-02-15","2019-12-04","114","0.12","3.9"
"hangaroa river at doneraille park","TP","2005-02-15","2019-12-04","234","0.007","0.87"
"ruahapia stream at show grounds","BDISC","2007-11-23","2019-12-11","25","0","6.17"
"ruahapia stream at show grounds","DRP","2006-11-07","2019-12-11","41","0.004","0.27"
"ruahapia stream at show grounds","ECOLI","2006-11-07","2019-12-11","41","1","60000"
"ruahapia stream at show grounds","TON","2006-11-07","2019-12-11","41","0.001","1.7"
"ruahapia stream at show grounds","PH","2008-11-04","2014-02-27","15","6.03","8.87"
"ruahapia stream at show grounds","TN","2006-11-07","2019-12-11","36","0.32","2.2"
"ruahapia stream at show grounds","TP","2006-11-07","2019-12-11","84","0.033","0.49"
"ruakituri river at sports ground","BDISC","2005-02-15","2019-12-04","111","0.01","4.6"
"ruakituri river at sports ground","DRP","2005-02-15","2019-10-16","116","0.001","0.03"
"ruakituri river at sports ground","ECOLI","2005-02-15","2019-09-25","104","1","31000"
"ruakituri river at sports ground","TON","2005-02-15","2019-12-04","118","0.001","0.46"
"ruakituri river at sports ground","PH","2005-05-26","2018-11-28","82","7.18","8.95"
"ruakituri river at sports ground","TN","2005-02-15","2019-12-04","116","0.1","2.759"
"ruakituri river at sports ground","TP","2005-02-15","2019-12-04","236","0.004","1.52"
"sandy creek u/s lake tutira outlet","BDISC","2005-02-14","2019-12-18","102","0.05","3.9"
"sandy creek u/s lake tutira outlet","DRP","2005-02-14","2019-11-13","113","0.016","0.1"
"sandy creek u/s lake tutira outlet","ECOLI","2005-02-14","2019-12-18","105","4","15000"
"sandy creek u/s lake tutira outlet","TON","2005-02-14","2019-12-18","115","0.085","1.38"
"sandy creek u/s lake tutira outlet","PH","2005-08-15","2018-07-02","76","6.97","8.93"
"sandy creek u/s lake tutira outlet","TN","2005-02-14","2019-12-18","113","0.287","2.45"
"sandy creek u/s lake tutira outlet","TP","2005-02-14","2019-12-18","230","0.048","0.79"
"taharua stream at henrys bridge","BDISC","2012-10-16","2019-12-03","46","0.14","5.6"
"taharua stream at henrys bridge","DRP","2010-09-06","2019-12-03","86","0.004","0.092"
"taharua stream at henrys bridge","ECOLI","2012-10-16","2019-11-11","71","1","2700"
"taharua stream at henrys bridge","TON","2010-09-06","2019-12-03","86","0.81","3"
"taharua stream at henrys bridge","PH","2010-09-06","2018-06-14","57","6.17","8.96"
"taharua stream at henrys bridge","TN","2012-03-29","2019-12-03","86","1.01","3.3"
"taharua stream at henrys bridge","TP","2010-09-06","2019-12-03","172","0.005","0.21"
"taharua stream at red hut mohaka confl","BDISC","2008-03-31","2019-12-03","123","0.22","5.37"
"taharua stream at red hut mohaka confl","DRP","2008-03-31","2019-12-03","144","0.0039","0.055"
"taharua stream at red hut mohaka confl","ECOLI","2008-03-31","2019-11-11","131","1","3600"
"taharua stream at red hut mohaka confl","TON","2008-03-31","2019-12-03","144","0.53","2.2"
"taharua stream at red hut mohaka confl","PH","2009-01-27","2018-06-14","96","6.37","9.06"
"taharua stream at red hut mohaka confl","TN","2008-03-31","2019-12-03","140","0.71","2.4"
"taharua stream at red hut mohaka confl","TP","2008-03-31","2019-12-03","288","0.005","0.105"
"taharua stream at wairango rd","BDISC","2005-01-14","2019-12-03","159","0.105","10.3"
"taharua stream at wairango rd","DRP","2005-01-14","2019-12-03","175","0.004","0.83"
"taharua stream at wairango rd","ECOLI","2005-01-14","2019-11-11","167","1","13000"
"taharua stream at wairango rd","TON","2005-01-14","2019-12-03","176","0.0043","4.6"
"taharua stream at wairango rd","PH","2005-02-10","2018-06-14","102","5.86","8.95"
"taharua stream at wairango rd","TN","2005-01-14","2019-12-03","172","0.1643","7.1"
"taharua stream at wairango rd","TP","2005-01-14","2019-12-03","350","0.009","0.95"
"taharua stream at wrights twin culvert","BDISC","2005-01-14","2019-05-15","153","0.27","9.12"
"taharua stream at wrights twin culvert","DRP","2005-01-14","2019-06-13","171","0.004","0.38"
"taharua stream at wrights twin culvert","ECOLI","2005-01-14","2019-05-15","162","0.5","14000"
"taharua stream at wrights twin culvert","TON","2005-01-14","2019-06-13","172","2.39","5"
"taharua stream at wrights twin culvert","PH","2005-02-10","2018-06-14","110","6.16","9.14"
"taharua stream at wrights twin culvert","TN","2005-01-14","2019-06-13","169","2.49","5.17"
"taharua stream at wrights twin culvert","TP","2005-01-14","2019-06-13","342","0.006","0.44"
"taipo stream at church road","BDISC","2007-11-23","2019-12-11","51","0.06","4.7"
"taipo stream at church road","DRP","2006-11-07","2019-12-11","106","0.081","1.08"
"taipo stream at church road","ECOLI","2006-11-07","2019-12-11","102","1","26000"
"taipo stream at church road","TON","2006-11-07","2019-12-11","109","0.001","10"
"taipo stream at church road","PH","2008-11-04","2018-07-04","78","6.55","9.05"
"taipo stream at church road","TN","2006-11-07","2019-12-11","104","0.27","3.756"
"taipo stream at church road","TP","2006-11-07","2019-12-11","216","0.16","1.12"
"taurekaitai stream at wallingford","BDISC","2005-01-31","2019-12-11","91","0.02","4"
"taurekaitai stream at wallingford","DRP","2005-01-31","2019-11-28","114","0.001","0.74"
"taurekaitai stream at wallingford","ECOLI","2005-01-31","2019-11-28","110","1","28000"
"taurekaitai stream at wallingford","TON","2005-01-31","2019-12-11","115","0.001","1.05"
"taurekaitai stream at wallingford","PH","2005-08-03","2018-06-21","82","7.22","9.09"
"taurekaitai stream at wallingford","TN","2005-01-31","2019-12-11","113","0.2","3.5"
"taurekaitai stream at wallingford","TP","2005-01-31","2019-12-11","230","0.009","0.46"
"te ngarue stream d/s kotomangengi","BDISC","2015-02-18","2019-10-17","43","0.12","3.6"
"te ngarue stream d/s kotomangengi","DRP","2015-01-30","2019-11-13","59","0.0117","0.058"
"te ngarue stream d/s kotomangengi","ECOLI","2015-01-30","2019-12-18","56","5","7000"
"te ngarue stream d/s kotomangengi","TON","2015-01-30","2019-12-18","60","0.2","0.82"
"te ngarue stream d/s kotomangengi","PH","2015-02-18","2018-07-02","34","7.53","8.89"
"te ngarue stream d/s kotomangengi","TN","2015-01-30","2019-12-18","60","0.35","1.4"
"te ngarue stream d/s kotomangengi","TP","2015-01-30","2019-12-18","120","0.017","0.98"
"herehere stream at te aute road","BDISC","2008-11-04","2019-11-05","73","0.1","5.25"
"herehere stream at te aute road","DRP","2006-11-07","2019-12-11","111","0.011","0.39"
"herehere stream at te aute road","ECOLI","2006-11-07","2019-12-11","107","1","120000"
"herehere stream at te aute road","TON","2006-11-07","2019-12-11","113","0.001","5.6"
"herehere stream at te aute road","PH","2009-02-26","2018-06-07","78","7.54","9.13"
"herehere stream at te aute road","TN","2006-11-07","2019-12-11","110","0.14","9.9"
"herehere stream at te aute road","TP","2006-11-07","2019-12-11","226","0.027","1.61"
"tuhara stream d/s confluence","BDISC","2017-12-21","2019-10-17","7","0.25","1.1"
"tuhara stream d/s confluence","DRP","2017-12-21","2019-12-04","23","0.04","0.83"
"tuhara stream d/s confluence","ECOLI","2018-01-31","2019-11-07","15","20","30000"
"tuhara stream d/s confluence","TON","2017-12-21","2019-10-17","19","0.001","5.2"
"tuhara stream d/s confluence","PH","2017-12-21","2018-06-27","5","7.05","8.35"
"tuhara stream d/s confluence","TN","2017-12-21","2019-12-04","24","0.99","7.9"
"tuhara stream d/s confluence","TP","2017-12-21","2019-12-04","46","0.097","2.6"
"tukipo river at state highway 50","BDISC","2005-01-17","2019-12-17","177","0","9.05"
"tukipo river at state highway 50","DRP","2005-01-17","2019-12-17","192","0.003","0.091"
"tukipo river at state highway 50","ECOLI","2005-01-17","2019-12-17","178","1","44000"
"tukipo river at state highway 50","TON","2005-01-17","2019-12-17","192","0.092","3.34"
"tukipo river at state highway 50","PH","2005-05-30","2018-12-06","120","6.32","9.2"
"tukipo river at state highway 50","TN","2005-01-17","2019-12-17","182","0.252","4.5"
"tukipo river at state highway 50","TP","2005-01-17","2019-12-17","386","0.004","1.04"
"tukipo river u/s makaretu confluence","BDISC","2011-12-01","2019-12-18","55","0.09","8.89"
"tukipo river u/s makaretu confluence","DRP","2011-12-01","2019-12-18","63","0.001","0.082"
"tukipo river u/s makaretu confluence","ECOLI","2011-12-22","2019-10-23","40","7","28000"
"tukipo river u/s makaretu confluence","TON","2011-12-01","2019-12-18","66","0.53","5.4"
"tukipo river u/s makaretu confluence","PH","2011-12-01","2018-06-07","42","6.89","8.63"
"tukipo river u/s makaretu confluence","TN","2011-12-01","2019-12-18","66","0.66","5.7"
"tukipo river u/s makaretu confluence","TP","2011-12-01","2019-12-18","132","0.005","0.92"
"tukituki river at ashcott bridge s.h. 50","BDISC","2005-01-17","2019-12-17","170","0.03","8.64"
"tukituki river at ashcott bridge s.h. 50","DRP","2005-01-17","2019-12-17","202","0.001","0.016"
"tukituki river at ashcott bridge s.h. 50","ECOLI","2005-01-17","2019-10-22","166","1","1400"
"tukituki river at ashcott bridge s.h. 50","TON","2005-01-17","2019-12-17","207","0.002","1.88"
"tukituki river at ashcott bridge s.h. 50","PH","2005-05-30","2018-06-18","120","6.32","8.95"
"tukituki river at ashcott bridge s.h. 50","TN","2005-01-17","2019-12-17","198","0.1","1.982"
"tukituki river at ashcott bridge s.h. 50","TP","2005-01-17","2019-12-17","412","0.004","0.95"
"tukituki river at black bridge","BDISC","2005-01-18","2019-05-22","152","0.01","7"
"tukituki river at black bridge","DRP","2005-01-18","2019-06-18","170","0.001","0.088"
"tukituki river at black bridge","ECOLI","2005-01-18","2019-06-18","259","1","14000"
"tukituki river at black bridge","TON","2005-01-18","2019-06-18","171","0.001","1.99"
"tukituki river at black bridge","PH","2005-05-30","2018-06-18","110","6.33","9.74"
"tukituki river at black bridge","TN","2005-01-18","2019-06-18","167","0.1","2.766"
"tukituki river at black bridge","TP","2005-01-18","2019-06-18","342","0.004","1.52"
"tukituki river at red bridge","BDISC","2005-01-18","2019-12-17","162","0.01","7.8"
"tukituki river at red bridge","DRP","2005-01-18","2019-12-17","200","0.001","0.35"
"tukituki river at red bridge","ECOLI","2005-01-18","2019-10-22","168","1","15000"
"tukituki river at red bridge","TON","2005-01-18","2019-12-17","202","0.002","2.1"
"tukituki river at red bridge","PH","2005-05-30","2018-06-18","113","6.33","9.55"
"tukituki river at red bridge","TN","2005-01-18","2019-12-17","195","0.1","3.294"
"tukituki river at red bridge","TP","2005-01-18","2019-12-17","404","0.004","2.14"
"tukituki river at tamumu br.","BDISC","2005-01-17","2019-06-18","164","0.02","6.82"
"tukituki river at tamumu br.","DRP","2005-01-17","2019-06-18","186","0.0031","0.074"
"tukituki river at tamumu br.","ECOLI","2005-01-17","2019-06-18","163","1","7100"
"tukituki river at tamumu br.","TON","2005-01-17","2019-06-18","190","0.22","2.6"
"tukituki river at tamumu br.","PH","2012-07-31","2018-06-18","68","6.3","9.47"
"tukituki river at tamumu br.","TN","2005-01-17","2019-06-18","180","0.29","7.1"
"tukituki river at tamumu br.","TP","2005-01-17","2019-06-18","378","0.004","0.68"
"tukituki river at waipuk onga road","BDISC","2011-12-01","2019-11-20","52","0.05","87.5"
"tukituki river at waipuk onga road","DRP","2011-12-01","2019-11-20","56","0.001","0.0095"
"tukituki river at waipuk onga road","ECOLI","2015-02-23","2019-10-23","36","1","600"
"tukituki river at waipuk onga road","TON","2011-12-01","2019-11-20","59","0.0143","1.06"
"tukituki river at waipuk onga road","PH","2011-12-01","2018-05-15","38","0","8.7"
"tukituki river at waipuk onga road","TN","2011-12-01","2019-11-20","59","0.1","1.16"
"tukituki river at waipuk onga road","TP","2011-12-01","2019-11-20","116","0.004","0.52"
"tukituki river at waipukurau","BDISC","2012-11-21","2019-12-17","79","0.04","5.5"
"tukituki river at waipukurau","DRP","2012-11-21","2019-12-17","101","0.001","0.073"
"tukituki river at waipukurau","ECOLI","2010-11-01","2019-08-21","168","1","2900"
"tukituki river at waipukurau","TON","2012-11-21","2019-12-17","105","0.24","3.1"
"tukituki river at waipukurau","PH","2012-11-21","2018-06-18","66","6.83","9.29"
"tukituki river at waipukurau","TN","2012-11-21","2019-12-17","105","0.47","3.4"
"tukituki river at waipukurau","TP","2012-11-21","2019-12-17","208","0.004","0.63"
"tutaekuri river at brookfields bridge","BDISC","2005-02-03","2019-12-19","116","0.02","8.1"
"tutaekuri river at brookfields bridge","DRP","2005-02-03","2019-12-19","122","0.0021","0.067"
"tutaekuri river at brookfields bridge","ECOLI","2005-02-03","2019-09-19","109","1","17000"
"tutaekuri river at brookfields bridge","TON","2005-02-03","2019-12-19","122","0.001","0.67"
"tutaekuri river at brookfields bridge","PH","2005-05-27","2018-06-12","80","7.15","9.3"
"tutaekuri river at brookfields bridge","TN","2005-02-03","2019-12-19","119","0.1","4.6"
"tutaekuri river at brookfields bridge","TP","2005-02-03","2019-12-19","244","0.004","1.62"
"kahahakuri stream u/s tukituki confl","BDISC","2011-12-08","2019-09-16","83","0.04","5.3"
"kahahakuri stream u/s tukituki confl","DRP","2011-12-08","2019-12-18","105","0.0077","0.144"
"kahahakuri stream u/s tukituki confl","ECOLI","2012-11-21","2019-10-23","82","17","12000"
"kahahakuri stream u/s tukituki confl","TON","2011-12-08","2019-12-18","105","0.38","5.8"
"kahahakuri stream u/s tukituki confl","PH","2011-12-08","2018-06-18","78","6.49","8.61"
"kahahakuri stream u/s tukituki confl","TN","2011-12-08","2019-12-18","104","0.71","6.6"
"kahahakuri stream u/s tukituki confl","TP","2011-12-08","2019-12-18","210","0.013","0.94"
"tutaekuri river at lawrence hut","BDISC","2005-02-03","2019-12-19","117","0.09","14.2"
"tutaekuri river at lawrence hut","DRP","2005-02-03","2019-12-19","121","0.001","0.049"
"tutaekuri river at lawrence hut","ECOLI","2005-02-03","2019-09-19","111","1","180"
"tutaekuri river at lawrence hut","TON","2005-02-03","2019-12-19","121","0.001","0.68"
"tutaekuri river at lawrence hut","PH","2005-05-27","2018-05-28","86","6.88","9.16"
"tutaekuri river at lawrence hut","TN","2005-02-03","2019-12-19","117","0.1","0.69"
"tutaekuri river at lawrence hut","TP","2005-02-03","2019-12-19","242","0.004","0.2"
"tutaekuri river u/s mangaone","BDISC","2010-02-16","2019-12-19","93","0.02","6.1"
"tutaekuri river u/s mangaone","DRP","2010-02-16","2019-12-19","99","0.001","0.055"
"tutaekuri river u/s mangaone","ECOLI","2010-02-16","2019-09-19","89","1","6200"
"tutaekuri river u/s mangaone","TON","2010-02-16","2019-12-19","100","0.001","0.49"
"tutaekuri river u/s mangaone","PH","2010-02-16","2018-06-12","80","7.31","9.7"
"tutaekuri river u/s mangaone","TN","2010-02-16","2019-12-19","99","0.1","3.1"
"tutaekuri river u/s mangaone","TP","2010-02-16","2019-12-19","200","0.004","0.64"
"tutaekuri waimate stm at chesterhope","BDISC","2005-01-27","2018-08-07","70","0.29","3.97"
"tutaekuri waimate stm at chesterhope","DRP","2005-01-27","2019-12-10","117","0.004","0.074"
"tutaekuri waimate stm at chesterhope","ECOLI","2005-01-27","2019-10-03","108","5","4400"
"tutaekuri waimate stm at chesterhope","TON","2005-01-27","2019-12-10","117","0.0017","4.4"
"tutaekuri waimate stm at chesterhope","PH","2005-08-09","2018-06-05","78","7.33","8.96"
"tutaekuri waimate stm at chesterhope","TN","2005-01-27","2019-12-10","112","0.102","5.5"
"tutaekuri waimate stm at chesterhope","TP","2005-01-27","2019-12-10","234","0.025","2.3"
"waiarua at s.h.5","BDISC","2005-01-28","2019-12-20","105","0.54","5.1"
"waiarua at s.h.5","DRP","2005-01-28","2019-12-20","123","0.0036","0.0175"
"waiarua at s.h.5","ECOLI","2005-01-28","2019-10-01","107","1","230"
"waiarua at s.h.5","TON","2005-01-28","2019-12-20","123","0.043","1.45"
"waiarua at s.h.5","PH","2005-08-12","2018-12-05","77","5.89","8.94"
"waiarua at s.h.5","TN","2005-01-28","2019-12-20","120","0.1","1.582"
"waiarua at s.h.5","TP","2005-01-28","2019-12-20","244","0.006","0.051"
"waiau river at otoi","BDISC","2010-05-25","2019-12-04","94","0.01","4.05"
"waiau river at otoi","DRP","2010-05-25","2019-10-16","93","0.004","0.027"
"waiau river at otoi","ECOLI","2010-05-25","2019-09-25","81","1","4500"
"waiau river at otoi","TON","2010-05-25","2019-12-04","96","0.001","0.24"
"waiau river at otoi","PH","2010-08-30","2018-11-28","72","7.48","9.17"
"waiau river at otoi","TN","2010-05-25","2019-12-04","96","0.1","2.2"
"waiau river at otoi","TP","2010-05-25","2019-12-04","192","0.004","1.03"
"waihua river at waihua valley road","BDISC","2015-01-29","2019-12-05","54","0.02","5.4"
"waihua river at waihua valley road","DRP","2015-01-29","2019-12-05","59","0.0067","0.111"
"waihua river at waihua valley road","ECOLI","2015-01-29","2019-10-17","45","2","24000"
"waihua river at waihua valley road","TON","2015-01-29","2019-12-05","59","0.001","0.65"
"waihua river at waihua valley road","PH","2015-01-29","2018-06-28","40","7.43","9.06"
"waihua river at waihua valley road","TN","2015-01-29","2019-12-05","59","0.17","2.2"
"waihua river at waihua valley road","TP","2015-01-29","2019-12-05","118","0.02","0.52"
"waikari river at glenbrook road","BDISC","2005-02-14","2019-12-12","111","0.01","4.4"
"waikari river at glenbrook road","DRP","2005-02-14","2019-12-12","116","0.001","0.057"
"waikari river at glenbrook road","ECOLI","2005-02-14","2019-10-10","98","1","16000"
"waikari river at glenbrook road","TON","2005-02-14","2019-12-12","116","0.002","1.17"
"waikari river at glenbrook road","PH","2005-11-21","2018-07-02","79","7.66","9.19"
"waikari river at glenbrook road","TN","2005-05-16","2019-12-12","112","0.11","5.01"
"waikari river at glenbrook road","TP","2005-02-14","2019-12-12","232","0.006","1.61"
"waikatuku strm off harrison rd","BDISC","2012-11-08","2019-12-04","45","0.04","2.465"
"waikatuku strm off harrison rd","DRP","2012-11-08","2019-12-04","58","0.019","0.106"
"waikatuku strm off harrison rd","ECOLI","2012-11-08","2019-08-30","45","10","10000"
"waikatuku strm off harrison rd","TON","2012-11-08","2019-12-04","58","0.001","0.93"
"waikatuku strm off harrison rd","PH","2012-11-08","2018-06-27","37","6.54","8.6"
"waikatuku strm off harrison rd","TN","2012-11-08","2019-12-04","58","0.19","5.6"
"waikatuku strm off harrison rd","TP","2012-11-08","2019-12-04","118","0.064","0.56"
"waikoau river at waikoau road","BDISC","2015-01-30","2019-12-18","55","0.21","5.4"
"waikoau river at waikoau road","DRP","2015-01-30","2019-11-13","58","0.0073","0.073"
"waikoau river at waikoau road","ECOLI","2015-01-30","2019-08-22","46","7","7000"
"waikoau river at waikoau road","TON","2015-01-30","2019-12-18","59","0.001","0.66"
"waikoau river at waikoau road","PH","2015-01-30","2018-07-02","38","7.5","8.8"
"waikoau river at waikoau road","TN","2015-01-30","2019-12-18","59","0.1","0.94"
"waikoau river at waikoau road","TP","2015-01-30","2019-12-18","118","0.006","0.128"
"waingongoro stream at waimarama road","BDISC","2005-02-02","2019-12-17","107","0.06","5.025"
"waingongoro stream at waimarama road","DRP","2005-02-02","2019-12-17","114","0.004","0.106"
"waingongoro stream at waimarama road","ECOLI","2005-02-02","2019-10-03","111","5","25000"
"waingongoro stream at waimarama road","TON","2005-02-02","2019-12-17","118","0.85","4.1"
"waingongoro stream at waimarama road","PH","2005-08-05","2018-06-15","85","5.7","9.91"
"waingongoro stream at waimarama road","TN","2005-02-02","2019-12-17","115","1.031","4.68"
"waingongoro stream at waimarama road","TP","2005-02-02","2019-12-17","230","0.009","0.46"
"karewarewa stream at paki paki","BDISC","2005-02-11","2019-12-11","93","0","6.4"
"karewarewa stream at paki paki","DRP","2005-02-11","2019-12-11","117","0.036","2.46"
"karewarewa stream at paki paki","ECOLI","2005-02-11","2019-12-11","115","1","120000"
"karewarewa stream at paki paki","TON","2005-02-11","2019-12-11","118","0.0015","7.1"
"karewarewa stream at paki paki","PH","2005-02-11","2018-06-07","80","6.27","8.65"
"karewarewa stream at paki paki","TN","2005-02-11","2019-12-11","117","0.4","8.5"
"karewarewa stream at paki paki","TP","2005-02-11","2019-12-11","238","0.071","2.78"
"waipawa river at rds/sh2","BDISC","2010-12-17","2019-12-17","81","0.04","7.9"
"waipawa river at rds/sh2","DRP","2010-12-17","2019-12-17","78","0.0014","0.026"
"waipawa river at rds/sh2","ECOLI","2010-12-17","2019-08-21","75","3","3900"
"waipawa river at rds/sh2","TON","2010-12-17","2019-12-17","85","0.181","4.4"
"waipawa river at rds/sh2","PH","2010-12-17","2018-06-18","68","6.22","8.98"
"waipawa river at rds/sh2","TN","2010-12-17","2019-12-17","85","0.3","4.4"
"waipawa river at rds/sh2","TP","2010-12-17","2019-12-17","156","0.006","0.25"
"waipawa river at state highway 50","BDISC","2005-01-17","2019-12-17","171","0.03","8.8"
"waipawa river at state highway 50","DRP","2005-02-21","2019-12-17","169","0.001","0.025"
"waipawa river at state highway 50","ECOLI","2005-01-17","2019-10-22","165","1","1800"
"waipawa river at state highway 50","TON","2005-01-17","2019-12-17","177","0.001","0.536"
"waipawa river at state highway 50","PH","2005-05-30","2018-06-18","111","0","9.43"
"waipawa river at state highway 50","TN","2005-01-17","2019-12-17","171","0.1","1.42"
"waipawa river at state highway 50","TP","2005-02-21","2019-12-17","344","0.004","0.58"
"wairoa river at railway br.","BDISC","2009-02-11","2017-05-25","49","0.015","2.16"
"wairoa river at railway br.","DRP","2005-02-14","2019-12-05","112","0.001","0.035"
"wairoa river at railway br.","ECOLI","2005-02-14","2019-09-26","95","1","14000"
"wairoa river at railway br.","TON","2005-02-14","2019-12-05","113","0.001","7.3"
"wairoa river at railway br.","PH","2005-08-16","2019-01-31","76","7.45","8.78"
"wairoa river at railway br.","TN","2005-02-14","2019-12-05","113","0.1","7.585"
"wairoa river at railway br.","TP","2005-02-14","2019-12-05","224","0.004","2.2"
"waitio stream at ohiti road","BDISC","2005-01-27","2019-12-10","110","0.1","8.1"
"waitio stream at ohiti road","DRP","2005-01-27","2019-12-10","117","0.004","0.29"
"waitio stream at ohiti road","ECOLI","2005-01-27","2019-10-03","109","1","12000"
"waitio stream at ohiti road","TON","2005-01-27","2019-12-10","120","0.095","0.78"
"waitio stream at ohiti road","PH","2005-08-09","2018-07-03","87","7.33","9.38"
"waitio stream at ohiti road","TN","2005-01-27","2019-12-10","117","0.18","1.7"
"waitio stream at ohiti road","TP","2005-01-27","2019-12-10","234","0.014","0.39"
"kioreau stream at porangahau road","BDISC","2012-04-18","2019-12-11","7","0.17","0.947"
"kioreau stream at porangahau road","DRP","2012-04-18","2019-12-11","25","0.139","1.4"
"kioreau stream at porangahau road","ECOLI","2018-02-15","2019-10-21","16","30","5800"
"kioreau stream at porangahau road","TON","2012-04-18","2019-12-11","24","0.0011","1.03"
"kioreau stream at porangahau road","PH","2012-04-18","2018-06-21","6","7.44","8.75"
"kioreau stream at porangahau road","TN","2012-04-18","2019-12-11","24","0.93","3.1"
"kioreau stream at porangahau road","TP","2012-04-18","2019-12-11","50","0.22","1.76"
"kopuawhara stream at railway bridge","BDISC","2005-02-15","2019-12-05","111","0.07","6.1"
"kopuawhara stream at railway bridge","DRP","2005-02-15","2019-12-05","119","0.001","0.033"
"kopuawhara stream at railway bridge","ECOLI","2005-02-15","2019-12-05","111","1","7700"
"kopuawhara stream at railway bridge","TON","2005-02-15","2019-12-05","119","0.001","0.45"
"kopuawhara stream at railway bridge","PH","2005-11-22","2018-06-28","81","7.26","8.87"
"kopuawhara stream at railway bridge","TN","2005-02-15","2019-12-05","119","0.1","1.22"
"kopuawhara stream at railway bridge","TP","2005-02-15","2019-12-05","238","0.004","0.3"
