"LAWAID","BandingRule","Year","NOFMedian"
"ebop-00087","Tot_Nitr_Band",2019,"B"
"ebop-00088","Tot_Nitr_Band",2019,"C"
"ebop-00089","Tot_Nitr_Band",2019,"A"
"ebop-00090","Tot_Nitr_Band",2019,"B"
"ebop-00091","Tot_Nitr_Band",2019,"B"
"ebop-00092","Tot_Nitr_Band",2019,"B"
"ebop-00093","Tot_Nitr_Band",2019,"B"
"ebop-00094","Tot_Nitr_Band",2019,"B"
"ebop-00095","Tot_Nitr_Band",2019,"A"
"ebop-00096","Tot_Nitr_Band",2019,"B"
"ebop-00097","Tot_Nitr_Band",2019,"B"
"ebop-00098","Tot_Nitr_Band",2019,"B"
"ebop-00099","Tot_Nitr_Band",2019,"A"
"ebop-00100","Tot_Nitr_Band",2019,"B"
"ecan-00325","Tot_Nitr_Band",2019,"D"
"ecan-00331","Tot_Nitr_Band",2019,NA
"ecan-00334","Tot_Nitr_Band",2019,"D"
"ecan-00347","Tot_Nitr_Band",2019,"D"
"ecan-00348","Tot_Nitr_Band",2019,"D"
"ecan-00363","Tot_Nitr_Band",2019,NA
"ecan-00369","Tot_Nitr_Band",2019,"D"
"ecan-00370","Tot_Nitr_Band",2019,"D"
"ecan-00371","Tot_Nitr_Band",2019,"D"
"ecan-00372","Tot_Nitr_Band",2019,"D"
"es-000142","Tot_Nitr_Band",2019,"D"
"es-000157","Tot_Nitr_Band",2019,"C"
"es-000158","Tot_Nitr_Band",2019,"D"
"es-000159","Tot_Nitr_Band",2019,"D"
"es-00144","Tot_Nitr_Band",2019,"C"
"gw-00257","Tot_Nitr_Band",2019,"C"
"gw-00258","Tot_Nitr_Band",2019,"B"
"gw-00262","Tot_Nitr_Band",2019,"C"
"gw-00263","Tot_Nitr_Band",2019,"B"
"hbrc-00173","Tot_Nitr_Band",2019,NA
"hbrc-00176","Tot_Nitr_Band",2019,"C"
"hrc-00331","Tot_Nitr_Band",2019,NA
"hrc-00333","Tot_Nitr_Band",2019,"D"
"hrc-00335","Tot_Nitr_Band",2019,NA
"hrc-00337","Tot_Nitr_Band",2019,NA
"lawa-100207","Tot_Nitr_Band",2019,"C"
"lawa-100208","Tot_Nitr_Band",2019,"C"
"lawa-100209","Tot_Nitr_Band",2019,NA
"lawa-100210","Tot_Nitr_Band",2019,NA
"lawa-100215","Tot_Nitr_Band",2019,"C"
"orc-00027","Tot_Nitr_Band",2019,"A"
"orc-00028","Tot_Nitr_Band",2019,"A"
"orc-00031","Tot_Nitr_Band",2019,"B"
"orc-00033","Tot_Nitr_Band",2019,"D"
"orc-00034","Tot_Nitr_Band",2019,"B"
"orc-00035","Tot_Nitr_Band",2019,"B"
"orc-00036","Tot_Nitr_Band",2019,"B"
"orc-00037","Tot_Nitr_Band",2019,"A"
"orc-00038","Tot_Nitr_Band",2019,"A"
"trc-00051","Tot_Nitr_Band",2019,NA
"trc-00051","Tot_Nitr_Band",2019,NA
"trc-00053","Tot_Nitr_Band",2019,NA
"trc-00053","Tot_Nitr_Band",2019,NA
"wcrc-00064","Tot_Nitr_Band",2019,"B"
"nrc-00075","Tot_Nitr_Band",2019,NA
"nrc-00087","Tot_Nitr_Band",2019,NA
"nrc-00090","Tot_Nitr_Band",2019,NA
"nrc-00095","Tot_Nitr_Band",2019,"B"
"hbrc-00171","Tot_Nitr_Band",2019,"D"
"lawa-102219","Tot_Nitr_Band",2019,NA
"lawa-102220","Tot_Nitr_Band",2019,"C"
"lawa-102221","Tot_Nitr_Band",2019,NA
"arc-00099","Tot_Nitr_Band",2019,NA
"lawa-100211","Tot_Nitr_Band",2019,NA
"lawa-100213","Tot_Nitr_Band",2019,NA
"lawa-100263","Tot_Nitr_Band",2019,NA
"lawa-100264","Tot_Nitr_Band",2019,NA
"lawa-100266","Tot_Nitr_Band",2019,NA
"arc-00098","Tot_Nitr_Band",2019,NA
"arc-00100","Tot_Nitr_Band",2019,NA
"arc-10002","Tot_Nitr_Band",2019,NA
"hbrc-00170","Tot_Nitr_Band",2019,NA
"nrc-00071","Tot_Nitr_Band",2019,NA
"nrc-00072","Tot_Nitr_Band",2019,NA
"nrc-00073","Tot_Nitr_Band",2019,NA
"nrc-00074","Tot_Nitr_Band",2019,NA
"nrc-00076","Tot_Nitr_Band",2019,NA
"nrc-00077","Tot_Nitr_Band",2019,NA
"nrc-00078","Tot_Nitr_Band",2019,NA
"nrc-00079","Tot_Nitr_Band",2019,NA
"nrc-00080","Tot_Nitr_Band",2019,NA
"nrc-00081","Tot_Nitr_Band",2019,NA
"nrc-00082","Tot_Nitr_Band",2019,NA
"nrc-00083","Tot_Nitr_Band",2019,NA
"nrc-00084","Tot_Nitr_Band",2019,NA
"nrc-00085","Tot_Nitr_Band",2019,NA
"nrc-00086","Tot_Nitr_Band",2019,NA
"nrc-00088","Tot_Nitr_Band",2019,NA
"nrc-00089","Tot_Nitr_Band",2019,NA
"nrc-00091","Tot_Nitr_Band",2019,NA
"nrc-00092","Tot_Nitr_Band",2019,NA
"nrc-00093","Tot_Nitr_Band",2019,NA
"nrc-00094","Tot_Nitr_Band",2019,NA
"nrc-00096","Tot_Nitr_Band",2019,NA
"wcrc-00065","Tot_Nitr_Band",2019,"B"
"wcrc-00067","Tot_Nitr_Band",2019,"C"
"ecan-00326","Tot_Nitr_Band",2019,NA
"ecan-00327","Tot_Nitr_Band",2019,NA
"ecan-00328","Tot_Nitr_Band",2019,NA
"ecan-00329","Tot_Nitr_Band",2019,NA
"ecan-00330","Tot_Nitr_Band",2019,NA
"ecan-00332","Tot_Nitr_Band",2019,NA
"ecan-00333","Tot_Nitr_Band",2019,NA
"ecan-00335","Tot_Nitr_Band",2019,NA
"ecan-00336","Tot_Nitr_Band",2019,NA
"ecan-00337","Tot_Nitr_Band",2019,NA
"ecan-00338","Tot_Nitr_Band",2019,NA
"ecan-00339","Tot_Nitr_Band",2019,NA
"ecan-00340","Tot_Nitr_Band",2019,NA
"ecan-00341","Tot_Nitr_Band",2019,NA
"ecan-00342","Tot_Nitr_Band",2019,NA
"ecan-00343","Tot_Nitr_Band",2019,NA
"ecan-00344","Tot_Nitr_Band",2019,NA
"ecan-00345","Tot_Nitr_Band",2019,NA
"ecan-00346","Tot_Nitr_Band",2019,NA
"ecan-00349","Tot_Nitr_Band",2019,NA
"ecan-00351","Tot_Nitr_Band",2019,NA
"ecan-00354","Tot_Nitr_Band",2019,NA
"ecan-00355","Tot_Nitr_Band",2019,NA
"ecan-00357","Tot_Nitr_Band",2019,NA
"ecan-00358","Tot_Nitr_Band",2019,NA
"ecan-00359","Tot_Nitr_Band",2019,NA
"ecan-00367","Tot_Nitr_Band",2019,NA
"ecan-00368","Tot_Nitr_Band",2019,NA
"hrc-00332","Tot_Nitr_Band",2019,NA
"hrc-00342","Tot_Nitr_Band",2019,NA
"lawa-100250","Tot_Nitr_Band",2019,NA
"lawa-101983","Tot_Nitr_Band",2019,NA
"hrc-00339","Tot_Nitr_Band",2019,NA
"lawa-102308","Tot_Nitr_Band",2019,NA
"hrc-00329","Tot_Nitr_Band",2019,NA
"hbrc-00172","Tot_Nitr_Band",2019,NA
"trc-00051","Tot_Nitr_Band",2019,NA
"trc-00053","Tot_Nitr_Band",2019,NA
"lawa-101984","Tot_Nitr_Band",2019,NA
"lawa-101985","Tot_Nitr_Band",2019,NA
"trc-00051","Tot_Nitr_Band",2019,NA
"trc-00053","Tot_Nitr_Band",2019,NA
"ebop-00087","Tot_Phos_Band",2019,"A"
"ebop-00088","Tot_Phos_Band",2019,"C"
"ebop-00089","Tot_Phos_Band",2019,"B"
"ebop-00090","Tot_Phos_Band",2019,"A"
"ebop-00091","Tot_Phos_Band",2019,"C"
"ebop-00092","Tot_Phos_Band",2019,"B"
"ebop-00093","Tot_Phos_Band",2019,"C"
"ebop-00094","Tot_Phos_Band",2019,"C"
"ebop-00095","Tot_Phos_Band",2019,"A"
"ebop-00096","Tot_Phos_Band",2019,"D"
"ebop-00097","Tot_Phos_Band",2019,"B"
"ebop-00098","Tot_Phos_Band",2019,"B"
"ebop-00099","Tot_Phos_Band",2019,"C"
"ebop-00100","Tot_Phos_Band",2019,"A"
"ecan-00325","Tot_Phos_Band",2019,"D"
"ecan-00331","Tot_Phos_Band",2019,NA
"ecan-00334","Tot_Phos_Band",2019,"D"
"ecan-00347","Tot_Phos_Band",2019,"D"
"ecan-00348","Tot_Phos_Band",2019,"A"
"ecan-00363","Tot_Phos_Band",2019,NA
"ecan-00369","Tot_Phos_Band",2019,"D"
"ecan-00370","Tot_Phos_Band",2019,"D"
"ecan-00371","Tot_Phos_Band",2019,"D"
"ecan-00372","Tot_Phos_Band",2019,"D"
"es-000142","Tot_Phos_Band",2019,"C"
"es-000157","Tot_Phos_Band",2019,"C"
"es-000158","Tot_Phos_Band",2019,"C"
"es-000159","Tot_Phos_Band",2019,"C"
"es-00144","Tot_Phos_Band",2019,"C"
"gw-00257","Tot_Phos_Band",2019,"C"
"gw-00258","Tot_Phos_Band",2019,"D"
"gw-00262","Tot_Phos_Band",2019,"C"
"gw-00263","Tot_Phos_Band",2019,"D"
"hbrc-00173","Tot_Phos_Band",2019,NA
"hbrc-00176","Tot_Phos_Band",2019,"C"
"hrc-00331","Tot_Phos_Band",2019,NA
"hrc-00333","Tot_Phos_Band",2019,"D"
"hrc-00335","Tot_Phos_Band",2019,NA
"hrc-00337","Tot_Phos_Band",2019,NA
"lawa-100207","Tot_Phos_Band",2019,"C"
"lawa-100208","Tot_Phos_Band",2019,"C"
"lawa-100209","Tot_Phos_Band",2019,NA
"lawa-100210","Tot_Phos_Band",2019,NA
"lawa-100215","Tot_Phos_Band",2019,"C"
"orc-00027","Tot_Phos_Band",2019,"A"
"orc-00028","Tot_Phos_Band",2019,"B"
"orc-00031","Tot_Phos_Band",2019,"C"
"orc-00033","Tot_Phos_Band",2019,"C"
"orc-00034","Tot_Phos_Band",2019,"C"
"orc-00035","Tot_Phos_Band",2019,"C"
"orc-00036","Tot_Phos_Band",2019,"C"
"orc-00037","Tot_Phos_Band",2019,"A"
"orc-00038","Tot_Phos_Band",2019,"C"
"trc-00051","Tot_Phos_Band",2019,NA
"trc-00051","Tot_Phos_Band",2019,NA
"trc-00053","Tot_Phos_Band",2019,NA
"trc-00053","Tot_Phos_Band",2019,NA
"wcrc-00064","Tot_Phos_Band",2019,"A"
"nrc-00075","Tot_Phos_Band",2019,NA
"nrc-00087","Tot_Phos_Band",2019,NA
"nrc-00090","Tot_Phos_Band",2019,NA
"nrc-00095","Tot_Phos_Band",2019,"C"
"hbrc-00171","Tot_Phos_Band",2019,"D"
"lawa-102219","Tot_Phos_Band",2019,NA
"lawa-102220","Tot_Phos_Band",2019,"C"
"lawa-102221","Tot_Phos_Band",2019,NA
"arc-00099","Tot_Phos_Band",2019,NA
"lawa-100211","Tot_Phos_Band",2019,NA
"lawa-100213","Tot_Phos_Band",2019,NA
"lawa-100263","Tot_Phos_Band",2019,NA
"lawa-100264","Tot_Phos_Band",2019,NA
"lawa-100266","Tot_Phos_Band",2019,NA
"arc-00098","Tot_Phos_Band",2019,NA
"arc-00100","Tot_Phos_Band",2019,NA
"arc-10002","Tot_Phos_Band",2019,NA
"hbrc-00170","Tot_Phos_Band",2019,NA
"nrc-00071","Tot_Phos_Band",2019,NA
"nrc-00072","Tot_Phos_Band",2019,NA
"nrc-00073","Tot_Phos_Band",2019,NA
"nrc-00074","Tot_Phos_Band",2019,NA
"nrc-00076","Tot_Phos_Band",2019,NA
"nrc-00077","Tot_Phos_Band",2019,NA
"nrc-00078","Tot_Phos_Band",2019,NA
"nrc-00079","Tot_Phos_Band",2019,NA
"nrc-00080","Tot_Phos_Band",2019,NA
"nrc-00081","Tot_Phos_Band",2019,NA
"nrc-00082","Tot_Phos_Band",2019,NA
"nrc-00083","Tot_Phos_Band",2019,NA
"nrc-00084","Tot_Phos_Band",2019,NA
"nrc-00085","Tot_Phos_Band",2019,NA
"nrc-00086","Tot_Phos_Band",2019,NA
"nrc-00088","Tot_Phos_Band",2019,NA
"nrc-00089","Tot_Phos_Band",2019,NA
"nrc-00091","Tot_Phos_Band",2019,NA
"nrc-00092","Tot_Phos_Band",2019,NA
"nrc-00093","Tot_Phos_Band",2019,NA
"nrc-00094","Tot_Phos_Band",2019,NA
"nrc-00096","Tot_Phos_Band",2019,NA
"wcrc-00065","Tot_Phos_Band",2019,"A"
"wcrc-00067","Tot_Phos_Band",2019,"B"
"ecan-00326","Tot_Phos_Band",2019,NA
"ecan-00327","Tot_Phos_Band",2019,NA
"ecan-00328","Tot_Phos_Band",2019,NA
"ecan-00329","Tot_Phos_Band",2019,NA
"ecan-00330","Tot_Phos_Band",2019,NA
"ecan-00332","Tot_Phos_Band",2019,NA
"ecan-00333","Tot_Phos_Band",2019,NA
"ecan-00335","Tot_Phos_Band",2019,NA
"ecan-00336","Tot_Phos_Band",2019,NA
"ecan-00337","Tot_Phos_Band",2019,NA
"ecan-00338","Tot_Phos_Band",2019,NA
"ecan-00339","Tot_Phos_Band",2019,NA
"ecan-00340","Tot_Phos_Band",2019,NA
"ecan-00341","Tot_Phos_Band",2019,NA
"ecan-00342","Tot_Phos_Band",2019,NA
"ecan-00343","Tot_Phos_Band",2019,NA
"ecan-00344","Tot_Phos_Band",2019,NA
"ecan-00345","Tot_Phos_Band",2019,NA
"ecan-00346","Tot_Phos_Band",2019,NA
"ecan-00349","Tot_Phos_Band",2019,NA
"ecan-00351","Tot_Phos_Band",2019,NA
"ecan-00354","Tot_Phos_Band",2019,NA
"ecan-00355","Tot_Phos_Band",2019,NA
"ecan-00357","Tot_Phos_Band",2019,NA
"ecan-00358","Tot_Phos_Band",2019,NA
"ecan-00359","Tot_Phos_Band",2019,NA
"ecan-00367","Tot_Phos_Band",2019,NA
"ecan-00368","Tot_Phos_Band",2019,NA
"hrc-00332","Tot_Phos_Band",2019,NA
"hrc-00342","Tot_Phos_Band",2019,NA
"lawa-100250","Tot_Phos_Band",2019,NA
"lawa-101983","Tot_Phos_Band",2019,NA
"hrc-00339","Tot_Phos_Band",2019,NA
"lawa-102308","Tot_Phos_Band",2019,NA
"hrc-00329","Tot_Phos_Band",2019,NA
"hbrc-00172","Tot_Phos_Band",2019,NA
"trc-00051","Tot_Phos_Band",2019,NA
"trc-00053","Tot_Phos_Band",2019,NA
"lawa-101984","Tot_Phos_Band",2019,NA
"lawa-101985","Tot_Phos_Band",2019,NA
"trc-00051","Tot_Phos_Band",2019,NA
"trc-00053","Tot_Phos_Band",2019,NA
"ebop-00087","Med_Ammoniacal_Band",2019,"A"
"ebop-00088","Med_Ammoniacal_Band",2019,"A"
"ebop-00089","Med_Ammoniacal_Band",2019,"A"
"ebop-00090","Med_Ammoniacal_Band",2019,"A"
"ebop-00091","Med_Ammoniacal_Band",2019,"A"
"ebop-00092","Med_Ammoniacal_Band",2019,"A"
"ebop-00093","Med_Ammoniacal_Band",2019,"A"
"ebop-00094","Med_Ammoniacal_Band",2019,"A"
"ebop-00095","Med_Ammoniacal_Band",2019,"A"
"ebop-00096","Med_Ammoniacal_Band",2019,"A"
"ebop-00097","Med_Ammoniacal_Band",2019,"A"
"ebop-00098","Med_Ammoniacal_Band",2019,"A"
"ebop-00099","Med_Ammoniacal_Band",2019,"A"
"ebop-00100","Med_Ammoniacal_Band",2019,"A"
"ecan-00325","Med_Ammoniacal_Band",2019,"A"
"ecan-00331","Med_Ammoniacal_Band",2019,NA
"ecan-00334","Med_Ammoniacal_Band",2019,"A"
"ecan-00347","Med_Ammoniacal_Band",2019,"B"
"ecan-00348","Med_Ammoniacal_Band",2019,"A"
"ecan-00363","Med_Ammoniacal_Band",2019,NA
"ecan-00369","Med_Ammoniacal_Band",2019,"A"
"ecan-00370","Med_Ammoniacal_Band",2019,"A"
"ecan-00371","Med_Ammoniacal_Band",2019,"A"
"ecan-00372","Med_Ammoniacal_Band",2019,"B"
"es-000142","Med_Ammoniacal_Band",2019,NA
"es-000157","Med_Ammoniacal_Band",2019,NA
"es-000158","Med_Ammoniacal_Band",2019,NA
"es-000159","Med_Ammoniacal_Band",2019,NA
"es-00144","Med_Ammoniacal_Band",2019,"A"
"gw-00257","Med_Ammoniacal_Band",2019,"A"
"gw-00258","Med_Ammoniacal_Band",2019,"A"
"gw-00262","Med_Ammoniacal_Band",2019,"A"
"gw-00263","Med_Ammoniacal_Band",2019,"A"
"hbrc-00173","Med_Ammoniacal_Band",2019,NA
"hbrc-00176","Med_Ammoniacal_Band",2019,NA
"hrc-00331","Med_Ammoniacal_Band",2019,NA
"hrc-00333","Med_Ammoniacal_Band",2019,"A"
"hrc-00335","Med_Ammoniacal_Band",2019,NA
"hrc-00337","Med_Ammoniacal_Band",2019,NA
"lawa-100207","Med_Ammoniacal_Band",2019,"A"
"lawa-100208","Med_Ammoniacal_Band",2019,"A"
"lawa-100209","Med_Ammoniacal_Band",2019,NA
"lawa-100210","Med_Ammoniacal_Band",2019,NA
"lawa-100215","Med_Ammoniacal_Band",2019,"A"
"orc-00027","Med_Ammoniacal_Band",2019,"A"
"orc-00028","Med_Ammoniacal_Band",2019,"A"
"orc-00031","Med_Ammoniacal_Band",2019,"A"
"orc-00033","Med_Ammoniacal_Band",2019,"A"
"orc-00034","Med_Ammoniacal_Band",2019,"A"
"orc-00035","Med_Ammoniacal_Band",2019,"A"
"orc-00036","Med_Ammoniacal_Band",2019,"A"
"orc-00037","Med_Ammoniacal_Band",2019,"A"
"orc-00038","Med_Ammoniacal_Band",2019,"A"
"trc-00051","Med_Ammoniacal_Band",2019,NA
"trc-00051","Med_Ammoniacal_Band",2019,NA
"trc-00053","Med_Ammoniacal_Band",2019,NA
"trc-00053","Med_Ammoniacal_Band",2019,NA
"wcrc-00064","Med_Ammoniacal_Band",2019,"A"
"nrc-00075","Med_Ammoniacal_Band",2019,NA
"nrc-00087","Med_Ammoniacal_Band",2019,NA
"nrc-00090","Med_Ammoniacal_Band",2019,NA
"nrc-00095","Med_Ammoniacal_Band",2019,"A"
"hbrc-00171","Med_Ammoniacal_Band",2019,NA
"lawa-102219","Med_Ammoniacal_Band",2019,NA
"lawa-102220","Med_Ammoniacal_Band",2019,"A"
"lawa-102221","Med_Ammoniacal_Band",2019,NA
"arc-00099","Med_Ammoniacal_Band",2019,NA
"lawa-100211","Med_Ammoniacal_Band",2019,NA
"lawa-100213","Med_Ammoniacal_Band",2019,NA
"lawa-100263","Med_Ammoniacal_Band",2019,NA
"lawa-100264","Med_Ammoniacal_Band",2019,NA
"lawa-100266","Med_Ammoniacal_Band",2019,NA
"arc-00098","Med_Ammoniacal_Band",2019,NA
"arc-00100","Med_Ammoniacal_Band",2019,NA
"arc-10002","Med_Ammoniacal_Band",2019,NA
"hbrc-00170","Med_Ammoniacal_Band",2019,NA
"nrc-00071","Med_Ammoniacal_Band",2019,NA
"nrc-00072","Med_Ammoniacal_Band",2019,NA
"nrc-00073","Med_Ammoniacal_Band",2019,NA
"nrc-00074","Med_Ammoniacal_Band",2019,NA
"nrc-00076","Med_Ammoniacal_Band",2019,NA
"nrc-00077","Med_Ammoniacal_Band",2019,NA
"nrc-00078","Med_Ammoniacal_Band",2019,NA
"nrc-00079","Med_Ammoniacal_Band",2019,NA
"nrc-00080","Med_Ammoniacal_Band",2019,NA
"nrc-00081","Med_Ammoniacal_Band",2019,NA
"nrc-00082","Med_Ammoniacal_Band",2019,NA
"nrc-00083","Med_Ammoniacal_Band",2019,NA
"nrc-00084","Med_Ammoniacal_Band",2019,NA
"nrc-00085","Med_Ammoniacal_Band",2019,NA
"nrc-00086","Med_Ammoniacal_Band",2019,NA
"nrc-00088","Med_Ammoniacal_Band",2019,NA
"nrc-00089","Med_Ammoniacal_Band",2019,NA
"nrc-00091","Med_Ammoniacal_Band",2019,NA
"nrc-00092","Med_Ammoniacal_Band",2019,NA
"nrc-00093","Med_Ammoniacal_Band",2019,NA
"nrc-00094","Med_Ammoniacal_Band",2019,NA
"nrc-00096","Med_Ammoniacal_Band",2019,NA
"wcrc-00065","Med_Ammoniacal_Band",2019,"A"
"wcrc-00067","Med_Ammoniacal_Band",2019,"A"
"ecan-00326","Med_Ammoniacal_Band",2019,NA
"ecan-00327","Med_Ammoniacal_Band",2019,NA
"ecan-00328","Med_Ammoniacal_Band",2019,NA
"ecan-00329","Med_Ammoniacal_Band",2019,NA
"ecan-00330","Med_Ammoniacal_Band",2019,NA
"ecan-00332","Med_Ammoniacal_Band",2019,NA
"ecan-00333","Med_Ammoniacal_Band",2019,NA
"ecan-00335","Med_Ammoniacal_Band",2019,NA
"ecan-00336","Med_Ammoniacal_Band",2019,NA
"ecan-00337","Med_Ammoniacal_Band",2019,NA
"ecan-00338","Med_Ammoniacal_Band",2019,NA
"ecan-00339","Med_Ammoniacal_Band",2019,NA
"ecan-00340","Med_Ammoniacal_Band",2019,NA
"ecan-00341","Med_Ammoniacal_Band",2019,NA
"ecan-00342","Med_Ammoniacal_Band",2019,NA
"ecan-00343","Med_Ammoniacal_Band",2019,NA
"ecan-00344","Med_Ammoniacal_Band",2019,NA
"ecan-00345","Med_Ammoniacal_Band",2019,NA
"ecan-00346","Med_Ammoniacal_Band",2019,NA
"ecan-00349","Med_Ammoniacal_Band",2019,NA
"ecan-00351","Med_Ammoniacal_Band",2019,NA
"ecan-00354","Med_Ammoniacal_Band",2019,NA
"ecan-00355","Med_Ammoniacal_Band",2019,NA
"ecan-00357","Med_Ammoniacal_Band",2019,NA
"ecan-00358","Med_Ammoniacal_Band",2019,NA
"ecan-00359","Med_Ammoniacal_Band",2019,NA
"ecan-00367","Med_Ammoniacal_Band",2019,NA
"ecan-00368","Med_Ammoniacal_Band",2019,NA
"hrc-00332","Med_Ammoniacal_Band",2019,NA
"hrc-00342","Med_Ammoniacal_Band",2019,NA
"lawa-100250","Med_Ammoniacal_Band",2019,NA
"lawa-101983","Med_Ammoniacal_Band",2019,NA
"hrc-00339","Med_Ammoniacal_Band",2019,NA
"lawa-102308","Med_Ammoniacal_Band",2019,NA
"hrc-00329","Med_Ammoniacal_Band",2019,NA
"hbrc-00172","Med_Ammoniacal_Band",2019,NA
"trc-00051","Med_Ammoniacal_Band",2019,NA
"trc-00053","Med_Ammoniacal_Band",2019,NA
"lawa-101984","Med_Ammoniacal_Band",2019,NA
"lawa-101985","Med_Ammoniacal_Band",2019,NA
"trc-00051","Med_Ammoniacal_Band",2019,NA
"trc-00053","Med_Ammoniacal_Band",2019,NA
"ebop-00087","Max_Ammoniacal_Band",2019,"A"
"ebop-00088","Max_Ammoniacal_Band",2019,"C"
"ebop-00089","Max_Ammoniacal_Band",2019,"A"
"ebop-00090","Max_Ammoniacal_Band",2019,"A"
"ebop-00091","Max_Ammoniacal_Band",2019,"B"
"ebop-00092","Max_Ammoniacal_Band",2019,"A"
"ebop-00093","Max_Ammoniacal_Band",2019,"A"
"ebop-00094","Max_Ammoniacal_Band",2019,"A"
"ebop-00095","Max_Ammoniacal_Band",2019,"A"
"ebop-00096","Max_Ammoniacal_Band",2019,"A"
"ebop-00097","Max_Ammoniacal_Band",2019,"A"
"ebop-00098","Max_Ammoniacal_Band",2019,"B"
"ebop-00099","Max_Ammoniacal_Band",2019,"A"
"ebop-00100","Max_Ammoniacal_Band",2019,"A"
"ecan-00325","Max_Ammoniacal_Band",2019,"B"
"ecan-00331","Max_Ammoniacal_Band",2019,NA
"ecan-00334","Max_Ammoniacal_Band",2019,"A"
"ecan-00347","Max_Ammoniacal_Band",2019,"B"
"ecan-00348","Max_Ammoniacal_Band",2019,"B"
"ecan-00363","Max_Ammoniacal_Band",2019,NA
"ecan-00369","Max_Ammoniacal_Band",2019,"A"
"ecan-00370","Max_Ammoniacal_Band",2019,"A"
"ecan-00371","Max_Ammoniacal_Band",2019,"A"
"ecan-00372","Max_Ammoniacal_Band",2019,"B"
"es-000142","Max_Ammoniacal_Band",2019,NA
"es-000157","Max_Ammoniacal_Band",2019,NA
"es-000158","Max_Ammoniacal_Band",2019,NA
"es-000159","Max_Ammoniacal_Band",2019,NA
"es-00144","Max_Ammoniacal_Band",2019,"A"
"gw-00257","Max_Ammoniacal_Band",2019,"B"
"gw-00258","Max_Ammoniacal_Band",2019,"A"
"gw-00262","Max_Ammoniacal_Band",2019,"B"
"gw-00263","Max_Ammoniacal_Band",2019,"B"
"hbrc-00173","Max_Ammoniacal_Band",2019,NA
"hbrc-00176","Max_Ammoniacal_Band",2019,NA
"hrc-00331","Max_Ammoniacal_Band",2019,NA
"hrc-00333","Max_Ammoniacal_Band",2019,"C"
"hrc-00335","Max_Ammoniacal_Band",2019,NA
"hrc-00337","Max_Ammoniacal_Band",2019,NA
"lawa-100207","Max_Ammoniacal_Band",2019,"A"
"lawa-100208","Max_Ammoniacal_Band",2019,"A"
"lawa-100209","Max_Ammoniacal_Band",2019,NA
"lawa-100210","Max_Ammoniacal_Band",2019,NA
"lawa-100215","Max_Ammoniacal_Band",2019,"A"
"orc-00027","Max_Ammoniacal_Band",2019,"A"
"orc-00028","Max_Ammoniacal_Band",2019,"A"
"orc-00031","Max_Ammoniacal_Band",2019,"B"
"orc-00033","Max_Ammoniacal_Band",2019,"B"
"orc-00034","Max_Ammoniacal_Band",2019,"A"
"orc-00035","Max_Ammoniacal_Band",2019,"B"
"orc-00036","Max_Ammoniacal_Band",2019,"A"
"orc-00037","Max_Ammoniacal_Band",2019,"A"
"orc-00038","Max_Ammoniacal_Band",2019,"A"
"trc-00051","Max_Ammoniacal_Band",2019,NA
"trc-00051","Max_Ammoniacal_Band",2019,NA
"trc-00053","Max_Ammoniacal_Band",2019,NA
"trc-00053","Max_Ammoniacal_Band",2019,NA
"wcrc-00064","Max_Ammoniacal_Band",2019,"A"
"nrc-00075","Max_Ammoniacal_Band",2019,NA
"nrc-00087","Max_Ammoniacal_Band",2019,NA
"nrc-00090","Max_Ammoniacal_Band",2019,NA
"nrc-00095","Max_Ammoniacal_Band",2019,"B"
"hbrc-00171","Max_Ammoniacal_Band",2019,NA
"lawa-102219","Max_Ammoniacal_Band",2019,NA
"lawa-102220","Max_Ammoniacal_Band",2019,"B"
"lawa-102221","Max_Ammoniacal_Band",2019,NA
"arc-00099","Max_Ammoniacal_Band",2019,NA
"lawa-100211","Max_Ammoniacal_Band",2019,NA
"lawa-100213","Max_Ammoniacal_Band",2019,NA
"lawa-100263","Max_Ammoniacal_Band",2019,NA
"lawa-100264","Max_Ammoniacal_Band",2019,NA
"lawa-100266","Max_Ammoniacal_Band",2019,NA
"arc-00098","Max_Ammoniacal_Band",2019,NA
"arc-00100","Max_Ammoniacal_Band",2019,NA
"arc-10002","Max_Ammoniacal_Band",2019,NA
"hbrc-00170","Max_Ammoniacal_Band",2019,NA
"nrc-00071","Max_Ammoniacal_Band",2019,NA
"nrc-00072","Max_Ammoniacal_Band",2019,NA
"nrc-00073","Max_Ammoniacal_Band",2019,NA
"nrc-00074","Max_Ammoniacal_Band",2019,NA
"nrc-00076","Max_Ammoniacal_Band",2019,NA
"nrc-00077","Max_Ammoniacal_Band",2019,NA
"nrc-00078","Max_Ammoniacal_Band",2019,NA
"nrc-00079","Max_Ammoniacal_Band",2019,NA
"nrc-00080","Max_Ammoniacal_Band",2019,NA
"nrc-00081","Max_Ammoniacal_Band",2019,NA
"nrc-00082","Max_Ammoniacal_Band",2019,NA
"nrc-00083","Max_Ammoniacal_Band",2019,NA
"nrc-00084","Max_Ammoniacal_Band",2019,NA
"nrc-00085","Max_Ammoniacal_Band",2019,NA
"nrc-00086","Max_Ammoniacal_Band",2019,NA
"nrc-00088","Max_Ammoniacal_Band",2019,NA
"nrc-00089","Max_Ammoniacal_Band",2019,NA
"nrc-00091","Max_Ammoniacal_Band",2019,NA
"nrc-00092","Max_Ammoniacal_Band",2019,NA
"nrc-00093","Max_Ammoniacal_Band",2019,NA
"nrc-00094","Max_Ammoniacal_Band",2019,NA
"nrc-00096","Max_Ammoniacal_Band",2019,NA
"wcrc-00065","Max_Ammoniacal_Band",2019,"A"
"wcrc-00067","Max_Ammoniacal_Band",2019,"A"
"ecan-00326","Max_Ammoniacal_Band",2019,NA
"ecan-00327","Max_Ammoniacal_Band",2019,NA
"ecan-00328","Max_Ammoniacal_Band",2019,NA
"ecan-00329","Max_Ammoniacal_Band",2019,NA
"ecan-00330","Max_Ammoniacal_Band",2019,NA
"ecan-00332","Max_Ammoniacal_Band",2019,NA
"ecan-00333","Max_Ammoniacal_Band",2019,NA
"ecan-00335","Max_Ammoniacal_Band",2019,NA
"ecan-00336","Max_Ammoniacal_Band",2019,NA
"ecan-00337","Max_Ammoniacal_Band",2019,NA
"ecan-00338","Max_Ammoniacal_Band",2019,NA
"ecan-00339","Max_Ammoniacal_Band",2019,NA
"ecan-00340","Max_Ammoniacal_Band",2019,NA
"ecan-00341","Max_Ammoniacal_Band",2019,NA
"ecan-00342","Max_Ammoniacal_Band",2019,NA
"ecan-00343","Max_Ammoniacal_Band",2019,NA
"ecan-00344","Max_Ammoniacal_Band",2019,NA
"ecan-00345","Max_Ammoniacal_Band",2019,NA
"ecan-00346","Max_Ammoniacal_Band",2019,NA
"ecan-00349","Max_Ammoniacal_Band",2019,NA
"ecan-00351","Max_Ammoniacal_Band",2019,NA
"ecan-00354","Max_Ammoniacal_Band",2019,NA
"ecan-00355","Max_Ammoniacal_Band",2019,NA
"ecan-00357","Max_Ammoniacal_Band",2019,NA
"ecan-00358","Max_Ammoniacal_Band",2019,NA
"ecan-00359","Max_Ammoniacal_Band",2019,NA
"ecan-00367","Max_Ammoniacal_Band",2019,NA
"ecan-00368","Max_Ammoniacal_Band",2019,NA
"hrc-00332","Max_Ammoniacal_Band",2019,NA
"hrc-00342","Max_Ammoniacal_Band",2019,NA
"lawa-100250","Max_Ammoniacal_Band",2019,NA
"lawa-101983","Max_Ammoniacal_Band",2019,NA
"hrc-00339","Max_Ammoniacal_Band",2019,NA
"lawa-102308","Max_Ammoniacal_Band",2019,NA
"hrc-00329","Max_Ammoniacal_Band",2019,NA
"hbrc-00172","Max_Ammoniacal_Band",2019,NA
"trc-00051","Max_Ammoniacal_Band",2019,NA
"trc-00053","Max_Ammoniacal_Band",2019,NA
"lawa-101984","Max_Ammoniacal_Band",2019,NA
"lawa-101985","Max_Ammoniacal_Band",2019,NA
"trc-00051","Max_Ammoniacal_Band",2019,NA
"trc-00053","Max_Ammoniacal_Band",2019,NA
"ebop-00087","Ammonia_Toxicity_Band",2019,"A"
"ebop-00088","Ammonia_Toxicity_Band",2019,"C"
"ebop-00089","Ammonia_Toxicity_Band",2019,"A"
"ebop-00090","Ammonia_Toxicity_Band",2019,"A"
"ebop-00091","Ammonia_Toxicity_Band",2019,"B"
"ebop-00092","Ammonia_Toxicity_Band",2019,"A"
"ebop-00093","Ammonia_Toxicity_Band",2019,"A"
"ebop-00094","Ammonia_Toxicity_Band",2019,"A"
"ebop-00095","Ammonia_Toxicity_Band",2019,"A"
"ebop-00096","Ammonia_Toxicity_Band",2019,"A"
"ebop-00097","Ammonia_Toxicity_Band",2019,"A"
"ebop-00098","Ammonia_Toxicity_Band",2019,"B"
"ebop-00099","Ammonia_Toxicity_Band",2019,"A"
"ebop-00100","Ammonia_Toxicity_Band",2019,"A"
"ecan-00325","Ammonia_Toxicity_Band",2019,"B"
"ecan-00331","Ammonia_Toxicity_Band",2019,NA
"ecan-00334","Ammonia_Toxicity_Band",2019,"A"
"ecan-00347","Ammonia_Toxicity_Band",2019,"B"
"ecan-00348","Ammonia_Toxicity_Band",2019,"B"
"ecan-00363","Ammonia_Toxicity_Band",2019,NA
"ecan-00369","Ammonia_Toxicity_Band",2019,"A"
"ecan-00370","Ammonia_Toxicity_Band",2019,"A"
"ecan-00371","Ammonia_Toxicity_Band",2019,"A"
"ecan-00372","Ammonia_Toxicity_Band",2019,"B"
"es-000142","Ammonia_Toxicity_Band",2019,NA
"es-000157","Ammonia_Toxicity_Band",2019,NA
"es-000158","Ammonia_Toxicity_Band",2019,NA
"es-000159","Ammonia_Toxicity_Band",2019,NA
"es-00144","Ammonia_Toxicity_Band",2019,"A"
"gw-00257","Ammonia_Toxicity_Band",2019,"B"
"gw-00258","Ammonia_Toxicity_Band",2019,"A"
"gw-00262","Ammonia_Toxicity_Band",2019,"B"
"gw-00263","Ammonia_Toxicity_Band",2019,"B"
"hbrc-00173","Ammonia_Toxicity_Band",2019,NA
"hbrc-00176","Ammonia_Toxicity_Band",2019,NA
"hrc-00331","Ammonia_Toxicity_Band",2019,NA
"hrc-00333","Ammonia_Toxicity_Band",2019,"C"
"hrc-00335","Ammonia_Toxicity_Band",2019,NA
"hrc-00337","Ammonia_Toxicity_Band",2019,NA
"lawa-100207","Ammonia_Toxicity_Band",2019,"A"
"lawa-100208","Ammonia_Toxicity_Band",2019,"A"
"lawa-100209","Ammonia_Toxicity_Band",2019,NA
"lawa-100210","Ammonia_Toxicity_Band",2019,NA
"lawa-100215","Ammonia_Toxicity_Band",2019,"A"
"orc-00027","Ammonia_Toxicity_Band",2019,"A"
"orc-00028","Ammonia_Toxicity_Band",2019,"A"
"orc-00031","Ammonia_Toxicity_Band",2019,"B"
"orc-00033","Ammonia_Toxicity_Band",2019,"B"
"orc-00034","Ammonia_Toxicity_Band",2019,"A"
"orc-00035","Ammonia_Toxicity_Band",2019,"B"
"orc-00036","Ammonia_Toxicity_Band",2019,"A"
"orc-00037","Ammonia_Toxicity_Band",2019,"A"
"orc-00038","Ammonia_Toxicity_Band",2019,"A"
"trc-00051","Ammonia_Toxicity_Band",2019,NA
"trc-00051","Ammonia_Toxicity_Band",2019,NA
"trc-00053","Ammonia_Toxicity_Band",2019,NA
"trc-00053","Ammonia_Toxicity_Band",2019,NA
"wcrc-00064","Ammonia_Toxicity_Band",2019,"A"
"nrc-00075","Ammonia_Toxicity_Band",2019,NA
"nrc-00087","Ammonia_Toxicity_Band",2019,NA
"nrc-00090","Ammonia_Toxicity_Band",2019,NA
"nrc-00095","Ammonia_Toxicity_Band",2019,"B"
"hbrc-00171","Ammonia_Toxicity_Band",2019,NA
"lawa-102219","Ammonia_Toxicity_Band",2019,NA
"lawa-102220","Ammonia_Toxicity_Band",2019,"B"
"lawa-102221","Ammonia_Toxicity_Band",2019,NA
"arc-00099","Ammonia_Toxicity_Band",2019,NA
"lawa-100211","Ammonia_Toxicity_Band",2019,NA
"lawa-100213","Ammonia_Toxicity_Band",2019,NA
"lawa-100263","Ammonia_Toxicity_Band",2019,NA
"lawa-100264","Ammonia_Toxicity_Band",2019,NA
"lawa-100266","Ammonia_Toxicity_Band",2019,NA
"arc-00098","Ammonia_Toxicity_Band",2019,NA
"arc-00100","Ammonia_Toxicity_Band",2019,NA
"arc-10002","Ammonia_Toxicity_Band",2019,NA
"hbrc-00170","Ammonia_Toxicity_Band",2019,NA
"nrc-00071","Ammonia_Toxicity_Band",2019,NA
"nrc-00072","Ammonia_Toxicity_Band",2019,NA
"nrc-00073","Ammonia_Toxicity_Band",2019,NA
"nrc-00074","Ammonia_Toxicity_Band",2019,NA
"nrc-00076","Ammonia_Toxicity_Band",2019,NA
"nrc-00077","Ammonia_Toxicity_Band",2019,NA
"nrc-00078","Ammonia_Toxicity_Band",2019,NA
"nrc-00079","Ammonia_Toxicity_Band",2019,NA
"nrc-00080","Ammonia_Toxicity_Band",2019,NA
"nrc-00081","Ammonia_Toxicity_Band",2019,NA
"nrc-00082","Ammonia_Toxicity_Band",2019,NA
"nrc-00083","Ammonia_Toxicity_Band",2019,NA
"nrc-00084","Ammonia_Toxicity_Band",2019,NA
"nrc-00085","Ammonia_Toxicity_Band",2019,NA
"nrc-00086","Ammonia_Toxicity_Band",2019,NA
"nrc-00088","Ammonia_Toxicity_Band",2019,NA
"nrc-00089","Ammonia_Toxicity_Band",2019,NA
"nrc-00091","Ammonia_Toxicity_Band",2019,NA
"nrc-00092","Ammonia_Toxicity_Band",2019,NA
"nrc-00093","Ammonia_Toxicity_Band",2019,NA
"nrc-00094","Ammonia_Toxicity_Band",2019,NA
"nrc-00096","Ammonia_Toxicity_Band",2019,NA
"wcrc-00065","Ammonia_Toxicity_Band",2019,"A"
"wcrc-00067","Ammonia_Toxicity_Band",2019,"A"
"ecan-00326","Ammonia_Toxicity_Band",2019,NA
"ecan-00327","Ammonia_Toxicity_Band",2019,NA
"ecan-00328","Ammonia_Toxicity_Band",2019,NA
"ecan-00329","Ammonia_Toxicity_Band",2019,NA
"ecan-00330","Ammonia_Toxicity_Band",2019,NA
"ecan-00332","Ammonia_Toxicity_Band",2019,NA
"ecan-00333","Ammonia_Toxicity_Band",2019,NA
"ecan-00335","Ammonia_Toxicity_Band",2019,NA
"ecan-00336","Ammonia_Toxicity_Band",2019,NA
"ecan-00337","Ammonia_Toxicity_Band",2019,NA
"ecan-00338","Ammonia_Toxicity_Band",2019,NA
"ecan-00339","Ammonia_Toxicity_Band",2019,NA
"ecan-00340","Ammonia_Toxicity_Band",2019,NA
"ecan-00341","Ammonia_Toxicity_Band",2019,NA
"ecan-00342","Ammonia_Toxicity_Band",2019,NA
"ecan-00343","Ammonia_Toxicity_Band",2019,NA
"ecan-00344","Ammonia_Toxicity_Band",2019,NA
"ecan-00345","Ammonia_Toxicity_Band",2019,NA
"ecan-00346","Ammonia_Toxicity_Band",2019,NA
"ecan-00349","Ammonia_Toxicity_Band",2019,NA
"ecan-00351","Ammonia_Toxicity_Band",2019,NA
"ecan-00354","Ammonia_Toxicity_Band",2019,NA
"ecan-00355","Ammonia_Toxicity_Band",2019,NA
"ecan-00357","Ammonia_Toxicity_Band",2019,NA
"ecan-00358","Ammonia_Toxicity_Band",2019,NA
"ecan-00359","Ammonia_Toxicity_Band",2019,NA
"ecan-00367","Ammonia_Toxicity_Band",2019,NA
"ecan-00368","Ammonia_Toxicity_Band",2019,NA
"hrc-00332","Ammonia_Toxicity_Band",2019,NA
"hrc-00342","Ammonia_Toxicity_Band",2019,NA
"lawa-100250","Ammonia_Toxicity_Band",2019,NA
"lawa-101983","Ammonia_Toxicity_Band",2019,NA
"hrc-00339","Ammonia_Toxicity_Band",2019,NA
"lawa-102308","Ammonia_Toxicity_Band",2019,NA
"hrc-00329","Ammonia_Toxicity_Band",2019,NA
"hbrc-00172","Ammonia_Toxicity_Band",2019,NA
"trc-00051","Ammonia_Toxicity_Band",2019,NA
"trc-00053","Ammonia_Toxicity_Band",2019,NA
"lawa-101984","Ammonia_Toxicity_Band",2019,NA
"lawa-101985","Ammonia_Toxicity_Band",2019,NA
"trc-00051","Ammonia_Toxicity_Band",2019,NA
"trc-00053","Ammonia_Toxicity_Band",2019,NA
"ebop-00087","Med_Clarity_Band",2019,"B"
"ebop-00088","Med_Clarity_Band",2019,"B"
"ebop-00089","Med_Clarity_Band",2019,"A"
"ebop-00090","Med_Clarity_Band",2019,"B"
"ebop-00091","Med_Clarity_Band",2019,"C"
"ebop-00092","Med_Clarity_Band",2019,"B"
"ebop-00093","Med_Clarity_Band",2019,"C"
"ebop-00094","Med_Clarity_Band",2019,"B"
"ebop-00095","Med_Clarity_Band",2019,"A"
"ebop-00096","Med_Clarity_Band",2019,"B"
"ebop-00097","Med_Clarity_Band",2019,"B"
"ebop-00098","Med_Clarity_Band",2019,"C"
"ebop-00099","Med_Clarity_Band",2019,"A"
"ebop-00100","Med_Clarity_Band",2019,"A"
"ecan-00325","Med_Clarity_Band",2019,NA
"ecan-00331","Med_Clarity_Band",2019,NA
"ecan-00334","Med_Clarity_Band",2019,"D"
"ecan-00347","Med_Clarity_Band",2019,NA
"ecan-00348","Med_Clarity_Band",2019,NA
"ecan-00363","Med_Clarity_Band",2019,NA
"ecan-00369","Med_Clarity_Band",2019,"D"
"ecan-00370","Med_Clarity_Band",2019,"D"
"ecan-00371","Med_Clarity_Band",2019,"D"
"ecan-00372","Med_Clarity_Band",2019,"D"
"es-000142","Med_Clarity_Band",2019,"C"
"es-000157","Med_Clarity_Band",2019,"C"
"es-000158","Med_Clarity_Band",2019,"C"
"es-000159","Med_Clarity_Band",2019,"C"
"es-00144","Med_Clarity_Band",2019,NA
"gw-00257","Med_Clarity_Band",2019,"D"
"gw-00258","Med_Clarity_Band",2019,"D"
"gw-00262","Med_Clarity_Band",2019,"D"
"gw-00263","Med_Clarity_Band",2019,"D"
"hbrc-00173","Med_Clarity_Band",2019,NA
"hbrc-00176","Med_Clarity_Band",2019,"C"
"hrc-00331","Med_Clarity_Band",2019,NA
"hrc-00333","Med_Clarity_Band",2019,NA
"hrc-00335","Med_Clarity_Band",2019,NA
"hrc-00337","Med_Clarity_Band",2019,NA
"lawa-100207","Med_Clarity_Band",2019,"C"
"lawa-100208","Med_Clarity_Band",2019,"C"
"lawa-100209","Med_Clarity_Band",2019,NA
"lawa-100210","Med_Clarity_Band",2019,NA
"lawa-100215","Med_Clarity_Band",2019,NA
"orc-00027","Med_Clarity_Band",2019,NA
"orc-00028","Med_Clarity_Band",2019,NA
"orc-00031","Med_Clarity_Band",2019,NA
"orc-00033","Med_Clarity_Band",2019,NA
"orc-00034","Med_Clarity_Band",2019,NA
"orc-00035","Med_Clarity_Band",2019,NA
"orc-00036","Med_Clarity_Band",2019,NA
"orc-00037","Med_Clarity_Band",2019,NA
"orc-00038","Med_Clarity_Band",2019,NA
"trc-00051","Med_Clarity_Band",2019,NA
"trc-00051","Med_Clarity_Band",2019,NA
"trc-00053","Med_Clarity_Band",2019,NA
"trc-00053","Med_Clarity_Band",2019,NA
"wcrc-00064","Med_Clarity_Band",2019,"B"
"nrc-00075","Med_Clarity_Band",2019,NA
"nrc-00087","Med_Clarity_Band",2019,NA
"nrc-00090","Med_Clarity_Band",2019,NA
"nrc-00095","Med_Clarity_Band",2019,"D"
"hbrc-00171","Med_Clarity_Band",2019,"C"
"lawa-102219","Med_Clarity_Band",2019,NA
"lawa-102220","Med_Clarity_Band",2019,NA
"lawa-102221","Med_Clarity_Band",2019,NA
"arc-00099","Med_Clarity_Band",2019,NA
"lawa-100211","Med_Clarity_Band",2019,NA
"lawa-100213","Med_Clarity_Band",2019,NA
"lawa-100263","Med_Clarity_Band",2019,NA
"lawa-100264","Med_Clarity_Band",2019,NA
"lawa-100266","Med_Clarity_Band",2019,NA
"arc-00098","Med_Clarity_Band",2019,NA
"arc-00100","Med_Clarity_Band",2019,NA
"arc-10002","Med_Clarity_Band",2019,NA
"hbrc-00170","Med_Clarity_Band",2019,NA
"nrc-00071","Med_Clarity_Band",2019,NA
"nrc-00072","Med_Clarity_Band",2019,NA
"nrc-00073","Med_Clarity_Band",2019,NA
"nrc-00074","Med_Clarity_Band",2019,NA
"nrc-00076","Med_Clarity_Band",2019,NA
"nrc-00077","Med_Clarity_Band",2019,NA
"nrc-00078","Med_Clarity_Band",2019,NA
"nrc-00079","Med_Clarity_Band",2019,NA
"nrc-00080","Med_Clarity_Band",2019,NA
"nrc-00081","Med_Clarity_Band",2019,NA
"nrc-00082","Med_Clarity_Band",2019,NA
"nrc-00083","Med_Clarity_Band",2019,NA
"nrc-00084","Med_Clarity_Band",2019,NA
"nrc-00085","Med_Clarity_Band",2019,NA
"nrc-00086","Med_Clarity_Band",2019,NA
"nrc-00088","Med_Clarity_Band",2019,NA
"nrc-00089","Med_Clarity_Band",2019,NA
"nrc-00091","Med_Clarity_Band",2019,NA
"nrc-00092","Med_Clarity_Band",2019,NA
"nrc-00093","Med_Clarity_Band",2019,NA
"nrc-00094","Med_Clarity_Band",2019,NA
"nrc-00096","Med_Clarity_Band",2019,NA
"wcrc-00065","Med_Clarity_Band",2019,"B"
"wcrc-00067","Med_Clarity_Band",2019,"C"
"ecan-00326","Med_Clarity_Band",2019,NA
"ecan-00327","Med_Clarity_Band",2019,NA
"ecan-00328","Med_Clarity_Band",2019,NA
"ecan-00329","Med_Clarity_Band",2019,NA
"ecan-00330","Med_Clarity_Band",2019,NA
"ecan-00332","Med_Clarity_Band",2019,NA
"ecan-00333","Med_Clarity_Band",2019,NA
"ecan-00335","Med_Clarity_Band",2019,NA
"ecan-00336","Med_Clarity_Band",2019,NA
"ecan-00337","Med_Clarity_Band",2019,NA
"ecan-00338","Med_Clarity_Band",2019,NA
"ecan-00339","Med_Clarity_Band",2019,NA
"ecan-00340","Med_Clarity_Band",2019,NA
"ecan-00341","Med_Clarity_Band",2019,NA
"ecan-00342","Med_Clarity_Band",2019,NA
"ecan-00343","Med_Clarity_Band",2019,NA
"ecan-00344","Med_Clarity_Band",2019,NA
"ecan-00345","Med_Clarity_Band",2019,NA
"ecan-00346","Med_Clarity_Band",2019,NA
"ecan-00349","Med_Clarity_Band",2019,NA
"ecan-00351","Med_Clarity_Band",2019,NA
"ecan-00354","Med_Clarity_Band",2019,NA
"ecan-00355","Med_Clarity_Band",2019,NA
"ecan-00357","Med_Clarity_Band",2019,NA
"ecan-00358","Med_Clarity_Band",2019,NA
"ecan-00359","Med_Clarity_Band",2019,NA
"ecan-00367","Med_Clarity_Band",2019,NA
"ecan-00368","Med_Clarity_Band",2019,NA
"hrc-00332","Med_Clarity_Band",2019,NA
"hrc-00342","Med_Clarity_Band",2019,NA
"lawa-100250","Med_Clarity_Band",2019,NA
"lawa-101983","Med_Clarity_Band",2019,NA
"hrc-00339","Med_Clarity_Band",2019,NA
"lawa-102308","Med_Clarity_Band",2019,NA
"hrc-00329","Med_Clarity_Band",2019,NA
"hbrc-00172","Med_Clarity_Band",2019,NA
"trc-00051","Med_Clarity_Band",2019,NA
"trc-00053","Med_Clarity_Band",2019,NA
"lawa-101984","Med_Clarity_Band",2019,NA
"lawa-101985","Med_Clarity_Band",2019,NA
"trc-00051","Med_Clarity_Band",2019,NA
"trc-00053","Med_Clarity_Band",2019,NA
"ebop-00087","Med_ChlA_Band",2019,"B"
"ebop-00088","Med_ChlA_Band",2019,"C"
"ebop-00089","Med_ChlA_Band",2019,"A"
"ebop-00090","Med_ChlA_Band",2019,"B"
"ebop-00091","Med_ChlA_Band",2019,"D"
"ebop-00092","Med_ChlA_Band",2019,"B"
"ebop-00093","Med_ChlA_Band",2019,"C"
"ebop-00094","Med_ChlA_Band",2019,"C"
"ebop-00095","Med_ChlA_Band",2019,"A"
"ebop-00096","Med_ChlA_Band",2019,"B"
"ebop-00097","Med_ChlA_Band",2019,"C"
"ebop-00098","Med_ChlA_Band",2019,"C"
"ebop-00099","Med_ChlA_Band",2019,"A"
"ebop-00100","Med_ChlA_Band",2019,"A"
"ecan-00325","Med_ChlA_Band",2019,"D"
"ecan-00331","Med_ChlA_Band",2019,NA
"ecan-00334","Med_ChlA_Band",2019,"D"
"ecan-00347","Med_ChlA_Band",2019,"D"
"ecan-00348","Med_ChlA_Band",2019,"A"
"ecan-00363","Med_ChlA_Band",2019,NA
"ecan-00369","Med_ChlA_Band",2019,"D"
"ecan-00370","Med_ChlA_Band",2019,"D"
"ecan-00371","Med_ChlA_Band",2019,"D"
"ecan-00372","Med_ChlA_Band",2019,"D"
"es-000142","Med_ChlA_Band",2019,"A"
"es-000157","Med_ChlA_Band",2019,"A"
"es-000158","Med_ChlA_Band",2019,"A"
"es-000159","Med_ChlA_Band",2019,"A"
"es-00144","Med_ChlA_Band",2019,"B"
"gw-00257","Med_ChlA_Band",2019,"D"
"gw-00258","Med_ChlA_Band",2019,"C"
"gw-00262","Med_ChlA_Band",2019,"C"
"gw-00263","Med_ChlA_Band",2019,"C"
"hbrc-00173","Med_ChlA_Band",2019,NA
"hbrc-00176","Med_ChlA_Band",2019,NA
"hrc-00331","Med_ChlA_Band",2019,NA
"hrc-00333","Med_ChlA_Band",2019,"D"
"hrc-00335","Med_ChlA_Band",2019,NA
"hrc-00337","Med_ChlA_Band",2019,NA
"lawa-100207","Med_ChlA_Band",2019,"C"
"lawa-100208","Med_ChlA_Band",2019,"C"
"lawa-100209","Med_ChlA_Band",2019,NA
"lawa-100210","Med_ChlA_Band",2019,NA
"lawa-100215","Med_ChlA_Band",2019,"B"
"orc-00027","Med_ChlA_Band",2019,"A"
"orc-00028","Med_ChlA_Band",2019,"A"
"orc-00031","Med_ChlA_Band",2019,"B"
"orc-00033","Med_ChlA_Band",2019,"D"
"orc-00034","Med_ChlA_Band",2019,"A"
"orc-00035","Med_ChlA_Band",2019,"A"
"orc-00036","Med_ChlA_Band",2019,"C"
"orc-00037","Med_ChlA_Band",2019,"A"
"orc-00038","Med_ChlA_Band",2019,"A"
"trc-00051","Med_ChlA_Band",2019,NA
"trc-00051","Med_ChlA_Band",2019,NA
"trc-00053","Med_ChlA_Band",2019,NA
"trc-00053","Med_ChlA_Band",2019,NA
"wcrc-00064","Med_ChlA_Band",2019,"A"
"nrc-00075","Med_ChlA_Band",2019,NA
"nrc-00087","Med_ChlA_Band",2019,NA
"nrc-00090","Med_ChlA_Band",2019,NA
"nrc-00095","Med_ChlA_Band",2019,"B"
"hbrc-00171","Med_ChlA_Band",2019,NA
"lawa-102219","Med_ChlA_Band",2019,NA
"lawa-102220","Med_ChlA_Band",2019,"B"
"lawa-102221","Med_ChlA_Band",2019,NA
"arc-00099","Med_ChlA_Band",2019,NA
"lawa-100211","Med_ChlA_Band",2019,NA
"lawa-100213","Med_ChlA_Band",2019,NA
"lawa-100263","Med_ChlA_Band",2019,NA
"lawa-100264","Med_ChlA_Band",2019,NA
"lawa-100266","Med_ChlA_Band",2019,NA
"arc-00098","Med_ChlA_Band",2019,NA
"arc-00100","Med_ChlA_Band",2019,NA
"arc-10002","Med_ChlA_Band",2019,NA
"hbrc-00170","Med_ChlA_Band",2019,NA
"nrc-00071","Med_ChlA_Band",2019,NA
"nrc-00072","Med_ChlA_Band",2019,NA
"nrc-00073","Med_ChlA_Band",2019,NA
"nrc-00074","Med_ChlA_Band",2019,NA
"nrc-00076","Med_ChlA_Band",2019,NA
"nrc-00077","Med_ChlA_Band",2019,NA
"nrc-00078","Med_ChlA_Band",2019,NA
"nrc-00079","Med_ChlA_Band",2019,NA
"nrc-00080","Med_ChlA_Band",2019,NA
"nrc-00081","Med_ChlA_Band",2019,NA
"nrc-00082","Med_ChlA_Band",2019,NA
"nrc-00083","Med_ChlA_Band",2019,NA
"nrc-00084","Med_ChlA_Band",2019,NA
"nrc-00085","Med_ChlA_Band",2019,NA
"nrc-00086","Med_ChlA_Band",2019,NA
"nrc-00088","Med_ChlA_Band",2019,NA
"nrc-00089","Med_ChlA_Band",2019,NA
"nrc-00091","Med_ChlA_Band",2019,NA
"nrc-00092","Med_ChlA_Band",2019,NA
"nrc-00093","Med_ChlA_Band",2019,NA
"nrc-00094","Med_ChlA_Band",2019,NA
"nrc-00096","Med_ChlA_Band",2019,NA
"wcrc-00065","Med_ChlA_Band",2019,"A"
"wcrc-00067","Med_ChlA_Band",2019,"A"
"ecan-00326","Med_ChlA_Band",2019,NA
"ecan-00327","Med_ChlA_Band",2019,NA
"ecan-00328","Med_ChlA_Band",2019,NA
"ecan-00329","Med_ChlA_Band",2019,NA
"ecan-00330","Med_ChlA_Band",2019,NA
"ecan-00332","Med_ChlA_Band",2019,NA
"ecan-00333","Med_ChlA_Band",2019,NA
"ecan-00335","Med_ChlA_Band",2019,NA
"ecan-00336","Med_ChlA_Band",2019,NA
"ecan-00337","Med_ChlA_Band",2019,NA
"ecan-00338","Med_ChlA_Band",2019,NA
"ecan-00339","Med_ChlA_Band",2019,NA
"ecan-00340","Med_ChlA_Band",2019,NA
"ecan-00341","Med_ChlA_Band",2019,NA
"ecan-00342","Med_ChlA_Band",2019,NA
"ecan-00343","Med_ChlA_Band",2019,NA
"ecan-00344","Med_ChlA_Band",2019,NA
"ecan-00345","Med_ChlA_Band",2019,NA
"ecan-00346","Med_ChlA_Band",2019,NA
"ecan-00349","Med_ChlA_Band",2019,NA
"ecan-00351","Med_ChlA_Band",2019,NA
"ecan-00354","Med_ChlA_Band",2019,NA
"ecan-00355","Med_ChlA_Band",2019,NA
"ecan-00357","Med_ChlA_Band",2019,NA
"ecan-00358","Med_ChlA_Band",2019,NA
"ecan-00359","Med_ChlA_Band",2019,NA
"ecan-00367","Med_ChlA_Band",2019,NA
"ecan-00368","Med_ChlA_Band",2019,NA
"hrc-00332","Med_ChlA_Band",2019,NA
"hrc-00342","Med_ChlA_Band",2019,NA
"lawa-100250","Med_ChlA_Band",2019,NA
"lawa-101983","Med_ChlA_Band",2019,NA
"hrc-00339","Med_ChlA_Band",2019,NA
"lawa-102308","Med_ChlA_Band",2019,NA
"hrc-00329","Med_ChlA_Band",2019,NA
"hbrc-00172","Med_ChlA_Band",2019,NA
"trc-00051","Med_ChlA_Band",2019,NA
"trc-00053","Med_ChlA_Band",2019,NA
"lawa-101984","Med_ChlA_Band",2019,"D"
"lawa-101985","Med_ChlA_Band",2019,"D"
"trc-00051","Med_ChlA_Band",2019,NA
"trc-00053","Med_ChlA_Band",2019,NA
"ebop-00087","Max_ChlA_Band",2019,"B"
"ebop-00088","Max_ChlA_Band",2019,"D"
"ebop-00089","Max_ChlA_Band",2019,"A"
"ebop-00090","Max_ChlA_Band",2019,"B"
"ebop-00091","Max_ChlA_Band",2019,"C"
"ebop-00092","Max_ChlA_Band",2019,"B"
"ebop-00093","Max_ChlA_Band",2019,"C"
"ebop-00094","Max_ChlA_Band",2019,"B"
"ebop-00095","Max_ChlA_Band",2019,"A"
"ebop-00096","Max_ChlA_Band",2019,"B"
"ebop-00097","Max_ChlA_Band",2019,"B"
"ebop-00098","Max_ChlA_Band",2019,"B"
"ebop-00099","Max_ChlA_Band",2019,"A"
"ebop-00100","Max_ChlA_Band",2019,"A"
"ecan-00325","Max_ChlA_Band",2019,"D"
"ecan-00331","Max_ChlA_Band",2019,NA
"ecan-00334","Max_ChlA_Band",2019,"D"
"ecan-00347","Max_ChlA_Band",2019,"D"
"ecan-00348","Max_ChlA_Band",2019,"A"
"ecan-00363","Max_ChlA_Band",2019,NA
"ecan-00369","Max_ChlA_Band",2019,"D"
"ecan-00370","Max_ChlA_Band",2019,"D"
"ecan-00371","Max_ChlA_Band",2019,"D"
"ecan-00372","Max_ChlA_Band",2019,"C"
"es-000142","Max_ChlA_Band",2019,"B"
"es-000157","Max_ChlA_Band",2019,"B"
"es-000158","Max_ChlA_Band",2019,"B"
"es-000159","Max_ChlA_Band",2019,"B"
"es-00144","Max_ChlA_Band",2019,"C"
"gw-00257","Max_ChlA_Band",2019,"B"
"gw-00258","Max_ChlA_Band",2019,"B"
"gw-00262","Max_ChlA_Band",2019,"C"
"gw-00263","Max_ChlA_Band",2019,"B"
"hbrc-00173","Max_ChlA_Band",2019,NA
"hbrc-00176","Max_ChlA_Band",2019,NA
"hrc-00331","Max_ChlA_Band",2019,NA
"hrc-00333","Max_ChlA_Band",2019,"D"
"hrc-00335","Max_ChlA_Band",2019,NA
"hrc-00337","Max_ChlA_Band",2019,NA
"lawa-100207","Max_ChlA_Band",2019,"B"
"lawa-100208","Max_ChlA_Band",2019,"B"
"lawa-100209","Max_ChlA_Band",2019,NA
"lawa-100210","Max_ChlA_Band",2019,NA
"lawa-100215","Max_ChlA_Band",2019,"D"
"orc-00027","Max_ChlA_Band",2019,"A"
"orc-00028","Max_ChlA_Band",2019,"A"
"orc-00031","Max_ChlA_Band",2019,"C"
"orc-00033","Max_ChlA_Band",2019,"C"
"orc-00034","Max_ChlA_Band",2019,"A"
"orc-00035","Max_ChlA_Band",2019,"B"
"orc-00036","Max_ChlA_Band",2019,"B"
"orc-00037","Max_ChlA_Band",2019,"A"
"orc-00038","Max_ChlA_Band",2019,"A"
"trc-00051","Max_ChlA_Band",2019,NA
"trc-00051","Max_ChlA_Band",2019,NA
"trc-00053","Max_ChlA_Band",2019,NA
"trc-00053","Max_ChlA_Band",2019,NA
"wcrc-00064","Max_ChlA_Band",2019,"A"
"nrc-00075","Max_ChlA_Band",2019,NA
"nrc-00087","Max_ChlA_Band",2019,NA
"nrc-00090","Max_ChlA_Band",2019,NA
"nrc-00095","Max_ChlA_Band",2019,"C"
"hbrc-00171","Max_ChlA_Band",2019,NA
"lawa-102219","Max_ChlA_Band",2019,NA
"lawa-102220","Max_ChlA_Band",2019,"B"
"lawa-102221","Max_ChlA_Band",2019,NA
"arc-00099","Max_ChlA_Band",2019,NA
"lawa-100211","Max_ChlA_Band",2019,NA
"lawa-100213","Max_ChlA_Band",2019,NA
"lawa-100263","Max_ChlA_Band",2019,NA
"lawa-100264","Max_ChlA_Band",2019,NA
"lawa-100266","Max_ChlA_Band",2019,NA
"arc-00098","Max_ChlA_Band",2019,NA
"arc-00100","Max_ChlA_Band",2019,NA
"arc-10002","Max_ChlA_Band",2019,NA
"hbrc-00170","Max_ChlA_Band",2019,NA
"nrc-00071","Max_ChlA_Band",2019,NA
"nrc-00072","Max_ChlA_Band",2019,NA
"nrc-00073","Max_ChlA_Band",2019,NA
"nrc-00074","Max_ChlA_Band",2019,NA
"nrc-00076","Max_ChlA_Band",2019,NA
"nrc-00077","Max_ChlA_Band",2019,NA
"nrc-00078","Max_ChlA_Band",2019,NA
"nrc-00079","Max_ChlA_Band",2019,NA
"nrc-00080","Max_ChlA_Band",2019,NA
"nrc-00081","Max_ChlA_Band",2019,NA
"nrc-00082","Max_ChlA_Band",2019,NA
"nrc-00083","Max_ChlA_Band",2019,NA
"nrc-00084","Max_ChlA_Band",2019,NA
"nrc-00085","Max_ChlA_Band",2019,NA
"nrc-00086","Max_ChlA_Band",2019,NA
"nrc-00088","Max_ChlA_Band",2019,NA
"nrc-00089","Max_ChlA_Band",2019,NA
"nrc-00091","Max_ChlA_Band",2019,NA
"nrc-00092","Max_ChlA_Band",2019,NA
"nrc-00093","Max_ChlA_Band",2019,NA
"nrc-00094","Max_ChlA_Band",2019,NA
"nrc-00096","Max_ChlA_Band",2019,NA
"wcrc-00065","Max_ChlA_Band",2019,"A"
"wcrc-00067","Max_ChlA_Band",2019,"A"
"ecan-00326","Max_ChlA_Band",2019,NA
"ecan-00327","Max_ChlA_Band",2019,NA
"ecan-00328","Max_ChlA_Band",2019,NA
"ecan-00329","Max_ChlA_Band",2019,NA
"ecan-00330","Max_ChlA_Band",2019,NA
"ecan-00332","Max_ChlA_Band",2019,NA
"ecan-00333","Max_ChlA_Band",2019,NA
"ecan-00335","Max_ChlA_Band",2019,NA
"ecan-00336","Max_ChlA_Band",2019,NA
"ecan-00337","Max_ChlA_Band",2019,NA
"ecan-00338","Max_ChlA_Band",2019,NA
"ecan-00339","Max_ChlA_Band",2019,NA
"ecan-00340","Max_ChlA_Band",2019,NA
"ecan-00341","Max_ChlA_Band",2019,NA
"ecan-00342","Max_ChlA_Band",2019,NA
"ecan-00343","Max_ChlA_Band",2019,NA
"ecan-00344","Max_ChlA_Band",2019,NA
"ecan-00345","Max_ChlA_Band",2019,NA
"ecan-00346","Max_ChlA_Band",2019,NA
"ecan-00349","Max_ChlA_Band",2019,NA
"ecan-00351","Max_ChlA_Band",2019,NA
"ecan-00354","Max_ChlA_Band",2019,NA
"ecan-00355","Max_ChlA_Band",2019,NA
"ecan-00357","Max_ChlA_Band",2019,NA
"ecan-00358","Max_ChlA_Band",2019,NA
"ecan-00359","Max_ChlA_Band",2019,NA
"ecan-00367","Max_ChlA_Band",2019,NA
"ecan-00368","Max_ChlA_Band",2019,NA
"hrc-00332","Max_ChlA_Band",2019,NA
"hrc-00342","Max_ChlA_Band",2019,NA
"lawa-100250","Max_ChlA_Band",2019,NA
"lawa-101983","Max_ChlA_Band",2019,NA
"hrc-00339","Max_ChlA_Band",2019,NA
"lawa-102308","Max_ChlA_Band",2019,NA
"hrc-00329","Max_ChlA_Band",2019,NA
"hbrc-00172","Max_ChlA_Band",2019,NA
"trc-00051","Max_ChlA_Band",2019,NA
"trc-00053","Max_ChlA_Band",2019,NA
"lawa-101984","Max_ChlA_Band",2019,"D"
"lawa-101985","Max_ChlA_Band",2019,"D"
"trc-00051","Max_ChlA_Band",2019,NA
"trc-00053","Max_ChlA_Band",2019,NA
"ebop-00087","ChlASummaryBand",2019,"B"
"ebop-00088","ChlASummaryBand",2019,"D"
"ebop-00089","ChlASummaryBand",2019,"A"
"ebop-00090","ChlASummaryBand",2019,"B"
"ebop-00091","ChlASummaryBand",2019,"D"
"ebop-00092","ChlASummaryBand",2019,"B"
"ebop-00093","ChlASummaryBand",2019,"C"
"ebop-00094","ChlASummaryBand",2019,"C"
"ebop-00095","ChlASummaryBand",2019,"A"
"ebop-00096","ChlASummaryBand",2019,"B"
"ebop-00097","ChlASummaryBand",2019,"C"
"ebop-00098","ChlASummaryBand",2019,"C"
"ebop-00099","ChlASummaryBand",2019,"A"
"ebop-00100","ChlASummaryBand",2019,"A"
"ecan-00325","ChlASummaryBand",2019,"D"
"ecan-00331","ChlASummaryBand",2019,NA
"ecan-00334","ChlASummaryBand",2019,"D"
"ecan-00347","ChlASummaryBand",2019,"D"
"ecan-00348","ChlASummaryBand",2019,"A"
"ecan-00363","ChlASummaryBand",2019,NA
"ecan-00369","ChlASummaryBand",2019,"D"
"ecan-00370","ChlASummaryBand",2019,"D"
"ecan-00371","ChlASummaryBand",2019,"D"
"ecan-00372","ChlASummaryBand",2019,"D"
"es-000142","ChlASummaryBand",2019,"B"
"es-000157","ChlASummaryBand",2019,"B"
"es-000158","ChlASummaryBand",2019,"B"
"es-000159","ChlASummaryBand",2019,"B"
"es-00144","ChlASummaryBand",2019,"C"
"gw-00257","ChlASummaryBand",2019,"D"
"gw-00258","ChlASummaryBand",2019,"C"
"gw-00262","ChlASummaryBand",2019,"C"
"gw-00263","ChlASummaryBand",2019,"C"
"hbrc-00173","ChlASummaryBand",2019,NA
"hbrc-00176","ChlASummaryBand",2019,NA
"hrc-00331","ChlASummaryBand",2019,NA
"hrc-00333","ChlASummaryBand",2019,"D"
"hrc-00335","ChlASummaryBand",2019,NA
"hrc-00337","ChlASummaryBand",2019,NA
"lawa-100207","ChlASummaryBand",2019,"C"
"lawa-100208","ChlASummaryBand",2019,"C"
"lawa-100209","ChlASummaryBand",2019,NA
"lawa-100210","ChlASummaryBand",2019,NA
"lawa-100215","ChlASummaryBand",2019,"D"
"orc-00027","ChlASummaryBand",2019,"A"
"orc-00028","ChlASummaryBand",2019,"A"
"orc-00031","ChlASummaryBand",2019,"C"
"orc-00033","ChlASummaryBand",2019,"D"
"orc-00034","ChlASummaryBand",2019,"A"
"orc-00035","ChlASummaryBand",2019,"B"
"orc-00036","ChlASummaryBand",2019,"C"
"orc-00037","ChlASummaryBand",2019,"A"
"orc-00038","ChlASummaryBand",2019,"A"
"trc-00051","ChlASummaryBand",2019,NA
"trc-00051","ChlASummaryBand",2019,NA
"trc-00053","ChlASummaryBand",2019,NA
"trc-00053","ChlASummaryBand",2019,NA
"wcrc-00064","ChlASummaryBand",2019,"A"
"nrc-00075","ChlASummaryBand",2019,NA
"nrc-00087","ChlASummaryBand",2019,NA
"nrc-00090","ChlASummaryBand",2019,NA
"nrc-00095","ChlASummaryBand",2019,"C"
"hbrc-00171","ChlASummaryBand",2019,NA
"lawa-102219","ChlASummaryBand",2019,NA
"lawa-102220","ChlASummaryBand",2019,"B"
"lawa-102221","ChlASummaryBand",2019,NA
"arc-00099","ChlASummaryBand",2019,NA
"lawa-100211","ChlASummaryBand",2019,NA
"lawa-100213","ChlASummaryBand",2019,NA
"lawa-100263","ChlASummaryBand",2019,NA
"lawa-100264","ChlASummaryBand",2019,NA
"lawa-100266","ChlASummaryBand",2019,NA
"arc-00098","ChlASummaryBand",2019,NA
"arc-00100","ChlASummaryBand",2019,NA
"arc-10002","ChlASummaryBand",2019,NA
"hbrc-00170","ChlASummaryBand",2019,NA
"nrc-00071","ChlASummaryBand",2019,NA
"nrc-00072","ChlASummaryBand",2019,NA
"nrc-00073","ChlASummaryBand",2019,NA
"nrc-00074","ChlASummaryBand",2019,NA
"nrc-00076","ChlASummaryBand",2019,NA
"nrc-00077","ChlASummaryBand",2019,NA
"nrc-00078","ChlASummaryBand",2019,NA
"nrc-00079","ChlASummaryBand",2019,NA
"nrc-00080","ChlASummaryBand",2019,NA
"nrc-00081","ChlASummaryBand",2019,NA
"nrc-00082","ChlASummaryBand",2019,NA
"nrc-00083","ChlASummaryBand",2019,NA
"nrc-00084","ChlASummaryBand",2019,NA
"nrc-00085","ChlASummaryBand",2019,NA
"nrc-00086","ChlASummaryBand",2019,NA
"nrc-00088","ChlASummaryBand",2019,NA
"nrc-00089","ChlASummaryBand",2019,NA
"nrc-00091","ChlASummaryBand",2019,NA
"nrc-00092","ChlASummaryBand",2019,NA
"nrc-00093","ChlASummaryBand",2019,NA
"nrc-00094","ChlASummaryBand",2019,NA
"nrc-00096","ChlASummaryBand",2019,NA
"wcrc-00065","ChlASummaryBand",2019,"A"
"wcrc-00067","ChlASummaryBand",2019,"A"
"ecan-00326","ChlASummaryBand",2019,NA
"ecan-00327","ChlASummaryBand",2019,NA
"ecan-00328","ChlASummaryBand",2019,NA
"ecan-00329","ChlASummaryBand",2019,NA
"ecan-00330","ChlASummaryBand",2019,NA
"ecan-00332","ChlASummaryBand",2019,NA
"ecan-00333","ChlASummaryBand",2019,NA
"ecan-00335","ChlASummaryBand",2019,NA
"ecan-00336","ChlASummaryBand",2019,NA
"ecan-00337","ChlASummaryBand",2019,NA
"ecan-00338","ChlASummaryBand",2019,NA
"ecan-00339","ChlASummaryBand",2019,NA
"ecan-00340","ChlASummaryBand",2019,NA
"ecan-00341","ChlASummaryBand",2019,NA
"ecan-00342","ChlASummaryBand",2019,NA
"ecan-00343","ChlASummaryBand",2019,NA
"ecan-00344","ChlASummaryBand",2019,NA
"ecan-00345","ChlASummaryBand",2019,NA
"ecan-00346","ChlASummaryBand",2019,NA
"ecan-00349","ChlASummaryBand",2019,NA
"ecan-00351","ChlASummaryBand",2019,NA
"ecan-00354","ChlASummaryBand",2019,NA
"ecan-00355","ChlASummaryBand",2019,NA
"ecan-00357","ChlASummaryBand",2019,NA
"ecan-00358","ChlASummaryBand",2019,NA
"ecan-00359","ChlASummaryBand",2019,NA
"ecan-00367","ChlASummaryBand",2019,NA
"ecan-00368","ChlASummaryBand",2019,NA
"hrc-00332","ChlASummaryBand",2019,NA
"hrc-00342","ChlASummaryBand",2019,NA
"lawa-100250","ChlASummaryBand",2019,NA
"lawa-101983","ChlASummaryBand",2019,NA
"hrc-00339","ChlASummaryBand",2019,NA
"lawa-102308","ChlASummaryBand",2019,NA
"hrc-00329","ChlASummaryBand",2019,NA
"hbrc-00172","ChlASummaryBand",2019,NA
"trc-00051","ChlASummaryBand",2019,NA
"trc-00053","ChlASummaryBand",2019,NA
"lawa-101984","ChlASummaryBand",2019,"D"
"lawa-101985","ChlASummaryBand",2019,"D"
"trc-00051","ChlASummaryBand",2019,NA
"trc-00053","ChlASummaryBand",2019,NA
"ebop-00087","E_coli_band",2019,NA
"ebop-00088","E_coli_band",2019,NA
"ebop-00089","E_coli_band",2019,NA
"ebop-00090","E_coli_band",2019,NA
"ebop-00091","E_coli_band",2019,NA
"ebop-00092","E_coli_band",2019,NA
"ebop-00093","E_coli_band",2019,NA
"ebop-00094","E_coli_band",2019,NA
"ebop-00095","E_coli_band",2019,NA
"ebop-00096","E_coli_band",2019,NA
"ebop-00097","E_coli_band",2019,NA
"ebop-00098","E_coli_band",2019,NA
"ebop-00099","E_coli_band",2019,NA
"ebop-00100","E_coli_band",2019,NA
"ecan-00325","E_coli_band",2019,NA
"ecan-00331","E_coli_band",2019,NA
"ecan-00334","E_coli_band",2019,NA
"ecan-00347","E_coli_band",2019,NA
"ecan-00348","E_coli_band",2019,NA
"ecan-00363","E_coli_band",2019,NA
"ecan-00369","E_coli_band",2019,NA
"ecan-00370","E_coli_band",2019,NA
"ecan-00371","E_coli_band",2019,NA
"ecan-00372","E_coli_band",2019,NA
"es-000142","E_coli_band",2019,NA
"es-000157","E_coli_band",2019,NA
"es-000158","E_coli_band",2019,NA
"es-000159","E_coli_band",2019,NA
"es-00144","E_coli_band",2019,NA
"gw-00257","E_coli_band",2019,NA
"gw-00258","E_coli_band",2019,NA
"gw-00262","E_coli_band",2019,NA
"gw-00263","E_coli_band",2019,NA
"hbrc-00173","E_coli_band",2019,NA
"hbrc-00176","E_coli_band",2019,NA
"hrc-00331","E_coli_band",2019,NA
"hrc-00333","E_coli_band",2019,NA
"hrc-00335","E_coli_band",2019,NA
"hrc-00337","E_coli_band",2019,NA
"lawa-100207","E_coli_band",2019,NA
"lawa-100208","E_coli_band",2019,NA
"lawa-100209","E_coli_band",2019,NA
"lawa-100210","E_coli_band",2019,NA
"lawa-100215","E_coli_band",2019,NA
"orc-00027","E_coli_band",2019,NA
"orc-00028","E_coli_band",2019,NA
"orc-00031","E_coli_band",2019,NA
"orc-00033","E_coli_band",2019,NA
"orc-00034","E_coli_band",2019,NA
"orc-00035","E_coli_band",2019,NA
"orc-00036","E_coli_band",2019,NA
"orc-00037","E_coli_band",2019,NA
"orc-00038","E_coli_band",2019,NA
"trc-00051","E_coli_band",2019,NA
"trc-00051","E_coli_band",2019,NA
"trc-00053","E_coli_band",2019,NA
"trc-00053","E_coli_band",2019,NA
"wcrc-00064","E_coli_band",2019,NA
"nrc-00075","E_coli_band",2019,NA
"nrc-00087","E_coli_band",2019,NA
"nrc-00090","E_coli_band",2019,NA
"nrc-00095","E_coli_band",2019,NA
"hbrc-00171","E_coli_band",2019,NA
"lawa-102219","E_coli_band",2019,NA
"lawa-102220","E_coli_band",2019,NA
"lawa-102221","E_coli_band",2019,NA
"arc-00099","E_coli_band",2019,NA
"lawa-100211","E_coli_band",2019,NA
"lawa-100213","E_coli_band",2019,NA
"lawa-100263","E_coli_band",2019,NA
"lawa-100264","E_coli_band",2019,NA
"lawa-100266","E_coli_band",2019,NA
"arc-00098","E_coli_band",2019,NA
"arc-00100","E_coli_band",2019,NA
"arc-10002","E_coli_band",2019,NA
"hbrc-00170","E_coli_band",2019,NA
"nrc-00071","E_coli_band",2019,NA
"nrc-00072","E_coli_band",2019,NA
"nrc-00073","E_coli_band",2019,NA
"nrc-00074","E_coli_band",2019,NA
"nrc-00076","E_coli_band",2019,NA
"nrc-00077","E_coli_band",2019,NA
"nrc-00078","E_coli_band",2019,NA
"nrc-00079","E_coli_band",2019,NA
"nrc-00080","E_coli_band",2019,NA
"nrc-00081","E_coli_band",2019,NA
"nrc-00082","E_coli_band",2019,NA
"nrc-00083","E_coli_band",2019,NA
"nrc-00084","E_coli_band",2019,NA
"nrc-00085","E_coli_band",2019,NA
"nrc-00086","E_coli_band",2019,NA
"nrc-00088","E_coli_band",2019,NA
"nrc-00089","E_coli_band",2019,NA
"nrc-00091","E_coli_band",2019,NA
"nrc-00092","E_coli_band",2019,NA
"nrc-00093","E_coli_band",2019,NA
"nrc-00094","E_coli_band",2019,NA
"nrc-00096","E_coli_band",2019,NA
"wcrc-00065","E_coli_band",2019,NA
"wcrc-00067","E_coli_band",2019,NA
"ecan-00326","E_coli_band",2019,NA
"ecan-00327","E_coli_band",2019,NA
"ecan-00328","E_coli_band",2019,NA
"ecan-00329","E_coli_band",2019,NA
"ecan-00330","E_coli_band",2019,NA
"ecan-00332","E_coli_band",2019,NA
"ecan-00333","E_coli_band",2019,NA
"ecan-00335","E_coli_band",2019,NA
"ecan-00336","E_coli_band",2019,NA
"ecan-00337","E_coli_band",2019,NA
"ecan-00338","E_coli_band",2019,NA
"ecan-00339","E_coli_band",2019,NA
"ecan-00340","E_coli_band",2019,NA
"ecan-00341","E_coli_band",2019,NA
"ecan-00342","E_coli_band",2019,NA
"ecan-00343","E_coli_band",2019,NA
"ecan-00344","E_coli_band",2019,NA
"ecan-00345","E_coli_band",2019,NA
"ecan-00346","E_coli_band",2019,NA
"ecan-00349","E_coli_band",2019,NA
"ecan-00351","E_coli_band",2019,NA
"ecan-00354","E_coli_band",2019,NA
"ecan-00355","E_coli_band",2019,NA
"ecan-00357","E_coli_band",2019,NA
"ecan-00358","E_coli_band",2019,NA
"ecan-00359","E_coli_band",2019,NA
"ecan-00367","E_coli_band",2019,NA
"ecan-00368","E_coli_band",2019,NA
"hrc-00332","E_coli_band",2019,NA
"hrc-00342","E_coli_band",2019,NA
"lawa-100250","E_coli_band",2019,NA
"lawa-101983","E_coli_band",2019,NA
"hrc-00339","E_coli_band",2019,NA
"lawa-102308","E_coli_band",2019,NA
"hrc-00329","E_coli_band",2019,NA
"hbrc-00172","E_coli_band",2019,NA
"trc-00051","E_coli_band",2019,NA
"trc-00053","E_coli_band",2019,NA
"lawa-101984","E_coli_band",2019,NA
"lawa-101985","E_coli_band",2019,NA
"trc-00051","E_coli_band",2019,NA
"trc-00053","E_coli_band",2019,NA
"ebop-00087","E_coli95_band",2019,NA
"ebop-00088","E_coli95_band",2019,NA
"ebop-00089","E_coli95_band",2019,NA
"ebop-00090","E_coli95_band",2019,NA
"ebop-00091","E_coli95_band",2019,NA
"ebop-00092","E_coli95_band",2019,NA
"ebop-00093","E_coli95_band",2019,NA
"ebop-00094","E_coli95_band",2019,NA
"ebop-00095","E_coli95_band",2019,NA
"ebop-00096","E_coli95_band",2019,NA
"ebop-00097","E_coli95_band",2019,NA
"ebop-00098","E_coli95_band",2019,NA
"ebop-00099","E_coli95_band",2019,NA
"ebop-00100","E_coli95_band",2019,NA
"ecan-00325","E_coli95_band",2019,NA
"ecan-00331","E_coli95_band",2019,NA
"ecan-00334","E_coli95_band",2019,NA
"ecan-00347","E_coli95_band",2019,NA
"ecan-00348","E_coli95_band",2019,NA
"ecan-00363","E_coli95_band",2019,NA
"ecan-00369","E_coli95_band",2019,NA
"ecan-00370","E_coli95_band",2019,NA
"ecan-00371","E_coli95_band",2019,NA
"ecan-00372","E_coli95_band",2019,NA
"es-000142","E_coli95_band",2019,NA
"es-000157","E_coli95_band",2019,NA
"es-000158","E_coli95_band",2019,NA
"es-000159","E_coli95_band",2019,NA
"es-00144","E_coli95_band",2019,NA
"gw-00257","E_coli95_band",2019,NA
"gw-00258","E_coli95_band",2019,NA
"gw-00262","E_coli95_band",2019,NA
"gw-00263","E_coli95_band",2019,NA
"hbrc-00173","E_coli95_band",2019,NA
"hbrc-00176","E_coli95_band",2019,NA
"hrc-00331","E_coli95_band",2019,NA
"hrc-00333","E_coli95_band",2019,NA
"hrc-00335","E_coli95_band",2019,NA
"hrc-00337","E_coli95_band",2019,NA
"lawa-100207","E_coli95_band",2019,NA
"lawa-100208","E_coli95_band",2019,NA
"lawa-100209","E_coli95_band",2019,NA
"lawa-100210","E_coli95_band",2019,NA
"lawa-100215","E_coli95_band",2019,NA
"orc-00027","E_coli95_band",2019,NA
"orc-00028","E_coli95_band",2019,NA
"orc-00031","E_coli95_band",2019,NA
"orc-00033","E_coli95_band",2019,NA
"orc-00034","E_coli95_band",2019,NA
"orc-00035","E_coli95_band",2019,NA
"orc-00036","E_coli95_band",2019,NA
"orc-00037","E_coli95_band",2019,NA
"orc-00038","E_coli95_band",2019,NA
"trc-00051","E_coli95_band",2019,NA
"trc-00051","E_coli95_band",2019,NA
"trc-00053","E_coli95_band",2019,NA
"trc-00053","E_coli95_band",2019,NA
"wcrc-00064","E_coli95_band",2019,NA
"nrc-00075","E_coli95_band",2019,NA
"nrc-00087","E_coli95_band",2019,NA
"nrc-00090","E_coli95_band",2019,NA
"nrc-00095","E_coli95_band",2019,NA
"hbrc-00171","E_coli95_band",2019,NA
"lawa-102219","E_coli95_band",2019,NA
"lawa-102220","E_coli95_band",2019,NA
"lawa-102221","E_coli95_band",2019,NA
"arc-00099","E_coli95_band",2019,NA
"lawa-100211","E_coli95_band",2019,NA
"lawa-100213","E_coli95_band",2019,NA
"lawa-100263","E_coli95_band",2019,NA
"lawa-100264","E_coli95_band",2019,NA
"lawa-100266","E_coli95_band",2019,NA
"arc-00098","E_coli95_band",2019,NA
"arc-00100","E_coli95_band",2019,NA
"arc-10002","E_coli95_band",2019,NA
"hbrc-00170","E_coli95_band",2019,NA
"nrc-00071","E_coli95_band",2019,NA
"nrc-00072","E_coli95_band",2019,NA
"nrc-00073","E_coli95_band",2019,NA
"nrc-00074","E_coli95_band",2019,NA
"nrc-00076","E_coli95_band",2019,NA
"nrc-00077","E_coli95_band",2019,NA
"nrc-00078","E_coli95_band",2019,NA
"nrc-00079","E_coli95_band",2019,NA
"nrc-00080","E_coli95_band",2019,NA
"nrc-00081","E_coli95_band",2019,NA
"nrc-00082","E_coli95_band",2019,NA
"nrc-00083","E_coli95_band",2019,NA
"nrc-00084","E_coli95_band",2019,NA
"nrc-00085","E_coli95_band",2019,NA
"nrc-00086","E_coli95_band",2019,NA
"nrc-00088","E_coli95_band",2019,NA
"nrc-00089","E_coli95_band",2019,NA
"nrc-00091","E_coli95_band",2019,NA
"nrc-00092","E_coli95_band",2019,NA
"nrc-00093","E_coli95_band",2019,NA
"nrc-00094","E_coli95_band",2019,NA
"nrc-00096","E_coli95_band",2019,NA
"wcrc-00065","E_coli95_band",2019,NA
"wcrc-00067","E_coli95_band",2019,NA
"ecan-00326","E_coli95_band",2019,NA
"ecan-00327","E_coli95_band",2019,NA
"ecan-00328","E_coli95_band",2019,NA
"ecan-00329","E_coli95_band",2019,NA
"ecan-00330","E_coli95_band",2019,NA
"ecan-00332","E_coli95_band",2019,NA
"ecan-00333","E_coli95_band",2019,NA
"ecan-00335","E_coli95_band",2019,NA
"ecan-00336","E_coli95_band",2019,NA
"ecan-00337","E_coli95_band",2019,NA
"ecan-00338","E_coli95_band",2019,NA
"ecan-00339","E_coli95_band",2019,NA
"ecan-00340","E_coli95_band",2019,NA
"ecan-00341","E_coli95_band",2019,NA
"ecan-00342","E_coli95_band",2019,NA
"ecan-00343","E_coli95_band",2019,NA
"ecan-00344","E_coli95_band",2019,NA
"ecan-00345","E_coli95_band",2019,NA
"ecan-00346","E_coli95_band",2019,NA
"ecan-00349","E_coli95_band",2019,NA
"ecan-00351","E_coli95_band",2019,NA
"ecan-00354","E_coli95_band",2019,NA
"ecan-00355","E_coli95_band",2019,NA
"ecan-00357","E_coli95_band",2019,NA
"ecan-00358","E_coli95_band",2019,NA
"ecan-00359","E_coli95_band",2019,NA
"ecan-00367","E_coli95_band",2019,NA
"ecan-00368","E_coli95_band",2019,NA
"hrc-00332","E_coli95_band",2019,NA
"hrc-00342","E_coli95_band",2019,NA
"lawa-100250","E_coli95_band",2019,NA
"lawa-101983","E_coli95_band",2019,NA
"hrc-00339","E_coli95_band",2019,NA
"lawa-102308","E_coli95_band",2019,NA
"hrc-00329","E_coli95_band",2019,NA
"hbrc-00172","E_coli95_band",2019,NA
"trc-00051","E_coli95_band",2019,NA
"trc-00053","E_coli95_band",2019,NA
"lawa-101984","E_coli95_band",2019,NA
"lawa-101985","E_coli95_band",2019,NA
"trc-00051","E_coli95_band",2019,NA
"trc-00053","E_coli95_band",2019,NA
"ebop-00087","E_coliRecHealth540_Band",2019,NA
"ebop-00088","E_coliRecHealth540_Band",2019,NA
"ebop-00089","E_coliRecHealth540_Band",2019,NA
"ebop-00090","E_coliRecHealth540_Band",2019,NA
"ebop-00091","E_coliRecHealth540_Band",2019,NA
"ebop-00092","E_coliRecHealth540_Band",2019,NA
"ebop-00093","E_coliRecHealth540_Band",2019,NA
"ebop-00094","E_coliRecHealth540_Band",2019,NA
"ebop-00095","E_coliRecHealth540_Band",2019,NA
"ebop-00096","E_coliRecHealth540_Band",2019,NA
"ebop-00097","E_coliRecHealth540_Band",2019,NA
"ebop-00098","E_coliRecHealth540_Band",2019,NA
"ebop-00099","E_coliRecHealth540_Band",2019,NA
"ebop-00100","E_coliRecHealth540_Band",2019,NA
"ecan-00325","E_coliRecHealth540_Band",2019,NA
"ecan-00331","E_coliRecHealth540_Band",2019,NA
"ecan-00334","E_coliRecHealth540_Band",2019,NA
"ecan-00347","E_coliRecHealth540_Band",2019,NA
"ecan-00348","E_coliRecHealth540_Band",2019,NA
"ecan-00363","E_coliRecHealth540_Band",2019,NA
"ecan-00369","E_coliRecHealth540_Band",2019,NA
"ecan-00370","E_coliRecHealth540_Band",2019,NA
"ecan-00371","E_coliRecHealth540_Band",2019,NA
"ecan-00372","E_coliRecHealth540_Band",2019,NA
"es-000142","E_coliRecHealth540_Band",2019,NA
"es-000157","E_coliRecHealth540_Band",2019,NA
"es-000158","E_coliRecHealth540_Band",2019,NA
"es-000159","E_coliRecHealth540_Band",2019,NA
"es-00144","E_coliRecHealth540_Band",2019,NA
"gw-00257","E_coliRecHealth540_Band",2019,NA
"gw-00258","E_coliRecHealth540_Band",2019,NA
"gw-00262","E_coliRecHealth540_Band",2019,NA
"gw-00263","E_coliRecHealth540_Band",2019,NA
"hbrc-00173","E_coliRecHealth540_Band",2019,NA
"hbrc-00176","E_coliRecHealth540_Band",2019,NA
"hrc-00331","E_coliRecHealth540_Band",2019,NA
"hrc-00333","E_coliRecHealth540_Band",2019,NA
"hrc-00335","E_coliRecHealth540_Band",2019,NA
"hrc-00337","E_coliRecHealth540_Band",2019,NA
"lawa-100207","E_coliRecHealth540_Band",2019,NA
"lawa-100208","E_coliRecHealth540_Band",2019,NA
"lawa-100209","E_coliRecHealth540_Band",2019,NA
"lawa-100210","E_coliRecHealth540_Band",2019,NA
"lawa-100215","E_coliRecHealth540_Band",2019,NA
"orc-00027","E_coliRecHealth540_Band",2019,NA
"orc-00028","E_coliRecHealth540_Band",2019,NA
"orc-00031","E_coliRecHealth540_Band",2019,NA
"orc-00033","E_coliRecHealth540_Band",2019,NA
"orc-00034","E_coliRecHealth540_Band",2019,NA
"orc-00035","E_coliRecHealth540_Band",2019,NA
"orc-00036","E_coliRecHealth540_Band",2019,NA
"orc-00037","E_coliRecHealth540_Band",2019,NA
"orc-00038","E_coliRecHealth540_Band",2019,NA
"trc-00051","E_coliRecHealth540_Band",2019,NA
"trc-00051","E_coliRecHealth540_Band",2019,NA
"trc-00053","E_coliRecHealth540_Band",2019,NA
"trc-00053","E_coliRecHealth540_Band",2019,NA
"wcrc-00064","E_coliRecHealth540_Band",2019,NA
"nrc-00075","E_coliRecHealth540_Band",2019,NA
"nrc-00087","E_coliRecHealth540_Band",2019,NA
"nrc-00090","E_coliRecHealth540_Band",2019,NA
"nrc-00095","E_coliRecHealth540_Band",2019,NA
"hbrc-00171","E_coliRecHealth540_Band",2019,NA
"lawa-102219","E_coliRecHealth540_Band",2019,NA
"lawa-102220","E_coliRecHealth540_Band",2019,NA
"lawa-102221","E_coliRecHealth540_Band",2019,NA
"arc-00099","E_coliRecHealth540_Band",2019,NA
"lawa-100211","E_coliRecHealth540_Band",2019,NA
"lawa-100213","E_coliRecHealth540_Band",2019,NA
"lawa-100263","E_coliRecHealth540_Band",2019,NA
"lawa-100264","E_coliRecHealth540_Band",2019,NA
"lawa-100266","E_coliRecHealth540_Band",2019,NA
"arc-00098","E_coliRecHealth540_Band",2019,NA
"arc-00100","E_coliRecHealth540_Band",2019,NA
"arc-10002","E_coliRecHealth540_Band",2019,NA
"hbrc-00170","E_coliRecHealth540_Band",2019,NA
"nrc-00071","E_coliRecHealth540_Band",2019,NA
"nrc-00072","E_coliRecHealth540_Band",2019,NA
"nrc-00073","E_coliRecHealth540_Band",2019,NA
"nrc-00074","E_coliRecHealth540_Band",2019,NA
"nrc-00076","E_coliRecHealth540_Band",2019,NA
"nrc-00077","E_coliRecHealth540_Band",2019,NA
"nrc-00078","E_coliRecHealth540_Band",2019,NA
"nrc-00079","E_coliRecHealth540_Band",2019,NA
"nrc-00080","E_coliRecHealth540_Band",2019,NA
"nrc-00081","E_coliRecHealth540_Band",2019,NA
"nrc-00082","E_coliRecHealth540_Band",2019,NA
"nrc-00083","E_coliRecHealth540_Band",2019,NA
"nrc-00084","E_coliRecHealth540_Band",2019,NA
"nrc-00085","E_coliRecHealth540_Band",2019,NA
"nrc-00086","E_coliRecHealth540_Band",2019,NA
"nrc-00088","E_coliRecHealth540_Band",2019,NA
"nrc-00089","E_coliRecHealth540_Band",2019,NA
"nrc-00091","E_coliRecHealth540_Band",2019,NA
"nrc-00092","E_coliRecHealth540_Band",2019,NA
"nrc-00093","E_coliRecHealth540_Band",2019,NA
"nrc-00094","E_coliRecHealth540_Band",2019,NA
"nrc-00096","E_coliRecHealth540_Band",2019,NA
"wcrc-00065","E_coliRecHealth540_Band",2019,NA
"wcrc-00067","E_coliRecHealth540_Band",2019,NA
"ecan-00326","E_coliRecHealth540_Band",2019,NA
"ecan-00327","E_coliRecHealth540_Band",2019,NA
"ecan-00328","E_coliRecHealth540_Band",2019,NA
"ecan-00329","E_coliRecHealth540_Band",2019,NA
"ecan-00330","E_coliRecHealth540_Band",2019,NA
"ecan-00332","E_coliRecHealth540_Band",2019,NA
"ecan-00333","E_coliRecHealth540_Band",2019,NA
"ecan-00335","E_coliRecHealth540_Band",2019,NA
"ecan-00336","E_coliRecHealth540_Band",2019,NA
"ecan-00337","E_coliRecHealth540_Band",2019,NA
"ecan-00338","E_coliRecHealth540_Band",2019,NA
"ecan-00339","E_coliRecHealth540_Band",2019,NA
"ecan-00340","E_coliRecHealth540_Band",2019,NA
"ecan-00341","E_coliRecHealth540_Band",2019,NA
"ecan-00342","E_coliRecHealth540_Band",2019,NA
"ecan-00343","E_coliRecHealth540_Band",2019,NA
"ecan-00344","E_coliRecHealth540_Band",2019,NA
"ecan-00345","E_coliRecHealth540_Band",2019,NA
"ecan-00346","E_coliRecHealth540_Band",2019,NA
"ecan-00349","E_coliRecHealth540_Band",2019,NA
"ecan-00351","E_coliRecHealth540_Band",2019,NA
"ecan-00354","E_coliRecHealth540_Band",2019,NA
"ecan-00355","E_coliRecHealth540_Band",2019,NA
"ecan-00357","E_coliRecHealth540_Band",2019,NA
"ecan-00358","E_coliRecHealth540_Band",2019,NA
"ecan-00359","E_coliRecHealth540_Band",2019,NA
"ecan-00367","E_coliRecHealth540_Band",2019,NA
"ecan-00368","E_coliRecHealth540_Band",2019,NA
"hrc-00332","E_coliRecHealth540_Band",2019,NA
"hrc-00342","E_coliRecHealth540_Band",2019,NA
"lawa-100250","E_coliRecHealth540_Band",2019,NA
"lawa-101983","E_coliRecHealth540_Band",2019,NA
"hrc-00339","E_coliRecHealth540_Band",2019,NA
"lawa-102308","E_coliRecHealth540_Band",2019,NA
"hrc-00329","E_coliRecHealth540_Band",2019,NA
"hbrc-00172","E_coliRecHealth540_Band",2019,NA
"trc-00051","E_coliRecHealth540_Band",2019,NA
"trc-00053","E_coliRecHealth540_Band",2019,NA
"lawa-101984","E_coliRecHealth540_Band",2019,NA
"lawa-101985","E_coliRecHealth540_Band",2019,NA
"trc-00051","E_coliRecHealth540_Band",2019,NA
"trc-00053","E_coliRecHealth540_Band",2019,NA
"ebop-00087","E_coliRecHealth260_Band",2019,NA
"ebop-00088","E_coliRecHealth260_Band",2019,NA
"ebop-00089","E_coliRecHealth260_Band",2019,NA
"ebop-00090","E_coliRecHealth260_Band",2019,NA
"ebop-00091","E_coliRecHealth260_Band",2019,NA
"ebop-00092","E_coliRecHealth260_Band",2019,NA
"ebop-00093","E_coliRecHealth260_Band",2019,NA
"ebop-00094","E_coliRecHealth260_Band",2019,NA
"ebop-00095","E_coliRecHealth260_Band",2019,NA
"ebop-00096","E_coliRecHealth260_Band",2019,NA
"ebop-00097","E_coliRecHealth260_Band",2019,NA
"ebop-00098","E_coliRecHealth260_Band",2019,NA
"ebop-00099","E_coliRecHealth260_Band",2019,NA
"ebop-00100","E_coliRecHealth260_Band",2019,NA
"ecan-00325","E_coliRecHealth260_Band",2019,NA
"ecan-00331","E_coliRecHealth260_Band",2019,NA
"ecan-00334","E_coliRecHealth260_Band",2019,NA
"ecan-00347","E_coliRecHealth260_Band",2019,NA
"ecan-00348","E_coliRecHealth260_Band",2019,NA
"ecan-00363","E_coliRecHealth260_Band",2019,NA
"ecan-00369","E_coliRecHealth260_Band",2019,NA
"ecan-00370","E_coliRecHealth260_Band",2019,NA
"ecan-00371","E_coliRecHealth260_Band",2019,NA
"ecan-00372","E_coliRecHealth260_Band",2019,NA
"es-000142","E_coliRecHealth260_Band",2019,NA
"es-000157","E_coliRecHealth260_Band",2019,NA
"es-000158","E_coliRecHealth260_Band",2019,NA
"es-000159","E_coliRecHealth260_Band",2019,NA
"es-00144","E_coliRecHealth260_Band",2019,NA
"gw-00257","E_coliRecHealth260_Band",2019,NA
"gw-00258","E_coliRecHealth260_Band",2019,NA
"gw-00262","E_coliRecHealth260_Band",2019,NA
"gw-00263","E_coliRecHealth260_Band",2019,NA
"hbrc-00173","E_coliRecHealth260_Band",2019,NA
"hbrc-00176","E_coliRecHealth260_Band",2019,NA
"hrc-00331","E_coliRecHealth260_Band",2019,NA
"hrc-00333","E_coliRecHealth260_Band",2019,NA
"hrc-00335","E_coliRecHealth260_Band",2019,NA
"hrc-00337","E_coliRecHealth260_Band",2019,NA
"lawa-100207","E_coliRecHealth260_Band",2019,NA
"lawa-100208","E_coliRecHealth260_Band",2019,NA
"lawa-100209","E_coliRecHealth260_Band",2019,NA
"lawa-100210","E_coliRecHealth260_Band",2019,NA
"lawa-100215","E_coliRecHealth260_Band",2019,NA
"orc-00027","E_coliRecHealth260_Band",2019,NA
"orc-00028","E_coliRecHealth260_Band",2019,NA
"orc-00031","E_coliRecHealth260_Band",2019,NA
"orc-00033","E_coliRecHealth260_Band",2019,NA
"orc-00034","E_coliRecHealth260_Band",2019,NA
"orc-00035","E_coliRecHealth260_Band",2019,NA
"orc-00036","E_coliRecHealth260_Band",2019,NA
"orc-00037","E_coliRecHealth260_Band",2019,NA
"orc-00038","E_coliRecHealth260_Band",2019,NA
"trc-00051","E_coliRecHealth260_Band",2019,NA
"trc-00051","E_coliRecHealth260_Band",2019,NA
"trc-00053","E_coliRecHealth260_Band",2019,NA
"trc-00053","E_coliRecHealth260_Band",2019,NA
"wcrc-00064","E_coliRecHealth260_Band",2019,NA
"nrc-00075","E_coliRecHealth260_Band",2019,NA
"nrc-00087","E_coliRecHealth260_Band",2019,NA
"nrc-00090","E_coliRecHealth260_Band",2019,NA
"nrc-00095","E_coliRecHealth260_Band",2019,NA
"hbrc-00171","E_coliRecHealth260_Band",2019,NA
"lawa-102219","E_coliRecHealth260_Band",2019,NA
"lawa-102220","E_coliRecHealth260_Band",2019,NA
"lawa-102221","E_coliRecHealth260_Band",2019,NA
"arc-00099","E_coliRecHealth260_Band",2019,NA
"lawa-100211","E_coliRecHealth260_Band",2019,NA
"lawa-100213","E_coliRecHealth260_Band",2019,NA
"lawa-100263","E_coliRecHealth260_Band",2019,NA
"lawa-100264","E_coliRecHealth260_Band",2019,NA
"lawa-100266","E_coliRecHealth260_Band",2019,NA
"arc-00098","E_coliRecHealth260_Band",2019,NA
"arc-00100","E_coliRecHealth260_Band",2019,NA
"arc-10002","E_coliRecHealth260_Band",2019,NA
"hbrc-00170","E_coliRecHealth260_Band",2019,NA
"nrc-00071","E_coliRecHealth260_Band",2019,NA
"nrc-00072","E_coliRecHealth260_Band",2019,NA
"nrc-00073","E_coliRecHealth260_Band",2019,NA
"nrc-00074","E_coliRecHealth260_Band",2019,NA
"nrc-00076","E_coliRecHealth260_Band",2019,NA
"nrc-00077","E_coliRecHealth260_Band",2019,NA
"nrc-00078","E_coliRecHealth260_Band",2019,NA
"nrc-00079","E_coliRecHealth260_Band",2019,NA
"nrc-00080","E_coliRecHealth260_Band",2019,NA
"nrc-00081","E_coliRecHealth260_Band",2019,NA
"nrc-00082","E_coliRecHealth260_Band",2019,NA
"nrc-00083","E_coliRecHealth260_Band",2019,NA
"nrc-00084","E_coliRecHealth260_Band",2019,NA
"nrc-00085","E_coliRecHealth260_Band",2019,NA
"nrc-00086","E_coliRecHealth260_Band",2019,NA
"nrc-00088","E_coliRecHealth260_Band",2019,NA
"nrc-00089","E_coliRecHealth260_Band",2019,NA
"nrc-00091","E_coliRecHealth260_Band",2019,NA
"nrc-00092","E_coliRecHealth260_Band",2019,NA
"nrc-00093","E_coliRecHealth260_Band",2019,NA
"nrc-00094","E_coliRecHealth260_Band",2019,NA
"nrc-00096","E_coliRecHealth260_Band",2019,NA
"wcrc-00065","E_coliRecHealth260_Band",2019,NA
"wcrc-00067","E_coliRecHealth260_Band",2019,NA
"ecan-00326","E_coliRecHealth260_Band",2019,NA
"ecan-00327","E_coliRecHealth260_Band",2019,NA
"ecan-00328","E_coliRecHealth260_Band",2019,NA
"ecan-00329","E_coliRecHealth260_Band",2019,NA
"ecan-00330","E_coliRecHealth260_Band",2019,NA
"ecan-00332","E_coliRecHealth260_Band",2019,NA
"ecan-00333","E_coliRecHealth260_Band",2019,NA
"ecan-00335","E_coliRecHealth260_Band",2019,NA
"ecan-00336","E_coliRecHealth260_Band",2019,NA
"ecan-00337","E_coliRecHealth260_Band",2019,NA
"ecan-00338","E_coliRecHealth260_Band",2019,NA
"ecan-00339","E_coliRecHealth260_Band",2019,NA
"ecan-00340","E_coliRecHealth260_Band",2019,NA
"ecan-00341","E_coliRecHealth260_Band",2019,NA
"ecan-00342","E_coliRecHealth260_Band",2019,NA
"ecan-00343","E_coliRecHealth260_Band",2019,NA
"ecan-00344","E_coliRecHealth260_Band",2019,NA
"ecan-00345","E_coliRecHealth260_Band",2019,NA
"ecan-00346","E_coliRecHealth260_Band",2019,NA
"ecan-00349","E_coliRecHealth260_Band",2019,NA
"ecan-00351","E_coliRecHealth260_Band",2019,NA
"ecan-00354","E_coliRecHealth260_Band",2019,NA
"ecan-00355","E_coliRecHealth260_Band",2019,NA
"ecan-00357","E_coliRecHealth260_Band",2019,NA
"ecan-00358","E_coliRecHealth260_Band",2019,NA
"ecan-00359","E_coliRecHealth260_Band",2019,NA
"ecan-00367","E_coliRecHealth260_Band",2019,NA
"ecan-00368","E_coliRecHealth260_Band",2019,NA
"hrc-00332","E_coliRecHealth260_Band",2019,NA
"hrc-00342","E_coliRecHealth260_Band",2019,NA
"lawa-100250","E_coliRecHealth260_Band",2019,NA
"lawa-101983","E_coliRecHealth260_Band",2019,NA
"hrc-00339","E_coliRecHealth260_Band",2019,NA
"lawa-102308","E_coliRecHealth260_Band",2019,NA
"hrc-00329","E_coliRecHealth260_Band",2019,NA
"hbrc-00172","E_coliRecHealth260_Band",2019,NA
"trc-00051","E_coliRecHealth260_Band",2019,NA
"trc-00053","E_coliRecHealth260_Band",2019,NA
"lawa-101984","E_coliRecHealth260_Band",2019,NA
"lawa-101985","E_coliRecHealth260_Band",2019,NA
"trc-00051","E_coliRecHealth260_Band",2019,NA
"trc-00053","E_coliRecHealth260_Band",2019,NA
"ebop-00087","E_coliSummaryband",2019,NA
"ebop-00088","E_coliSummaryband",2019,NA
"ebop-00089","E_coliSummaryband",2019,NA
"ebop-00090","E_coliSummaryband",2019,NA
"ebop-00091","E_coliSummaryband",2019,NA
"ebop-00092","E_coliSummaryband",2019,NA
"ebop-00093","E_coliSummaryband",2019,NA
"ebop-00094","E_coliSummaryband",2019,NA
"ebop-00095","E_coliSummaryband",2019,NA
"ebop-00096","E_coliSummaryband",2019,NA
"ebop-00097","E_coliSummaryband",2019,NA
"ebop-00098","E_coliSummaryband",2019,NA
"ebop-00099","E_coliSummaryband",2019,NA
"ebop-00100","E_coliSummaryband",2019,NA
"ecan-00325","E_coliSummaryband",2019,NA
"ecan-00331","E_coliSummaryband",2019,NA
"ecan-00334","E_coliSummaryband",2019,NA
"ecan-00347","E_coliSummaryband",2019,NA
"ecan-00348","E_coliSummaryband",2019,NA
"ecan-00363","E_coliSummaryband",2019,NA
"ecan-00369","E_coliSummaryband",2019,NA
"ecan-00370","E_coliSummaryband",2019,NA
"ecan-00371","E_coliSummaryband",2019,NA
"ecan-00372","E_coliSummaryband",2019,NA
"es-000142","E_coliSummaryband",2019,NA
"es-000157","E_coliSummaryband",2019,NA
"es-000158","E_coliSummaryband",2019,NA
"es-000159","E_coliSummaryband",2019,NA
"es-00144","E_coliSummaryband",2019,NA
"gw-00257","E_coliSummaryband",2019,NA
"gw-00258","E_coliSummaryband",2019,NA
"gw-00262","E_coliSummaryband",2019,NA
"gw-00263","E_coliSummaryband",2019,NA
"hbrc-00173","E_coliSummaryband",2019,NA
"hbrc-00176","E_coliSummaryband",2019,NA
"hrc-00331","E_coliSummaryband",2019,NA
"hrc-00333","E_coliSummaryband",2019,NA
"hrc-00335","E_coliSummaryband",2019,NA
"hrc-00337","E_coliSummaryband",2019,NA
"lawa-100207","E_coliSummaryband",2019,NA
"lawa-100208","E_coliSummaryband",2019,NA
"lawa-100209","E_coliSummaryband",2019,NA
"lawa-100210","E_coliSummaryband",2019,NA
"lawa-100215","E_coliSummaryband",2019,NA
"orc-00027","E_coliSummaryband",2019,NA
"orc-00028","E_coliSummaryband",2019,NA
"orc-00031","E_coliSummaryband",2019,NA
"orc-00033","E_coliSummaryband",2019,NA
"orc-00034","E_coliSummaryband",2019,NA
"orc-00035","E_coliSummaryband",2019,NA
"orc-00036","E_coliSummaryband",2019,NA
"orc-00037","E_coliSummaryband",2019,NA
"orc-00038","E_coliSummaryband",2019,NA
"trc-00051","E_coliSummaryband",2019,NA
"trc-00051","E_coliSummaryband",2019,NA
"trc-00053","E_coliSummaryband",2019,NA
"trc-00053","E_coliSummaryband",2019,NA
"wcrc-00064","E_coliSummaryband",2019,NA
"nrc-00075","E_coliSummaryband",2019,NA
"nrc-00087","E_coliSummaryband",2019,NA
"nrc-00090","E_coliSummaryband",2019,NA
"nrc-00095","E_coliSummaryband",2019,NA
"hbrc-00171","E_coliSummaryband",2019,NA
"lawa-102219","E_coliSummaryband",2019,NA
"lawa-102220","E_coliSummaryband",2019,NA
"lawa-102221","E_coliSummaryband",2019,NA
"arc-00099","E_coliSummaryband",2019,NA
"lawa-100211","E_coliSummaryband",2019,NA
"lawa-100213","E_coliSummaryband",2019,NA
"lawa-100263","E_coliSummaryband",2019,NA
"lawa-100264","E_coliSummaryband",2019,NA
"lawa-100266","E_coliSummaryband",2019,NA
"arc-00098","E_coliSummaryband",2019,NA
"arc-00100","E_coliSummaryband",2019,NA
"arc-10002","E_coliSummaryband",2019,NA
"hbrc-00170","E_coliSummaryband",2019,NA
"nrc-00071","E_coliSummaryband",2019,NA
"nrc-00072","E_coliSummaryband",2019,NA
"nrc-00073","E_coliSummaryband",2019,NA
"nrc-00074","E_coliSummaryband",2019,NA
"nrc-00076","E_coliSummaryband",2019,NA
"nrc-00077","E_coliSummaryband",2019,NA
"nrc-00078","E_coliSummaryband",2019,NA
"nrc-00079","E_coliSummaryband",2019,NA
"nrc-00080","E_coliSummaryband",2019,NA
"nrc-00081","E_coliSummaryband",2019,NA
"nrc-00082","E_coliSummaryband",2019,NA
"nrc-00083","E_coliSummaryband",2019,NA
"nrc-00084","E_coliSummaryband",2019,NA
"nrc-00085","E_coliSummaryband",2019,NA
"nrc-00086","E_coliSummaryband",2019,NA
"nrc-00088","E_coliSummaryband",2019,NA
"nrc-00089","E_coliSummaryband",2019,NA
"nrc-00091","E_coliSummaryband",2019,NA
"nrc-00092","E_coliSummaryband",2019,NA
"nrc-00093","E_coliSummaryband",2019,NA
"nrc-00094","E_coliSummaryband",2019,NA
"nrc-00096","E_coliSummaryband",2019,NA
"wcrc-00065","E_coliSummaryband",2019,NA
"wcrc-00067","E_coliSummaryband",2019,NA
"ecan-00326","E_coliSummaryband",2019,NA
"ecan-00327","E_coliSummaryband",2019,NA
"ecan-00328","E_coliSummaryband",2019,NA
"ecan-00329","E_coliSummaryband",2019,NA
"ecan-00330","E_coliSummaryband",2019,NA
"ecan-00332","E_coliSummaryband",2019,NA
"ecan-00333","E_coliSummaryband",2019,NA
"ecan-00335","E_coliSummaryband",2019,NA
"ecan-00336","E_coliSummaryband",2019,NA
"ecan-00337","E_coliSummaryband",2019,NA
"ecan-00338","E_coliSummaryband",2019,NA
"ecan-00339","E_coliSummaryband",2019,NA
"ecan-00340","E_coliSummaryband",2019,NA
"ecan-00341","E_coliSummaryband",2019,NA
"ecan-00342","E_coliSummaryband",2019,NA
"ecan-00343","E_coliSummaryband",2019,NA
"ecan-00344","E_coliSummaryband",2019,NA
"ecan-00345","E_coliSummaryband",2019,NA
"ecan-00346","E_coliSummaryband",2019,NA
"ecan-00349","E_coliSummaryband",2019,NA
"ecan-00351","E_coliSummaryband",2019,NA
"ecan-00354","E_coliSummaryband",2019,NA
"ecan-00355","E_coliSummaryband",2019,NA
"ecan-00357","E_coliSummaryband",2019,NA
"ecan-00358","E_coliSummaryband",2019,NA
"ecan-00359","E_coliSummaryband",2019,NA
"ecan-00367","E_coliSummaryband",2019,NA
"ecan-00368","E_coliSummaryband",2019,NA
"hrc-00332","E_coliSummaryband",2019,NA
"hrc-00342","E_coliSummaryband",2019,NA
"lawa-100250","E_coliSummaryband",2019,NA
"lawa-101983","E_coliSummaryband",2019,NA
"hrc-00339","E_coliSummaryband",2019,NA
"lawa-102308","E_coliSummaryband",2019,NA
"hrc-00329","E_coliSummaryband",2019,NA
"hbrc-00172","E_coliSummaryband",2019,NA
"trc-00051","E_coliSummaryband",2019,NA
"trc-00053","E_coliSummaryband",2019,NA
"lawa-101984","E_coliSummaryband",2019,NA
"lawa-101985","E_coliSummaryband",2019,NA
"trc-00051","E_coliSummaryband",2019,NA
"trc-00053","E_coliSummaryband",2019,NA
