"LAWAID","Parameter","Median"
"ecan-00005","MCI",97.1678335
"ecan-00005","PercentageEPTTaxa",35.5
"ecan-00005","TaxaRichness",23.5
"ecan-00013","MCI",91.36364
"ecan-00013","PercentageEPTTaxa",36.7
"ecan-00013","TaxaRichness",22
"ecan-00014","MCI",109.96335
"ecan-00014","PercentageEPTTaxa",46.885
"ecan-00014","TaxaRichness",16
"ecan-00020","MCI",110.4099
"ecan-00020","PercentageEPTTaxa",48.7075
"ecan-00020","TaxaRichness",17
"ecan-00031","MCI",98.925
"ecan-00031","PercentageEPTTaxa",40.75
"ecan-00031","TaxaRichness",23
"ecan-00033","MCI",87.25564
"ecan-00033","PercentageEPTTaxa",36.84
"ecan-00033","TaxaRichness",16.5
"ecan-00035","MCI",84.23913
"ecan-00035","PercentageEPTTaxa",26.09
"ecan-00035","TaxaRichness",23
"ecan-00040","MCI",92.257054
"ecan-00040","PercentageEPTTaxa",30.91
"ecan-00040","TaxaRichness",23.5
"ecan-00044","MCI",98.260856
"ecan-00044","PercentageEPTTaxa",32.39
"ecan-00044","TaxaRichness",21.5
"ecan-00046","MCI",84.3274865
"ecan-00046","PercentageEPTTaxa",32.455
"ecan-00046","TaxaRichness",18.5
"ecan-00052","MCI",76.8421
"ecan-00052","PercentageEPTTaxa",23.685
"ecan-00052","TaxaRichness",19
"ecan-00053","MCI",81.45833
"ecan-00053","PercentageEPTTaxa",26.04
"ecan-00053","TaxaRichness",19
"ecan-00054","MCI",88.5119055
"ecan-00054","PercentageEPTTaxa",35.415
"ecan-00054","TaxaRichness",22.5
"ecan-00055","MCI",67.809525
"ecan-00055","PercentageEPTTaxa",9.52
"ecan-00055","TaxaRichness",20.5
"ecan-00057","MCI",74.078437
"ecan-00057","PercentageEPTTaxa",15.49
"ecan-00057","TaxaRichness",16
"ecan-00062","MCI",87.415383
"ecan-00062","PercentageEPTTaxa",39.075
"ecan-00062","TaxaRichness",18.5
"ecan-00065","MCI",102.6316
"ecan-00065","PercentageEPTTaxa",46.1
"ecan-00065","TaxaRichness",19
"ecan-00070","MCI",90.769234
"ecan-00070","PercentageEPTTaxa",33.33
"ecan-00070","TaxaRichness",18
"ecan-00071","MCI",92.840895
"ecan-00071","PercentageEPTTaxa",35.625
"ecan-00071","TaxaRichness",16.5
"ecan-00072","MCI",88.8
"ecan-00072","PercentageEPTTaxa",40.91
"ecan-00072","TaxaRichness",21
"ecan-00080","MCI",96.19048
"ecan-00080","PercentageEPTTaxa",47.62
"ecan-00080","TaxaRichness",21
"ecan-00081","MCI",96.8
"ecan-00081","PercentageEPTTaxa",36.36
"ecan-00081","TaxaRichness",20
"ecan-00084","MCI",86.66666
"ecan-00084","PercentageEPTTaxa",31.58
"ecan-00084","TaxaRichness",21
"ecan-00086","MCI",86.214834
"ecan-00086","PercentageEPTTaxa",26.215
"ecan-00086","TaxaRichness",20.5
"ecan-00088","MCI",107.6923
"ecan-00088","PercentageEPTTaxa",44.23
"ecan-00088","TaxaRichness",26
"ecan-00090","MCI",73.333344
"ecan-00090","PercentageEPTTaxa",15.79
"ecan-00090","TaxaRichness",15
"ecan-00091","MCI",75.45454
"ecan-00091","PercentageEPTTaxa",18.18
"ecan-00091","TaxaRichness",20
"ecan-00102","MCI",96.11111
"ecan-00102","PercentageEPTTaxa",40.4
"ecan-00102","TaxaRichness",14
"ecan-00104","MCI",99.130432
"ecan-00104","PercentageEPTTaxa",34.78
"ecan-00104","TaxaRichness",23
"ecan-00106","MCI",77.64706
"ecan-00106","PercentageEPTTaxa",23.53
"ecan-00106","TaxaRichness",17
"ecan-00107","MCI",83.8095245
"ecan-00107","PercentageEPTTaxa",33.93
"ecan-00107","TaxaRichness",19.25
"ecan-00117","MCI",93.2881776
"ecan-00117","PercentageEPTTaxa",35.095
"ecan-00117","TaxaRichness",27.5
"ecan-00122","MCI",97.1428565
"ecan-00122","PercentageEPTTaxa",40.285
"ecan-00122","TaxaRichness",20.5
"ecan-00123","MCI",97.8571435
"ecan-00123","PercentageEPTTaxa",41.525
"ecan-00123","TaxaRichness",27.5
"ecan-00124","MCI",100
"ecan-00124","PercentageEPTTaxa",36.11
"ecan-00124","TaxaRichness",18
"ecan-00128","MCI",118.59845
"ecan-00128","PercentageEPTTaxa",50
"ecan-00128","TaxaRichness",22.5
"ecan-00129","MCI",105.22725
"ecan-00129","PercentageEPTTaxa",46.99
"ecan-00129","TaxaRichness",24.5
"ecan-00130","MCI",84.537035
"ecan-00130","PercentageEPTTaxa",26.1025
"ecan-00130","TaxaRichness",24.5
"ecan-00133","MCI",105.8333
"ecan-00133","PercentageEPTTaxa",39.13
"ecan-00133","TaxaRichness",21
"ecan-00134","MCI",103.5125
"ecan-00134","PercentageEPTTaxa",45.29
"ecan-00134","TaxaRichness",24
"ecan-00145","MCI",101.4286
"ecan-00145","PercentageEPTTaxa",42.86
"ecan-00145","TaxaRichness",16
"ecan-00148","MCI",90.526314
"ecan-00148","PercentageEPTTaxa",36.84
"ecan-00148","TaxaRichness",23
"ecan-00154","MCI",114
"ecan-00154","PercentageEPTTaxa",47.17
"ecan-00154","TaxaRichness",24
"ecan-00160","MCI",97.08332
"ecan-00160","PercentageEPTTaxa",41.67
"ecan-00160","TaxaRichness",23
"ecan-00170","MCI",99.318495
"ecan-00170","PercentageEPTTaxa",45.7875
"ecan-00170","TaxaRichness",24.75
"ecan-00176","MCI",85.8112785
"ecan-00176","PercentageEPTTaxa",34.735
"ecan-00176","TaxaRichness",20.25
"ecan-00177","MCI",92.8380945
"ecan-00177","PercentageEPTTaxa",37.05
"ecan-00177","TaxaRichness",22
"ecan-00178","MCI",91.0714305
"ecan-00178","PercentageEPTTaxa",36.905
"ecan-00178","TaxaRichness",23.5
"ecan-00179","MCI",95.621693
"ecan-00179","PercentageEPTTaxa",38.225
"ecan-00179","TaxaRichness",23
"ecan-00182","MCI",87.43158
"ecan-00182","PercentageEPTTaxa",24.525
"ecan-00182","TaxaRichness",24
"ecan-00183","MCI",93.41346
"ecan-00183","PercentageEPTTaxa",42.33
"ecan-00183","TaxaRichness",24
"ecan-10033","MCI",94.31818
"ecan-10033","PercentageEPTTaxa",33.33
"ecan-10033","TaxaRichness",21.5
"ecan-10038","MCI",118.1585
"ecan-10038","PercentageEPTTaxa",50
"ecan-10038","TaxaRichness",26
"es-00001","MCI",86
"es-00001","PercentageEPTTaxa",36
"es-00001","TaxaRichness",21
"es-00002","MCI",106
"es-00002","PercentageEPTTaxa",53
"es-00002","TaxaRichness",19
"es-00004","MCI",118
"es-00004","PercentageEPTTaxa",56
"es-00004","TaxaRichness",21
"es-00006","MCI",119
"es-00006","PercentageEPTTaxa",59
"es-00006","TaxaRichness",23
"es-00007","MCI",117.5
"es-00007","PercentageEPTTaxa",51
"es-00007","TaxaRichness",32
"es-00008","MCI",94
"es-00008","PercentageEPTTaxa",42
"es-00008","TaxaRichness",21.5
"es-00009","MCI",111
"es-00009","PercentageEPTTaxa",57
"es-00009","TaxaRichness",23
"es-00011","MCI",115
"es-00011","PercentageEPTTaxa",61
"es-00011","TaxaRichness",14
"es-00012","MCI",119
"es-00012","PercentageEPTTaxa",52
"es-00012","TaxaRichness",25
"es-00013","MCI",118
"es-00013","PercentageEPTTaxa",60
"es-00013","TaxaRichness",20
"es-00014","MCI",84
"es-00014","PercentageEPTTaxa",32
"es-00014","TaxaRichness",25
"es-00015","MCI",84
"es-00015","PercentageEPTTaxa",35
"es-00015","TaxaRichness",21
"es-00016","MCI",120
"es-00016","PercentageEPTTaxa",56
"es-00016","TaxaRichness",34
"es-00017","MCI",71
"es-00017","PercentageEPTTaxa",23
"es-00017","TaxaRichness",14
"es-00018","MCI",73
"es-00018","PercentageEPTTaxa",22
"es-00018","TaxaRichness",14
"es-00019","MCI",62.5
"es-00019","PercentageEPTTaxa",8.5
"es-00019","TaxaRichness",11.5
"es-00021","MCI",84
"es-00021","PercentageEPTTaxa",38
"es-00021","TaxaRichness",23
"es-00022","MCI",94.5
"es-00022","PercentageEPTTaxa",32.925
"es-00022","TaxaRichness",25.5
"es-00024","MCI",114
"es-00024","PercentageEPTTaxa",54
"es-00024","TaxaRichness",28
"es-00025","MCI",115
"es-00025","PercentageEPTTaxa",60
"es-00025","TaxaRichness",17
"es-00026","MCI",127
"es-00026","PercentageEPTTaxa",64
"es-00026","TaxaRichness",25
"es-00027","MCI",93
"es-00027","PercentageEPTTaxa",40
"es-00027","TaxaRichness",25
"es-00028","MCI",96
"es-00028","PercentageEPTTaxa",38
"es-00028","TaxaRichness",24
"es-00029","MCI",121
"es-00029","PercentageEPTTaxa",54
"es-00029","TaxaRichness",28
"es-00030","MCI",100.5
"es-00030","PercentageEPTTaxa",39
"es-00030","TaxaRichness",24.5
"es-00033","MCI",120
"es-00033","PercentageEPTTaxa",61.5
"es-00033","TaxaRichness",26.5
"es-00034","MCI",103
"es-00034","PercentageEPTTaxa",58
"es-00034","TaxaRichness",27
"es-00035","MCI",91
"es-00035","PercentageEPTTaxa",40
"es-00035","TaxaRichness",20.5
"es-00036","MCI",78.5
"es-00036","PercentageEPTTaxa",35.5
"es-00036","TaxaRichness",19
"es-00037","MCI",99
"es-00037","PercentageEPTTaxa",44
"es-00037","TaxaRichness",15
"es-00038","MCI",111
"es-00038","PercentageEPTTaxa",53
"es-00038","TaxaRichness",21
"es-00042","MCI",113
"es-00042","PercentageEPTTaxa",61
"es-00042","TaxaRichness",21
"es-00043","MCI",115
"es-00043","PercentageEPTTaxa",60
"es-00043","TaxaRichness",19
"es-00044","MCI",96
"es-00044","PercentageEPTTaxa",46
"es-00044","TaxaRichness",24
"es-00046","MCI",109.5
"es-00046","PercentageEPTTaxa",51
"es-00046","TaxaRichness",28
"es-00047","MCI",97
"es-00047","PercentageEPTTaxa",45
"es-00047","TaxaRichness",26
"es-00048","MCI",96
"es-00048","PercentageEPTTaxa",38
"es-00048","TaxaRichness",25
"es-00053","MCI",100
"es-00053","PercentageEPTTaxa",39
"es-00053","TaxaRichness",26
"es-00054","MCI",89
"es-00054","PercentageEPTTaxa",14
"es-00054","TaxaRichness",16
"es-00061","MCI",93
"es-00061","PercentageEPTTaxa",48
"es-00061","TaxaRichness",25
"es-00062","MCI",100.5
"es-00062","PercentageEPTTaxa",44
"es-00062","TaxaRichness",19.5
"es-00064","MCI",78.5
"es-00064","PercentageEPTTaxa",25
"es-00064","TaxaRichness",20
"es-00065","MCI",82
"es-00065","PercentageEPTTaxa",27
"es-00065","TaxaRichness",23
"es-00068","MCI",74.5
"es-00068","PercentageEPTTaxa",21
"es-00068","TaxaRichness",17.5
"es-00072","MCI",90
"es-00072","PercentageEPTTaxa",43
"es-00072","TaxaRichness",18
"es-00106","MCI",72
"es-00106","PercentageEPTTaxa",6
"es-00106","TaxaRichness",15
"es-00112","MCI",95
"es-00112","PercentageEPTTaxa",41
"es-00112","TaxaRichness",22
"es-00113","MCI",93
"es-00113","PercentageEPTTaxa",36.24
"es-00113","TaxaRichness",25
"es-00121","MCI",102.5
"es-00121","PercentageEPTTaxa",45
"es-00121","TaxaRichness",22.5
"es-00130","MCI",88.5
"es-00130","PercentageEPTTaxa",33.5
"es-00130","TaxaRichness",22
"es-00131","MCI",116
"es-00131","PercentageEPTTaxa",60
"es-00131","TaxaRichness",33
"es-00135","MCI",74.5
"es-00135","PercentageEPTTaxa",22
"es-00135","TaxaRichness",19.5
"es-00163","MCI",99
"es-00163","PercentageEPTTaxa",43
"es-00163","TaxaRichness",21
"es-00164","MCI",98
"es-00164","PercentageEPTTaxa",48
"es-00164","TaxaRichness",21
"es-00165","MCI",86
"es-00165","PercentageEPTTaxa",40
"es-00165","TaxaRichness",20
"es-00166","MCI",102
"es-00166","PercentageEPTTaxa",44
"es-00166","TaxaRichness",22
"es-00167","MCI",113.5
"es-00167","PercentageEPTTaxa",54.5
"es-00167","TaxaRichness",18.5
"ew-00010","MCI",106.9
"ew-00010","PercentageEPTTaxa",28
"ew-00010","TaxaRichness",25
"ew-00020","MCI",82.05
"ew-00020","PercentageEPTTaxa",13.95
"ew-00020","TaxaRichness",22
"ew-00028","MCI",108.8
"ew-00028","PercentageEPTTaxa",48.9
"ew-00028","TaxaRichness",24
"ew-00045","MCI",105.7
"ew-00045","PercentageEPTTaxa",42.9
"ew-00045","TaxaRichness",28
"ew-00050","MCI",93.6
"ew-00050","PercentageEPTTaxa",40
"ew-00050","TaxaRichness",22
"ew-00057","MCI",63.7
"ew-00057","PercentageEPTTaxa",7.1
"ew-00057","TaxaRichness",23
"ew-00060","MCI",109.5
"ew-00060","PercentageEPTTaxa",52
"ew-00060","TaxaRichness",25
"ew-00066","MCI",92.7
"ew-00066","PercentageEPTTaxa",27.3
"ew-00066","TaxaRichness",22
"ew-00101","MCI",71.65
"ew-00101","PercentageEPTTaxa",12.4
"ew-00101","TaxaRichness",20
"ew-00118","MCI",116.05
"ew-00118","PercentageEPTTaxa",46.55
"ew-00118","TaxaRichness",27
"gdc-00002","MCI",102.5
"gdc-00002","PercentageEPTTaxa",45.85
"gdc-00002","TaxaRichness",12.03
"gdc-00003","MCI",84.35357175
"gdc-00003","PercentageEPTTaxa",16.2464285
"gdc-00003","TaxaRichness",21
"gdc-00004","MCI",79
"gdc-00004","PercentageEPTTaxa",19
"gdc-00004","TaxaRichness",21
"gdc-00005","MCI",94
"gdc-00005","PercentageEPTTaxa",25.85
"gdc-00005","TaxaRichness",24
"gdc-00006","MCI",105
"gdc-00006","PercentageEPTTaxa",42
"gdc-00006","TaxaRichness",15
"gdc-00008","MCI",70
"gdc-00008","PercentageEPTTaxa",5.55
"gdc-00008","TaxaRichness",13.5
"gdc-00009","MCI",100
"gdc-00009","PercentageEPTTaxa",36.390909
"gdc-00009","TaxaRichness",7.990384575
"gdc-00010","MCI",96
"gdc-00010","PercentageEPTTaxa",31.3
"gdc-00010","TaxaRichness",16
"gdc-00011","MCI",105.5
"gdc-00011","PercentageEPTTaxa",36.108333
"gdc-00011","TaxaRichness",11.5
"gdc-00013","MCI",112.5
"gdc-00013","PercentageEPTTaxa",42.15689675
"gdc-00013","TaxaRichness",24
"gdc-00014","MCI",64
"gdc-00014","PercentageEPTTaxa",0
"gdc-00014","TaxaRichness",15
"gdc-00015","MCI",103.5
"gdc-00015","PercentageEPTTaxa",16.7
"gdc-00015","TaxaRichness",13.17741925
"gdc-00016","MCI",76
"gdc-00016","PercentageEPTTaxa",0
"gdc-00016","TaxaRichness",7
"gdc-00017","MCI",90.8
"gdc-00017","PercentageEPTTaxa",32.15
"gdc-00017","TaxaRichness",29
"gdc-00018","MCI",98.9236825
"gdc-00018","PercentageEPTTaxa",31.5894735
"gdc-00018","TaxaRichness",12.32962965
"gdc-00021","MCI",105.5
"gdc-00021","PercentageEPTTaxa",47.23970575
"gdc-00021","TaxaRichness",17.5
"gdc-00022","MCI",75.1
"gdc-00022","PercentageEPTTaxa",10.48
"gdc-00022","TaxaRichness",25.5
"gdc-00023","MCI",94
"gdc-00023","PercentageEPTTaxa",37.3
"gdc-00023","TaxaRichness",26
"gdc-00024","MCI",86.5
"gdc-00024","PercentageEPTTaxa",28.7
"gdc-00024","TaxaRichness",14.186123375
"gdc-00027","MCI",79
"gdc-00027","PercentageEPTTaxa",6.67
"gdc-00027","TaxaRichness",15
"gdc-00028","MCI",69
"gdc-00028","PercentageEPTTaxa",15.8
"gdc-00028","TaxaRichness",10
"gdc-00029","MCI",114
"gdc-00029","PercentageEPTTaxa",44.3
"gdc-00029","TaxaRichness",18
"gdc-00030","MCI",101
"gdc-00030","PercentageEPTTaxa",50.158333
"gdc-00030","TaxaRichness",18.03347275
"gdc-00031","MCI",69
"gdc-00031","PercentageEPTTaxa",10.3
"gdc-00031","TaxaRichness",9.058547
"gw-00002","MCI",83.133334
"gw-00002","PercentageEPTTaxa",12.65
"gw-00002","TaxaRichness",23.25
"gw-00004","MCI",89.41
"gw-00004","PercentageEPTTaxa",16.7
"gw-00004","TaxaRichness",19
"gw-00005","MCI",131.453235
"gw-00005","PercentageEPTTaxa",56.05
"gw-00005","TaxaRichness",20.5
"gw-00006","MCI",106.285
"gw-00006","PercentageEPTTaxa",44
"gw-00006","TaxaRichness",20.5
"gw-00007","MCI",78.87276
"gw-00007","PercentageEPTTaxa",0
"gw-00007","TaxaRichness",18.5
"gw-00010","MCI",111.40959125
"gw-00010","PercentageEPTTaxa",48.786956
"gw-00010","TaxaRichness",23
"gw-00013","MCI",106.365
"gw-00013","PercentageEPTTaxa",51
"gw-00013","TaxaRichness",23
"gw-00014","MCI",95.185
"gw-00014","PercentageEPTTaxa",34.05
"gw-00014","TaxaRichness",30.5
"gw-00015","MCI",100
"gw-00015","PercentageEPTTaxa",33.333332
"gw-00015","TaxaRichness",24
"gw-00016","MCI",80.804785
"gw-00016","PercentageEPTTaxa",21.5
"gw-00016","TaxaRichness",22.25
"gw-00017","MCI",111.11
"gw-00017","PercentageEPTTaxa",44
"gw-00017","TaxaRichness",23
"gw-00018","MCI",85.01
"gw-00018","PercentageEPTTaxa",20.5
"gw-00018","TaxaRichness",24
"gw-00019","MCI",87.14238
"gw-00019","PercentageEPTTaxa",25.0238095
"gw-00019","TaxaRichness",21.5
"gw-00020","MCI",134.894348
"gw-00020","PercentageEPTTaxa",63.358695
"gw-00020","TaxaRichness",22.5
"gw-00021","MCI",123.6477775
"gw-00021","PercentageEPTTaxa",53.75
"gw-00021","TaxaRichness",29
"gw-00022","MCI",110.923301
"gw-00022","PercentageEPTTaxa",42.55
"gw-00022","TaxaRichness",22.75
"gw-00023","MCI",120.88186375
"gw-00023","PercentageEPTTaxa",51.775
"gw-00023","TaxaRichness",27.5
"gw-00024","MCI",118.405555
"gw-00024","PercentageEPTTaxa",49
"gw-00024","TaxaRichness",25.5
"gw-00025","MCI",125.26987775
"gw-00025","PercentageEPTTaxa",57.45
"gw-00025","TaxaRichness",25.25
"gw-00026","MCI",125.466668
"gw-00026","PercentageEPTTaxa",56.791666
"gw-00026","TaxaRichness",28
"gw-00028","MCI",130.3
"gw-00028","PercentageEPTTaxa",59.55
"gw-00028","TaxaRichness",36
"gw-00029","MCI",108.67
"gw-00029","PercentageEPTTaxa",45.15
"gw-00029","TaxaRichness",25.5
"gw-00031","MCI",137.7
"gw-00031","PercentageEPTTaxa",65.025
"gw-00031","TaxaRichness",21
"gw-00032","MCI",116.37976225
"gw-00032","PercentageEPTTaxa",51.9
"gw-00032","TaxaRichness",17.75
"gw-00033","MCI",108.63803
"gw-00033","PercentageEPTTaxa",46.833334
"gw-00033","TaxaRichness",16
"gw-00034","MCI",100.48853
"gw-00034","PercentageEPTTaxa",42.6
"gw-00034","TaxaRichness",17
"gw-00037","MCI",92.16206825
"gw-00037","PercentageEPTTaxa",30.975
"gw-00037","TaxaRichness",20.5
"gw-00038","MCI",92
"gw-00038","PercentageEPTTaxa",33.333332
"gw-00038","TaxaRichness",24
"gw-00039","MCI",78.26087
"gw-00039","PercentageEPTTaxa",6
"gw-00039","TaxaRichness",24
"gw-00040","MCI",102.767855
"gw-00040","PercentageEPTTaxa",42.925
"gw-00040","TaxaRichness",22
"gw-00041","MCI",110.42382225
"gw-00041","PercentageEPTTaxa",45.85
"gw-00041","TaxaRichness",17.75
"gw-00042","MCI",80
"gw-00042","PercentageEPTTaxa",14.3
"gw-00042","TaxaRichness",14
"gw-00045","MCI",97.101668
"gw-00045","PercentageEPTTaxa",31.785714
"gw-00045","TaxaRichness",22
"gw-00046","MCI",81.96154
"gw-00046","PercentageEPTTaxa",27.9
"gw-00046","TaxaRichness",24
"gw-00047","MCI",137.180713
"gw-00047","PercentageEPTTaxa",70.714287
"gw-00047","TaxaRichness",21
"gw-00048","MCI",109.9758665
"gw-00048","PercentageEPTTaxa",53.7
"gw-00048","TaxaRichness",18.75
"gw-00050","MCI",109.523811
"gw-00050","PercentageEPTTaxa",50
"gw-00050","TaxaRichness",22
"gw-00051","MCI",91.53846
"gw-00051","PercentageEPTTaxa",29
"gw-00051","TaxaRichness",24
"gw-00053","MCI",89.23
"gw-00053","PercentageEPTTaxa",29.166666
"gw-00053","TaxaRichness",24
"gw-00055","MCI",115.2381
"gw-00055","PercentageEPTTaxa",50
"gw-00055","TaxaRichness",17
"gw-00264","MCI",73.4210525
"gw-00264","PercentageEPTTaxa",1.325
"gw-00264","TaxaRichness",16.5
"hbrc-00002","MCI",106.67
"hbrc-00002","PercentageEPTTaxa",30.2
"hbrc-00002","TaxaRichness",19
"hbrc-00003","MCI",69.5
"hbrc-00003","PercentageEPTTaxa",4.67
"hbrc-00003","TaxaRichness",19
"hbrc-00004","MCI",83.64
"hbrc-00004","PercentageEPTTaxa",27.04
"hbrc-00004","TaxaRichness",22
"hbrc-00005","MCI",92.63
"hbrc-00005","PercentageEPTTaxa",38.41
"hbrc-00005","TaxaRichness",17
"hbrc-00006","MCI",78.82
"hbrc-00006","PercentageEPTTaxa",2.2
"hbrc-00006","TaxaRichness",17
"hbrc-00007","MCI",75.38
"hbrc-00007","PercentageEPTTaxa",28.59
"hbrc-00007","TaxaRichness",16
"hbrc-00008","MCI",117.6
"hbrc-00008","PercentageEPTTaxa",52.24
"hbrc-00008","TaxaRichness",20
"hbrc-00009","MCI",105.45
"hbrc-00009","PercentageEPTTaxa",57.29
"hbrc-00009","TaxaRichness",25
"hbrc-00010","MCI",74.165
"hbrc-00010","PercentageEPTTaxa",0.15
"hbrc-00010","TaxaRichness",18
"hbrc-00011","MCI",78.26
"hbrc-00011","PercentageEPTTaxa",5.1
"hbrc-00011","TaxaRichness",20
"hbrc-00012","MCI",96.88
"hbrc-00012","PercentageEPTTaxa",45.9
"hbrc-00012","TaxaRichness",23
"hbrc-00014","MCI",69.365
"hbrc-00014","PercentageEPTTaxa",0
"hbrc-00014","TaxaRichness",17
"hbrc-00015","MCI",117.39
"hbrc-00015","PercentageEPTTaxa",71.31
"hbrc-00015","TaxaRichness",20
"hbrc-00017","MCI",128.7
"hbrc-00017","PercentageEPTTaxa",76.15
"hbrc-00017","TaxaRichness",25
"hbrc-00018","MCI",70.53
"hbrc-00018","PercentageEPTTaxa",1.7575
"hbrc-00018","TaxaRichness",17
"hbrc-00019","MCI",107.5
"hbrc-00019","PercentageEPTTaxa",66.17
"hbrc-00019","TaxaRichness",18
"hbrc-00020","MCI",98.1
"hbrc-00020","PercentageEPTTaxa",52.8
"hbrc-00020","TaxaRichness",21
"hbrc-00021","MCI",116.36
"hbrc-00021","PercentageEPTTaxa",59.16
"hbrc-00021","TaxaRichness",21
"hbrc-00022","MCI",122.5
"hbrc-00022","PercentageEPTTaxa",75.31
"hbrc-00022","TaxaRichness",19
"hbrc-00023","MCI",106.4
"hbrc-00023","PercentageEPTTaxa",46.97
"hbrc-00023","TaxaRichness",26
"hbrc-00024","MCI",102.86
"hbrc-00024","PercentageEPTTaxa",48.16
"hbrc-00024","TaxaRichness",20
"hbrc-00026","MCI",133.6
"hbrc-00026","PercentageEPTTaxa",76.72
"hbrc-00026","TaxaRichness",25
"hbrc-00028","MCI",128.15
"hbrc-00028","PercentageEPTTaxa",57.2
"hbrc-00028","TaxaRichness",22.5
"hbrc-00029","MCI",103.85
"hbrc-00029","PercentageEPTTaxa",27.66
"hbrc-00029","TaxaRichness",24
"hbrc-00031","MCI",107.845
"hbrc-00031","PercentageEPTTaxa",49.88
"hbrc-00031","TaxaRichness",23
"hbrc-00032","MCI",94.29
"hbrc-00032","PercentageEPTTaxa",44.55
"hbrc-00032","TaxaRichness",22
"hbrc-00036","MCI",78.335
"hbrc-00036","PercentageEPTTaxa",0.095
"hbrc-00036","TaxaRichness",17.5
"hbrc-00038","MCI",100
"hbrc-00038","PercentageEPTTaxa",54.43
"hbrc-00038","TaxaRichness",17
"hbrc-00039","MCI",114.12
"hbrc-00039","PercentageEPTTaxa",73.04
"hbrc-00039","TaxaRichness",17
"hbrc-00040","MCI",100
"hbrc-00040","TaxaRichness",15
"hbrc-00041","MCI",87
"hbrc-00041","PercentageEPTTaxa",29.73
"hbrc-00041","TaxaRichness",20
"hbrc-00042","MCI",88
"hbrc-00042","PercentageEPTTaxa",56.31
"hbrc-00042","TaxaRichness",25
"hbrc-00043","MCI",82.67
"hbrc-00043","PercentageEPTTaxa",26.2
"hbrc-00043","TaxaRichness",18
"hbrc-00044","MCI",77.5
"hbrc-00044","PercentageEPTTaxa",0.71
"hbrc-00044","TaxaRichness",17
"hbrc-00046","MCI",93.6
"hbrc-00046","PercentageEPTTaxa",39.1
"hbrc-00046","TaxaRichness",23
"hbrc-00048","MCI",120
"hbrc-00048","PercentageEPTTaxa",69.92
"hbrc-00048","TaxaRichness",23
"hbrc-00053","MCI",80
"hbrc-00053","PercentageEPTTaxa",1.6
"hbrc-00053","TaxaRichness",12
"hbrc-00055","MCI",105.05
"hbrc-00055","PercentageEPTTaxa",54.14
"hbrc-00055","TaxaRichness",19
"hbrc-00056","MCI",92.94
"hbrc-00056","PercentageEPTTaxa",46.09
"hbrc-00056","TaxaRichness",21
"hbrc-00059","MCI",95.96
"hbrc-00059","PercentageEPTTaxa",29.0975
"hbrc-00059","TaxaRichness",21
"hbrc-00061","MCI",110.59
"hbrc-00061","PercentageEPTTaxa",56.6
"hbrc-00061","TaxaRichness",15
"hbrc-00062","MCI",132
"hbrc-00062","PercentageEPTTaxa",82.65
"hbrc-00062","TaxaRichness",25
"hbrc-00063","MCI",67.69
"hbrc-00063","PercentageEPTTaxa",2.1
"hbrc-00063","TaxaRichness",13
"hbrc-00067","MCI",68.21
"hbrc-00067","PercentageEPTTaxa",0.03
"hbrc-00067","TaxaRichness",13.5
"hbrc-00069","MCI",100
"hbrc-00069","PercentageEPTTaxa",27.65
"hbrc-00069","TaxaRichness",27
"hbrc-00070","MCI",116.15
"hbrc-00070","PercentageEPTTaxa",63.52
"hbrc-00070","TaxaRichness",29
"hbrc-00071","MCI",122.85
"hbrc-00071","PercentageEPTTaxa",56.89
"hbrc-00071","TaxaRichness",22
"hbrc-00072","MCI",116.92
"hbrc-00072","PercentageEPTTaxa",75.93
"hbrc-00072","TaxaRichness",24
"hbrc-00073","MCI",115.95
"hbrc-00073","PercentageEPTTaxa",40.95
"hbrc-00073","TaxaRichness",28
"hbrc-00075","MCI",90.905
"hbrc-00075","PercentageEPTTaxa",20.995
"hbrc-00075","TaxaRichness",22
"hbrc-00077","MCI",102.86
"hbrc-00077","PercentageEPTTaxa",33.96
"hbrc-00077","TaxaRichness",17
"hbrc-00079","MCI",120
"hbrc-00079","PercentageEPTTaxa",41.43
"hbrc-00079","TaxaRichness",18
"hbrc-00081","MCI",110.4
"hbrc-00081","PercentageEPTTaxa",66.93
"hbrc-00081","TaxaRichness",20
"hbrc-00083","MCI",90
"hbrc-00083","PercentageEPTTaxa",39.72
"hbrc-00083","TaxaRichness",18
"hbrc-00085","MCI",70.24
"hbrc-00085","TaxaRichness",16.5
"hbrc-00087","MCI",96
"hbrc-00087","PercentageEPTTaxa",67.3
"hbrc-00087","TaxaRichness",17
"hbrc-00088","MCI",101.25
"hbrc-00088","PercentageEPTTaxa",51.37
"hbrc-00088","TaxaRichness",16
"hbrc-00090","MCI",68
"hbrc-00090","PercentageEPTTaxa",0
"hbrc-00090","TaxaRichness",16
"hbrc-00124","MCI",74.55
"hbrc-00124","PercentageEPTTaxa",0.2
"hbrc-00124","TaxaRichness",14
"hbrc-00139","MCI",110
"hbrc-00139","PercentageEPTTaxa",65.8
"hbrc-00139","TaxaRichness",16
"hrc-00001","MCI",66.264705
"hrc-00001","PercentageEPTTaxa",0
"hrc-00001","TaxaRichness",16
"hrc-00002","MCI",77.5
"hrc-00002","PercentageEPTTaxa",18.425
"hrc-00002","TaxaRichness",22
"hrc-00003","MCI",97.08621
"hrc-00003","PercentageEPTTaxa",47.927424
"hrc-00003","TaxaRichness",30.5
"hrc-00004","MCI",68
"hrc-00004","PercentageEPTTaxa",0
"hrc-00004","TaxaRichness",17
"hrc-00005","MCI",117
"hrc-00005","PercentageEPTTaxa",60.87
"hrc-00005","TaxaRichness",25
"hrc-00006","MCI",114.575756
"hrc-00006","PercentageEPTTaxa",49.32611
"hrc-00006","TaxaRichness",30.5
"hrc-00007","MCI",82
"hrc-00007","PercentageEPTTaxa",24.105
"hrc-00007","TaxaRichness",20.5
"hrc-00008","MCI",92.5
"hrc-00008","PercentageEPTTaxa",39.355
"hrc-00008","TaxaRichness",28
"hrc-00009","MCI",120.6875
"hrc-00009","PercentageEPTTaxa",58.29973
"hrc-00009","TaxaRichness",36
"hrc-00010","MCI",102.5
"hrc-00010","PercentageEPTTaxa",49.895
"hrc-00010","TaxaRichness",22.5
"hrc-00011","MCI",95.891304
"hrc-00011","PercentageEPTTaxa",35.786666
"hrc-00011","TaxaRichness",22
"hrc-00013","MCI",95
"hrc-00013","PercentageEPTTaxa",32.29
"hrc-00013","TaxaRichness",15.5
"hrc-00015","MCI",103
"hrc-00015","PercentageEPTTaxa",50
"hrc-00015","TaxaRichness",20
"hrc-00016","MCI",94
"hrc-00016","PercentageEPTTaxa",36.54
"hrc-00016","TaxaRichness",22.5
"hrc-00017","MCI",97.5
"hrc-00017","PercentageEPTTaxa",41.175
"hrc-00017","TaxaRichness",19.5
"hrc-00018","MCI",113
"hrc-00018","PercentageEPTTaxa",45.45
"hrc-00018","TaxaRichness",33
"hrc-00019","MCI",103
"hrc-00019","PercentageEPTTaxa",44
"hrc-00019","TaxaRichness",19
"hrc-00020","MCI",104.714287
"hrc-00020","PercentageEPTTaxa",47.272728
"hrc-00020","TaxaRichness",29.5
"hrc-00021","MCI",133
"hrc-00021","PercentageEPTTaxa",70.330385
"hrc-00021","TaxaRichness",26
"hrc-00022","MCI",121.47619
"hrc-00022","PercentageEPTTaxa",59.51087
"hrc-00022","TaxaRichness",23
"hrc-00023","MCI",100.666668
"hrc-00023","PercentageEPTTaxa",48.685
"hrc-00023","TaxaRichness",23.5
"hrc-00024","MCI",100
"hrc-00024","PercentageEPTTaxa",41.695
"hrc-00024","TaxaRichness",26
"hrc-00025","MCI",96
"hrc-00025","PercentageEPTTaxa",41.94
"hrc-00025","TaxaRichness",29
"hrc-00026","MCI",114.5
"hrc-00026","PercentageEPTTaxa",60.1514285
"hrc-00026","TaxaRichness",19
"hrc-00027","MCI",97.5
"hrc-00027","PercentageEPTTaxa",37.3076915
"hrc-00027","TaxaRichness",25.5
"hrc-00028","MCI",110.86207
"hrc-00028","PercentageEPTTaxa",60.28
"hrc-00028","TaxaRichness",29
"hrc-00029","MCI",128.166664
"hrc-00029","PercentageEPTTaxa",65.79
"hrc-00029","TaxaRichness",34.5
"hrc-00030","MCI",132.214285
"hrc-00030","PercentageEPTTaxa",62.02
"hrc-00030","TaxaRichness",28
"hrc-00031","MCI",108.45238
"hrc-00031","PercentageEPTTaxa",38.885
"hrc-00031","TaxaRichness",30.5
"hrc-00033","MCI",109
"hrc-00033","PercentageEPTTaxa",56.25
"hrc-00033","TaxaRichness",30.5
"hrc-00034","MCI",95.083332
"hrc-00034","PercentageEPTTaxa",40
"hrc-00034","TaxaRichness",24
"hrc-00035","MCI",108.2380945
"hrc-00035","PercentageEPTTaxa",53.57
"hrc-00035","TaxaRichness",20.5
"hrc-00036","MCI",127.5
"hrc-00036","PercentageEPTTaxa",63.545454
"hrc-00036","TaxaRichness",23.5
"hrc-00037","MCI",112
"hrc-00037","PercentageEPTTaxa",49.59
"hrc-00037","TaxaRichness",31
"hrc-00038","MCI",83.9230765
"hrc-00038","PercentageEPTTaxa",29.285
"hrc-00038","TaxaRichness",24
"hrc-00039","MCI",80.916668
"hrc-00039","PercentageEPTTaxa",20.715
"hrc-00039","TaxaRichness",18
"hrc-00040","MCI",112
"hrc-00040","PercentageEPTTaxa",50
"hrc-00040","TaxaRichness",25
"hrc-00041","MCI",135
"hrc-00041","PercentageEPTTaxa",66.67
"hrc-00041","TaxaRichness",21
"hrc-00042","MCI",90
"hrc-00042","PercentageEPTTaxa",31.665
"hrc-00042","TaxaRichness",30
"hrc-00043","MCI",94.3571435
"hrc-00043","PercentageEPTTaxa",40.68
"hrc-00043","TaxaRichness",18
"hrc-00044","MCI",102.5
"hrc-00044","PercentageEPTTaxa",46.03
"hrc-00044","TaxaRichness",18.5
"hrc-00045","MCI",102.5
"hrc-00045","PercentageEPTTaxa",47.725
"hrc-00045","TaxaRichness",23
"hrc-00046","MCI",113
"hrc-00046","PercentageEPTTaxa",55.84587
"hrc-00046","TaxaRichness",25
"hrc-00047","MCI",116
"hrc-00047","PercentageEPTTaxa",58.335
"hrc-00047","TaxaRichness",27
"hrc-00048","MCI",113
"hrc-00048","PercentageEPTTaxa",52.50579
"hrc-00048","TaxaRichness",27
"hrc-00049","MCI",129.333336
"hrc-00049","PercentageEPTTaxa",61.448182
"hrc-00049","TaxaRichness",26.5
"hrc-00050","MCI",106
"hrc-00050","PercentageEPTTaxa",50
"hrc-00050","TaxaRichness",28
"hrc-00054","MCI",112.416668
"hrc-00054","PercentageEPTTaxa",53.68423
"hrc-00054","TaxaRichness",28
"hrc-00055","MCI",85.5
"hrc-00055","PercentageEPTTaxa",35.645
"hrc-00055","TaxaRichness",23.5
"hrc-00056","MCI",131
"hrc-00056","PercentageEPTTaxa",65.3514815
"hrc-00056","TaxaRichness",29
"hrc-00057","MCI",101.705883
"hrc-00057","PercentageEPTTaxa",41.25
"hrc-00057","TaxaRichness",35
"hrc-00060","MCI",97.75
"hrc-00060","PercentageEPTTaxa",40.385
"hrc-00060","TaxaRichness",23.5
"hrc-00061","MCI",102.5
"hrc-00061","PercentageEPTTaxa",47.315
"hrc-00061","TaxaRichness",26.5
"hrc-00062","MCI",110
"hrc-00062","PercentageEPTTaxa",54.085
"hrc-00062","TaxaRichness",30.5
"hrc-00063","MCI",106
"hrc-00063","PercentageEPTTaxa",57.44
"hrc-00063","TaxaRichness",27.5
"hrc-00064","MCI",121.027027
"hrc-00064","PercentageEPTTaxa",58.92
"hrc-00064","TaxaRichness",33
"hrc-00066","MCI",82
"hrc-00066","PercentageEPTTaxa",17.065
"hrc-00066","TaxaRichness",23
"hrc-00075","MCI",114
"hrc-00075","PercentageEPTTaxa",58.06
"hrc-00075","TaxaRichness",27.5
"hrc-00076","MCI",110.7894745
"hrc-00076","PercentageEPTTaxa",53.465
"hrc-00076","TaxaRichness",20.5
"hrc-00079","MCI",100.5
"hrc-00079","PercentageEPTTaxa",40.065
"hrc-00079","TaxaRichness",22.5
"hrc-00080","MCI",85
"hrc-00080","PercentageEPTTaxa",47.915
"hrc-00080","TaxaRichness",21
"hrc-00083","MCI",102.5
"hrc-00083","PercentageEPTTaxa",40.16
"hrc-00083","TaxaRichness",21
"hrc-00343","MCI",101.7241365
"hrc-00343","PercentageEPTTaxa",49.335
"hrc-00343","TaxaRichness",27.5
"hrc-00344","MCI",91.045456
"hrc-00344","PercentageEPTTaxa",43.875
"hrc-00344","TaxaRichness",20.5
"hrc-00345","MCI",108.090908
"hrc-00345","PercentageEPTTaxa",50.191666
"hrc-00345","TaxaRichness",23
"hrc-00346","MCI",94.5
"hrc-00346","PercentageEPTTaxa",36.129032
"hrc-00346","TaxaRichness",26
"hrc-00347","MCI",86.5
"hrc-00347","PercentageEPTTaxa",39.31
"hrc-00347","TaxaRichness",34
"hrc-00348","MCI",139
"hrc-00348","PercentageEPTTaxa",68.5727575
"hrc-00348","TaxaRichness",27.5
"hrc-00349","MCI",104.03448
"hrc-00349","PercentageEPTTaxa",44.975
"hrc-00349","TaxaRichness",31
"hrc-00350","MCI",114
"hrc-00350","PercentageEPTTaxa",58.535
"hrc-00350","TaxaRichness",25
"hrc-00351","MCI",115
"hrc-00351","PercentageEPTTaxa",54.095
"hrc-00351","TaxaRichness",21
"hrc-00352","MCI",115.07143
"hrc-00352","PercentageEPTTaxa",54.297728
"hrc-00352","TaxaRichness",32.5
"hrc-00353","MCI",101.5
"hrc-00353","PercentageEPTTaxa",46.9
"hrc-00353","TaxaRichness",27.5
"lawa-100168","MCI",122.5
"lawa-100168","PercentageEPTTaxa",56
"lawa-100168","TaxaRichness",21.5
"lawa-100169","MCI",113
"lawa-100169","PercentageEPTTaxa",54
"lawa-100169","TaxaRichness",24
"lawa-100170","MCI",93
"lawa-100170","PercentageEPTTaxa",46
"lawa-100170","TaxaRichness",24
"lawa-100171","MCI",103
"lawa-100171","PercentageEPTTaxa",50
"lawa-100171","TaxaRichness",28
"lawa-100172","MCI",105
"lawa-100172","PercentageEPTTaxa",47
"lawa-100172","TaxaRichness",24
"lawa-100173","MCI",110
"lawa-100173","PercentageEPTTaxa",54.16
"lawa-100173","TaxaRichness",23
"lawa-100174","MCI",98
"lawa-100174","PercentageEPTTaxa",40
"lawa-100174","TaxaRichness",30
"lawa-100176","MCI",92
"lawa-100176","PercentageEPTTaxa",53
"lawa-100176","TaxaRichness",17
"lawa-100177","MCI",104
"lawa-100177","PercentageEPTTaxa",50
"lawa-100177","TaxaRichness",24
"lawa-100178","MCI",120
"lawa-100178","PercentageEPTTaxa",57
"lawa-100178","TaxaRichness",15
"lawa-100179","MCI",114
"lawa-100179","PercentageEPTTaxa",50
"lawa-100179","TaxaRichness",18
"lawa-100181","MCI",120
"lawa-100181","PercentageEPTTaxa",50
"lawa-100181","TaxaRichness",16
"lawa-100184","MCI",107.5
"lawa-100184","PercentageEPTTaxa",51
"lawa-100184","TaxaRichness",29.5
"lawa-100185","MCI",117
"lawa-100185","PercentageEPTTaxa",52
"lawa-100185","TaxaRichness",28
"lawa-100186","MCI",106
"lawa-100186","PercentageEPTTaxa",53
"lawa-100186","TaxaRichness",17
"lawa-100187","MCI",114
"lawa-100187","PercentageEPTTaxa",54
"lawa-100187","TaxaRichness",28
"lawa-100190","MCI",89
"lawa-100190","PercentageEPTTaxa",38
"lawa-100190","TaxaRichness",21
"lawa-100191","MCI",118
"lawa-100191","PercentageEPTTaxa",60
"lawa-100191","TaxaRichness",25
"lawa-100192","MCI",124
"lawa-100192","PercentageEPTTaxa",60
"lawa-100192","TaxaRichness",34
"lawa-100193","MCI",113
"lawa-100193","PercentageEPTTaxa",52
"lawa-100193","TaxaRichness",27
"lawa-100194","MCI",114.5
"lawa-100194","PercentageEPTTaxa",52
"lawa-100194","TaxaRichness",24.5
"lawa-100195","MCI",109
"lawa-100195","PercentageEPTTaxa",50
"lawa-100195","TaxaRichness",22
"lawa-100196","MCI",121.5
"lawa-100196","PercentageEPTTaxa",48
"lawa-100196","TaxaRichness",29.5
"lawa-100199","MCI",84
"lawa-100199","PercentageEPTTaxa",37
"lawa-100199","TaxaRichness",23
"lawa-100200","MCI",101
"lawa-100200","PercentageEPTTaxa",44
"lawa-100200","TaxaRichness",16
"lawa-100201","MCI",81
"lawa-100201","PercentageEPTTaxa",35
"lawa-100201","TaxaRichness",20
"lawa-100202","MCI",87
"lawa-100202","PercentageEPTTaxa",31
"lawa-100202","TaxaRichness",22
"lawa-100268","MCI",124.1
"lawa-100268","PercentageEPTTaxa",54.55
"lawa-100268","TaxaRichness",31.5
"lawa-100269","MCI",118.57
"lawa-100269","PercentageEPTTaxa",53.57
"lawa-100269","TaxaRichness",29
"lawa-100270","MCI",139.275
"lawa-100270","PercentageEPTTaxa",64.5
"lawa-100270","TaxaRichness",27.5
"lawa-100271","MCI",120
"lawa-100271","PercentageEPTTaxa",58.8
"lawa-100271","TaxaRichness",22
"lawa-100272","MCI",87
"lawa-100272","PercentageEPTTaxa",15.05
"lawa-100272","TaxaRichness",20
"lawa-100273","MCI",132.05
"lawa-100273","PercentageEPTTaxa",59.2
"lawa-100273","TaxaRichness",29.25
"lawa-100274","MCI",90.83
"lawa-100274","PercentageEPTTaxa",29.2
"lawa-100274","TaxaRichness",24
"lawa-100275","MCI",120.8
"lawa-100275","PercentageEPTTaxa",52
"lawa-100275","TaxaRichness",25
"lawa-100276","MCI",131.85
"lawa-100276","PercentageEPTTaxa",65.15
"lawa-100276","TaxaRichness",23
"lawa-100277","MCI",110.5
"lawa-100277","PercentageEPTTaxa",50
"lawa-100277","TaxaRichness",29
"lawa-100278","MCI",120
"lawa-100278","PercentageEPTTaxa",56
"lawa-100278","TaxaRichness",29
"lawa-100279","MCI",136.3
"lawa-100279","PercentageEPTTaxa",58.55
"lawa-100279","TaxaRichness",30
"lawa-100280","MCI",77.85
"lawa-100280","PercentageEPTTaxa",15.1
"lawa-100280","TaxaRichness",17.5
"lawa-100281","MCI",102.8
"lawa-100281","PercentageEPTTaxa",43
"lawa-100281","TaxaRichness",17.5
"lawa-100282","MCI",115.5
"lawa-100282","PercentageEPTTaxa",54.2
"lawa-100282","TaxaRichness",24
"lawa-100283","MCI",86
"lawa-100283","PercentageEPTTaxa",35
"lawa-100283","TaxaRichness",21
"lawa-100284","MCI",134.95
"lawa-100284","PercentageEPTTaxa",60.35
"lawa-100284","TaxaRichness",29.5
"lawa-100285","MCI",86.7
"lawa-100285","PercentageEPTTaxa",30.8
"lawa-100285","TaxaRichness",26
"lawa-100286","MCI",132.15
"lawa-100286","PercentageEPTTaxa",54.75
"lawa-100286","TaxaRichness",35
"lawa-100287","MCI",134.8
"lawa-100287","PercentageEPTTaxa",57.05
"lawa-100287","TaxaRichness",27
"lawa-100288","MCI",135
"lawa-100288","PercentageEPTTaxa",56.7
"lawa-100288","TaxaRichness",30
"lawa-100289","MCI",114.1
"lawa-100289","PercentageEPTTaxa",47.15
"lawa-100289","TaxaRichness",26.5
"lawa-100290","MCI",98.2
"lawa-100290","PercentageEPTTaxa",45.2
"lawa-100290","TaxaRichness",23
"lawa-100291","MCI",102.6
"lawa-100291","PercentageEPTTaxa",44.1
"lawa-100291","TaxaRichness",23
"lawa-100292","MCI",142.65
"lawa-100292","PercentageEPTTaxa",66.45
"lawa-100292","TaxaRichness",32
"lawa-100293","MCI",110.6
"lawa-100293","PercentageEPTTaxa",48.28
"lawa-100293","TaxaRichness",29
"lawa-100294","MCI",126.3
"lawa-100294","PercentageEPTTaxa",45.3
"lawa-100294","TaxaRichness",29.5
"lawa-100295","MCI",81.9
"lawa-100295","PercentageEPTTaxa",23.8
"lawa-100295","TaxaRichness",21
"lawa-100296","MCI",116.2
"lawa-100296","PercentageEPTTaxa",45.9
"lawa-100296","TaxaRichness",36
"lawa-100297","MCI",124.1
"lawa-100297","PercentageEPTTaxa",55.95
"lawa-100297","TaxaRichness",29.5
"lawa-100298","MCI",87
"lawa-100298","PercentageEPTTaxa",31.2
"lawa-100298","TaxaRichness",17
"lawa-100299","MCI",131.75
"lawa-100299","PercentageEPTTaxa",56.3
"lawa-100299","TaxaRichness",30.5
"lawa-100300","MCI",102.2
"lawa-100300","PercentageEPTTaxa",31
"lawa-100300","TaxaRichness",17
"lawa-100301","MCI",137.85
"lawa-100301","PercentageEPTTaxa",62.9
"lawa-100301","TaxaRichness",30.5
"lawa-100302","MCI",139.1
"lawa-100302","PercentageEPTTaxa",59.425
"lawa-100302","TaxaRichness",29
"lawa-100303","MCI",98.6
"lawa-100303","PercentageEPTTaxa",31
"lawa-100303","TaxaRichness",28
"lawa-100304","MCI",128.8
"lawa-100304","PercentageEPTTaxa",46.9
"lawa-100304","TaxaRichness",24.5
"lawa-100305","MCI",134
"lawa-100305","PercentageEPTTaxa",61.45
"lawa-100305","TaxaRichness",31.5
"lawa-100306","MCI",130.6
"lawa-100306","PercentageEPTTaxa",51.65
"lawa-100306","TaxaRichness",26.5
"lawa-100307","MCI",114.2
"lawa-100307","PercentageEPTTaxa",50
"lawa-100307","TaxaRichness",28
"lawa-100308","MCI",134.4
"lawa-100308","PercentageEPTTaxa",57
"lawa-100308","TaxaRichness",29
"lawa-100309","MCI",68.8
"lawa-100309","PercentageEPTTaxa",11.3
"lawa-100309","TaxaRichness",22.5
"lawa-100310","MCI",133.95
"lawa-100310","PercentageEPTTaxa",58.85
"lawa-100310","TaxaRichness",34
"lawa-100311","MCI",124.6
"lawa-100311","PercentageEPTTaxa",52.9
"lawa-100311","TaxaRichness",34
"lawa-100312","MCI",61.35
"lawa-100312","PercentageEPTTaxa",0
"lawa-100312","TaxaRichness",22.5
"lawa-100313","MCI",51.4
"lawa-100313","PercentageEPTTaxa",0
"lawa-100313","TaxaRichness",18
"lawa-100314","MCI",64.1
"lawa-100314","PercentageEPTTaxa",7.4
"lawa-100314","TaxaRichness",19
"lawa-100315","MCI",124.7
"lawa-100315","PercentageEPTTaxa",55.5
"lawa-100315","TaxaRichness",29
"lawa-100316","MCI",130.7
"lawa-100316","PercentageEPTTaxa",55.5
"lawa-100316","TaxaRichness",22.5
"lawa-100317","MCI",126
"lawa-100317","PercentageEPTTaxa",53.3
"lawa-100317","TaxaRichness",30
"lawa-100318","MCI",96.1
"lawa-100318","PercentageEPTTaxa",29.7
"lawa-100318","TaxaRichness",23.5
"lawa-100319","MCI",105.8
"lawa-100319","PercentageEPTTaxa",42.1
"lawa-100319","TaxaRichness",22
"lawa-100320","MCI",95.45
"lawa-100320","PercentageEPTTaxa",38.65
"lawa-100320","TaxaRichness",22.5
"lawa-100321","MCI",108.2
"lawa-100321","PercentageEPTTaxa",47.4
"lawa-100321","TaxaRichness",25
"lawa-100322","MCI",97.8
"lawa-100322","PercentageEPTTaxa",40.9
"lawa-100322","TaxaRichness",20
"lawa-100323","MCI",118.1
"lawa-100323","PercentageEPTTaxa",47.8
"lawa-100323","TaxaRichness",21
"lawa-100324","MCI",131.6
"lawa-100324","PercentageEPTTaxa",50
"lawa-100324","TaxaRichness",29.5
"lawa-100325","MCI",132.5
"lawa-100325","PercentageEPTTaxa",57.2
"lawa-100325","TaxaRichness",32
"lawa-100326","MCI",133.8
"lawa-100326","PercentageEPTTaxa",65.4
"lawa-100326","TaxaRichness",29
"lawa-100327","MCI",107.9
"lawa-100327","PercentageEPTTaxa",36.6
"lawa-100327","TaxaRichness",25.5
"lawa-100328","MCI",92.25
"lawa-100328","PercentageEPTTaxa",29.8
"lawa-100328","TaxaRichness",25
"lawa-100329","MCI",127
"lawa-100329","PercentageEPTTaxa",54.9
"lawa-100329","TaxaRichness",26.5
"lawa-100330","MCI",113
"lawa-100330","PercentageEPTTaxa",45.1088705
"lawa-100330","TaxaRichness",28
"lawa-100332","MCI",95.25
"lawa-100332","PercentageEPTTaxa",28.65
"lawa-100332","TaxaRichness",26.5
"lawa-100333","MCI",113.166668
"lawa-100333","PercentageEPTTaxa",42.8785715
"lawa-100333","TaxaRichness",24
"lawa-100336","MCI",121.07758725
"lawa-100336","PercentageEPTTaxa",49.756034
"lawa-100336","TaxaRichness",20.5
"lawa-100348","MCI",90.45
"lawa-100348","PercentageEPTTaxa",26.4
"lawa-100348","TaxaRichness",19
"lawa-100399","MCI",117.53335
"lawa-100399","PercentageEPTTaxa",47.335
"lawa-100399","TaxaRichness",28.5
"lawa-100400","MCI",116.624
"lawa-100400","PercentageEPTTaxa",52.275
"lawa-100400","TaxaRichness",19
"lawa-100401","MCI",100.42855
"lawa-100401","PercentageEPTTaxa",43.81
"lawa-100401","TaxaRichness",24
"lawa-100402","MCI",92
"lawa-100402","PercentageEPTTaxa",40.74
"lawa-100402","TaxaRichness",23
"lawa-100403","MCI",95.2
"lawa-100403","PercentageEPTTaxa",42.5275
"lawa-100403","TaxaRichness",24
"lawa-100404","MCI",98
"lawa-100404","PercentageEPTTaxa",47.62
"lawa-100404","TaxaRichness",23
"lawa-100405","MCI",87.826088
"lawa-100405","PercentageEPTTaxa",37.5
"lawa-100405","TaxaRichness",21
"lawa-100406","MCI",107.8495
"lawa-100406","PercentageEPTTaxa",38.57
"lawa-100406","TaxaRichness",30
"lawa-100407","MCI",110.6229
"lawa-100407","PercentageEPTTaxa",44.53
"lawa-100407","TaxaRichness",22
"lawa-100408","MCI",101.8182
"lawa-100408","PercentageEPTTaxa",47.725
"lawa-100408","TaxaRichness",20.75
"lawa-100409","MCI",109.4737
"lawa-100409","PercentageEPTTaxa",48.48
"lawa-100409","TaxaRichness",28
"lawa-100410","MCI",68.888893
"lawa-100410","PercentageEPTTaxa",11.76
"lawa-100410","TaxaRichness",18
"lawa-100411","MCI",127.8261
"lawa-100411","PercentageEPTTaxa",63.16
"lawa-100411","TaxaRichness",19
"lawa-100412","MCI",140
"lawa-100412","PercentageEPTTaxa",76.47
"lawa-100412","TaxaRichness",14
"lawa-100413","MCI",120
"lawa-100413","PercentageEPTTaxa",47.37
"lawa-100413","TaxaRichness",29
"lawa-100414","MCI",107.6923
"lawa-100414","PercentageEPTTaxa",42.31
"lawa-100414","TaxaRichness",25
"lawa-100415","MCI",118.8889
"lawa-100415","PercentageEPTTaxa",50
"lawa-100415","TaxaRichness",26
"lawa-100416","MCI",113.3333
"lawa-100416","PercentageEPTTaxa",48.15
"lawa-100416","TaxaRichness",27
"lawa-100417","MCI",97.41936
"lawa-100417","PercentageEPTTaxa",40
"lawa-100417","TaxaRichness",26
"lawa-100418","MCI",106.1905
"lawa-100418","PercentageEPTTaxa",43.65
"lawa-100418","TaxaRichness",14.25
"lawa-100419","MCI",111.5733
"lawa-100419","PercentageEPTTaxa",45.015
"lawa-100419","TaxaRichness",24.75
"lawa-100420","MCI",77
"lawa-100420","PercentageEPTTaxa",20.83
"lawa-100420","TaxaRichness",20
"lawa-100421","MCI",72.85714
"lawa-100421","PercentageEPTTaxa",10.53
"lawa-100421","TaxaRichness",14
"lawa-100422","MCI",83.52941
"lawa-100422","PercentageEPTTaxa",29.17
"lawa-100422","TaxaRichness",19
"lawa-100423","MCI",122
"lawa-100423","PercentageEPTTaxa",55
"lawa-100423","TaxaRichness",19
"lawa-100424","MCI",107.3684
"lawa-100424","PercentageEPTTaxa",47.37
"lawa-100424","TaxaRichness",19
"lawa-100425","MCI",107.38095
"lawa-100425","PercentageEPTTaxa",44.655
"lawa-100425","TaxaRichness",23.5
"lawa-100426","MCI",113.3333
"lawa-100426","PercentageEPTTaxa",46.67
"lawa-100426","TaxaRichness",23
"lawa-100427","MCI",85
"lawa-100427","PercentageEPTTaxa",35
"lawa-100427","TaxaRichness",20
"lawa-100429","MCI",106.00649
"lawa-100429","PercentageEPTTaxa",43.65
"lawa-100429","TaxaRichness",19.5
"lawa-100430","MCI",102.6087
"lawa-100430","PercentageEPTTaxa",40.815
"lawa-100430","TaxaRichness",23
"lawa-100431","MCI",96.47725
"lawa-100431","PercentageEPTTaxa",42.33
"lawa-100431","TaxaRichness",17.25
"lawa-100432","MCI",119.5238
"lawa-100432","PercentageEPTTaxa",51.485
"lawa-100432","TaxaRichness",22.5
"lawa-100434","MCI",118.2857
"lawa-100434","PercentageEPTTaxa",51.43
"lawa-100434","TaxaRichness",33
"lawa-100435","MCI",97.1826645
"lawa-100435","PercentageEPTTaxa",38.7
"lawa-100435","TaxaRichness",17.5
"lawa-100436","MCI",91.896645
"lawa-100436","PercentageEPTTaxa",39.205
"lawa-100436","TaxaRichness",19
"lawa-100437","MCI",71.115385
"lawa-100437","PercentageEPTTaxa",0
"lawa-100437","TaxaRichness",13.5
"lawa-100438","MCI",95.75758
"lawa-100438","PercentageEPTTaxa",33.33
"lawa-100438","TaxaRichness",24
"lawa-100439","MCI",110
"lawa-100439","PercentageEPTTaxa",42.86
"lawa-100439","TaxaRichness",25
"lawa-100440","MCI",102.7273
"lawa-100440","PercentageEPTTaxa",40.91
"lawa-100440","TaxaRichness",24
"lawa-100441","MCI",123.5714
"lawa-100441","PercentageEPTTaxa",52
"lawa-100441","TaxaRichness",29
"lawa-100442","MCI",107.5
"lawa-100442","PercentageEPTTaxa",41.94
"lawa-100442","TaxaRichness",26
"lawa-100443","MCI",103.5714
"lawa-100443","PercentageEPTTaxa",42.86
"lawa-100443","TaxaRichness",26
"lawa-100444","MCI",98.4
"lawa-100444","PercentageEPTTaxa",36.36
"lawa-100444","TaxaRichness",26
"lawa-100445","MCI",105.2849
"lawa-100445","PercentageEPTTaxa",44.13
"lawa-100445","TaxaRichness",22.5
"lawa-100446","MCI",98.901096
"lawa-100446","PercentageEPTTaxa",35.165
"lawa-100446","TaxaRichness",20.5
"lawa-100447","MCI",80.54762
"lawa-100447","PercentageEPTTaxa",23.32
"lawa-100447","TaxaRichness",20.5
"lawa-100448","MCI",116.8473
"lawa-100448","PercentageEPTTaxa",46.43
"lawa-100448","TaxaRichness",28
"lawa-100449","MCI",109.5106
"lawa-100449","PercentageEPTTaxa",40.015
"lawa-100449","TaxaRichness",27
"lawa-100450","MCI",100.38121
"lawa-100450","PercentageEPTTaxa",35.74
"lawa-100450","TaxaRichness",23.5
"lawa-100451","MCI",67.5294115
"lawa-100451","PercentageEPTTaxa",17.32
"lawa-100451","TaxaRichness",13.5
"lawa-100452","MCI",122.8428
"lawa-100452","PercentageEPTTaxa",53.01
"lawa-100452","TaxaRichness",25.5
"lawa-100453","MCI",112.3569
"lawa-100453","PercentageEPTTaxa",48.315
"lawa-100453","TaxaRichness",26
"lawa-100454","MCI",93.684212
"lawa-100454","PercentageEPTTaxa",30.79
"lawa-100454","TaxaRichness",19
"lawa-100455","MCI",98
"lawa-100455","PercentageEPTTaxa",45.225
"lawa-100455","TaxaRichness",19
"lawa-100456","MCI",71
"lawa-100456","PercentageEPTTaxa",13.33
"lawa-100456","TaxaRichness",17
"lawa-100457","MCI",89.090912
"lawa-100457","PercentageEPTTaxa",36.36
"lawa-100457","TaxaRichness",13
"lawa-100458","MCI",113.33335
"lawa-100458","PercentageEPTTaxa",41.9525
"lawa-100458","TaxaRichness",24
"lawa-100459","MCI",117.7778
"lawa-100459","PercentageEPTTaxa",48.39
"lawa-100459","TaxaRichness",30
"lawa-100460","MCI",120.7407
"lawa-100460","PercentageEPTTaxa",52.17
"lawa-100460","TaxaRichness",27
"lawa-100461","MCI",120.9091
"lawa-100461","PercentageEPTTaxa",51.85
"lawa-100461","TaxaRichness",27
"lawa-100462","MCI",93.58852
"lawa-100462","PercentageEPTTaxa",36.6
"lawa-100462","TaxaRichness",21
"lawa-100463","MCI",93.87179
"lawa-100463","PercentageEPTTaxa",32.05
"lawa-100463","TaxaRichness",26
"lawa-100464","MCI",104.8276
"lawa-100464","PercentageEPTTaxa",44.44
"lawa-100464","TaxaRichness",29
"lawa-100465","MCI",114.4828
"lawa-100465","PercentageEPTTaxa",43.75
"lawa-100465","TaxaRichness",29
"lawa-100466","MCI",111.7241
"lawa-100466","PercentageEPTTaxa",44.83
"lawa-100466","TaxaRichness",28
"lawa-100467","MCI",102.963
"lawa-100467","PercentageEPTTaxa",44.83
"lawa-100467","TaxaRichness",28
"lawa-100471","MCI",97.463766
"lawa-100471","PercentageEPTTaxa",43.405
"lawa-100471","TaxaRichness",26.25
"lawa-100472","MCI",105.63815
"lawa-100472","PercentageEPTTaxa",43.3575
"lawa-100472","TaxaRichness",25
"lawa-100473","MCI",100.76925
"lawa-100473","PercentageEPTTaxa",33.435
"lawa-100473","TaxaRichness",22.5
"lawa-100474","MCI",95.90793
"lawa-100474","PercentageEPTTaxa",34.27
"lawa-100474","TaxaRichness",20.5
"lawa-100475","MCI",91.764709
"lawa-100475","PercentageEPTTaxa",41.18
"lawa-100475","TaxaRichness",18
"lawa-100476","MCI",86.636154
"lawa-100476","PercentageEPTTaxa",37.845
"lawa-100476","TaxaRichness",20.5
"lawa-100477","MCI",76.857705
"lawa-100477","PercentageEPTTaxa",17.69
"lawa-100477","TaxaRichness",22
"lawa-100479","MCI",85.45454
"lawa-100479","PercentageEPTTaxa",28.57
"lawa-100479","TaxaRichness",22
"lawa-100480","MCI",111.2
"lawa-100480","PercentageEPTTaxa",44.12
"lawa-100480","TaxaRichness",25
"lawa-100481","MCI",110
"lawa-100481","PercentageEPTTaxa",42.31
"lawa-100481","TaxaRichness",26
"lawa-100578","MCI",102
"lawa-100578","PercentageEPTTaxa",48
"lawa-100578","TaxaRichness",21.5
"lawa-100648","MCI",93.5
"lawa-100648","PercentageEPTTaxa",15.125
"lawa-100648","TaxaRichness",21
"lawa-100651","MCI",109.7
"lawa-100651","PercentageEPTTaxa",39.7
"lawa-100651","TaxaRichness",27
"lawa-100652","MCI",93.3
"lawa-100652","PercentageEPTTaxa",29.1
"lawa-100652","TaxaRichness",20.5
"lawa-100653","MCI",112.85
"lawa-100653","PercentageEPTTaxa",41.8
"lawa-100653","TaxaRichness",35
"lawa-100683","MCI",110.57692325
"lawa-100683","PercentageEPTTaxa",46.75
"lawa-100683","TaxaRichness",21
"lawa-100684","MCI",108.5
"lawa-100684","PercentageEPTTaxa",42.85
"lawa-100684","TaxaRichness",25
"lawa-100685","MCI",129
"lawa-100685","PercentageEPTTaxa",58.56071425
"lawa-100685","TaxaRichness",20
"lawa-100686","MCI",77.5
"lawa-100686","PercentageEPTTaxa",3.189817075
"lawa-100686","TaxaRichness",22
"lawa-100687","MCI",109.5
"lawa-100687","PercentageEPTTaxa",38.85
"lawa-100687","TaxaRichness",29.5
"lawa-100688","MCI",109.5
"lawa-100688","PercentageEPTTaxa",42.05
"lawa-100688","TaxaRichness",21.5
"lawa-100689","MCI",116.5
"lawa-100689","PercentageEPTTaxa",47.5
"lawa-100689","TaxaRichness",29.5
"lawa-100690","MCI",122
"lawa-100690","PercentageEPTTaxa",50
"lawa-100690","TaxaRichness",33
"lawa-100691","MCI",106
"lawa-100691","PercentageEPTTaxa",35.7071435
"lawa-100691","TaxaRichness",16
"lawa-100692","MCI",74.5
"lawa-100692","PercentageEPTTaxa",3.8140367
"lawa-100692","TaxaRichness",15
"lawa-100693","MCI",108.015152
"lawa-100693","PercentageEPTTaxa",41.206061
"lawa-100693","TaxaRichness",27
"lawa-100694","MCI",94.761364
"lawa-100694","PercentageEPTTaxa",28.7954545
"lawa-100694","TaxaRichness",22
"lawa-100695","MCI",99
"lawa-100695","PercentageEPTTaxa",34.2928565
"lawa-100695","TaxaRichness",19.65944885
"lawa-100696","MCI",104
"lawa-100696","PercentageEPTTaxa",37.9
"lawa-100696","TaxaRichness",22
"lawa-100697","MCI",105.583334
"lawa-100697","PercentageEPTTaxa",47.041667
"lawa-100697","TaxaRichness",20
"lawa-100698","MCI",95.5
"lawa-100698","PercentageEPTTaxa",30.690909
"lawa-100698","TaxaRichness",9.1260965
"lawa-100699","MCI",116.5
"lawa-100699","PercentageEPTTaxa",54.2
"lawa-100699","TaxaRichness",24
"lawa-100700","MCI",119
"lawa-100700","PercentageEPTTaxa",37.5
"lawa-100700","TaxaRichness",22
"lawa-100701","MCI",74.5
"lawa-100701","PercentageEPTTaxa",9.43
"lawa-100701","TaxaRichness",16.5
"lawa-100702","MCI",118.4838715
"lawa-100702","PercentageEPTTaxa",48.3596775
"lawa-100702","TaxaRichness",27.5
"lawa-100703","MCI",76
"lawa-100703","PercentageEPTTaxa",9.09
"lawa-100703","TaxaRichness",22
"lawa-100704","MCI",113.97436
"lawa-100704","PercentageEPTTaxa",49.1955125
"lawa-100704","TaxaRichness",29.5
"lawa-100705","MCI",113
"lawa-100705","PercentageEPTTaxa",47.4
"lawa-100705","TaxaRichness",29.5
"lawa-100706","MCI",87.5
"lawa-100706","PercentageEPTTaxa",28.1125
"lawa-100706","TaxaRichness",21
"lawa-100707","MCI",117
"lawa-100707","PercentageEPTTaxa",48.7902435
"lawa-100707","TaxaRichness",27
"lawa-100708","MCI",94.5
"lawa-100708","PercentageEPTTaxa",36.6
"lawa-100708","TaxaRichness",23
"lawa-100709","MCI",91
"lawa-100709","PercentageEPTTaxa",29.3
"lawa-100709","TaxaRichness",25.5
"lawa-100710","MCI",82
"lawa-100710","PercentageEPTTaxa",14.3
"lawa-100710","TaxaRichness",21
"lawa-100711","MCI",122.4814815
"lawa-100711","PercentageEPTTaxa",45.962037
"lawa-100711","TaxaRichness",30
"lawa-100714","MCI",96.958334
"lawa-100714","PercentageEPTTaxa",39.891667
"lawa-100714","TaxaRichness",20
"lawa-100715","MCI",83.5
"lawa-100715","PercentageEPTTaxa",19.55
"lawa-100715","TaxaRichness",21
"lawa-100716","MCI",85.7071435
"lawa-100716","PercentageEPTTaxa",35.7071435
"lawa-100716","TaxaRichness",19
"lawa-100718","MCI",115.5
"lawa-100718","PercentageEPTTaxa",45.2
"lawa-100718","TaxaRichness",31
"lawa-100719","MCI",70.5
"lawa-100719","PercentageEPTTaxa",5.905
"lawa-100719","TaxaRichness",14.5
"lawa-100721","MCI",98
"lawa-100721","PercentageEPTTaxa",28.5
"lawa-100721","TaxaRichness",12.5
"lawa-100724","MCI",91
"lawa-100724","PercentageEPTTaxa",17.85
"lawa-100724","TaxaRichness",20.5
"lawa-100725","MCI",96.5
"lawa-100725","PercentageEPTTaxa",28.2416665
"lawa-100725","TaxaRichness",12.80465115
"lawa-100727","MCI",109.3928565
"lawa-100727","PercentageEPTTaxa",39.98928575
"lawa-100727","TaxaRichness",32
"lawa-100728","MCI",109.5
"lawa-100728","PercentageEPTTaxa",51.943966
"lawa-100728","TaxaRichness",26
"lawa-100729","MCI",95.92857175
"lawa-100729","PercentageEPTTaxa",34
"lawa-100729","TaxaRichness",26
"lawa-101795","MCI",82
"lawa-101795","PercentageEPTTaxa",6.47
"lawa-101795","TaxaRichness",22
"lawa-101796","MCI",118.26
"lawa-101796","PercentageEPTTaxa",65.935
"lawa-101796","TaxaRichness",22.5
"lawa-101797","MCI",88
"lawa-101797","PercentageEPTTaxa",2.95
"lawa-101797","TaxaRichness",22
"lawa-101798","MCI",120.83
"lawa-101798","PercentageEPTTaxa",61.86
"lawa-101798","TaxaRichness",24
"lawa-101799","MCI",101.18
"lawa-101799","PercentageEPTTaxa",52.77
"lawa-101799","TaxaRichness",18
"lawa-101800","MCI",90.295
"lawa-101800","PercentageEPTTaxa",7.69
"lawa-101800","TaxaRichness",18
"lawa-101801","MCI",109.7
"lawa-101801","PercentageEPTTaxa",64.76
"lawa-101801","TaxaRichness",28
"lawa-101929","MCI",83.333332
"lawa-101929","PercentageEPTTaxa",23.6061295
"lawa-101929","TaxaRichness",27
"lawa-101931","MCI",81
"lawa-101931","PercentageEPTTaxa",43.75
"lawa-101931","TaxaRichness",19
"lawa-101933","MCI",107.7
"lawa-101933","PercentageEPTTaxa",46.4119235
"lawa-101933","TaxaRichness",27.5
"lawa-101940","MCI",101
"lawa-101940","PercentageEPTTaxa",50
"lawa-101940","TaxaRichness",24.5
"lawa-101941","MCI",99.3076935
"lawa-101941","PercentageEPTTaxa",45.97
"lawa-101941","TaxaRichness",25.5
"lawa-101942","MCI",96.2241365
"lawa-101942","PercentageEPTTaxa",41.18
"lawa-101942","TaxaRichness",34
"lawa-101944","MCI",119
"lawa-101944","PercentageEPTTaxa",54.605
"lawa-101944","TaxaRichness",32
"lawa-101949","MCI",98.304348
"lawa-101949","PercentageEPTTaxa",37.065
"lawa-101949","TaxaRichness",24.5
"lawa-102196","MCI",108.75
"lawa-102196","PercentageEPTTaxa",50
"lawa-102196","TaxaRichness",25
"lawa-102228","MCI",84.42222
"lawa-102228","PercentageEPTTaxa",16.683333
"lawa-102228","TaxaRichness",17
"lawa-102229","MCI",96
"lawa-102229","PercentageEPTTaxa",31.6
"lawa-102229","TaxaRichness",19
"lawa-102230","MCI",125.13158
"lawa-102230","PercentageEPTTaxa",58.3
"lawa-102230","TaxaRichness",13.4022727
"lawa-102231","MCI",142
"lawa-102231","PercentageEPTTaxa",63
"lawa-102231","TaxaRichness",27
"lawa-102235","MCI",65.333344
"lawa-102235","PercentageEPTTaxa",0
"lawa-102235","TaxaRichness",13
"lawa-102692","MCI",80
"lawa-102692","PercentageEPTTaxa",0.29
"lawa-102692","TaxaRichness",17
"lawa-102693","MCI",79
"lawa-102693","PercentageEPTTaxa",0.9
"lawa-102693","TaxaRichness",21
"lawa-102695","MCI",108.57
"lawa-102695","PercentageEPTTaxa",65.91
"lawa-102695","TaxaRichness",21
"lawa-102696","MCI",86.67
"lawa-102696","PercentageEPTTaxa",13.125
"lawa-102696","TaxaRichness",23
"lawa-102697","MCI",107.62
"lawa-102697","PercentageEPTTaxa",84.89
"lawa-102697","TaxaRichness",19
"lawa-102698","MCI",104.005
"lawa-102698","PercentageEPTTaxa",55.23
"lawa-102698","TaxaRichness",22
"lawa-102699","MCI",90.77
"lawa-102699","PercentageEPTTaxa",10.2
"lawa-102699","TaxaRichness",17
"ncc-00002","MCI",69.5
"ncc-00002","TaxaRichness",13
"ncc-00004","MCI",75
"ncc-00004","TaxaRichness",18.5
"ncc-00005","MCI",126.5
"ncc-00005","TaxaRichness",28.5
"ncc-00006","MCI",76
"ncc-00006","TaxaRichness",11.5
"ncc-00009","MCI",72.5
"ncc-00009","TaxaRichness",17
"ncc-00010","MCI",85.5
"ncc-00010","TaxaRichness",19.5
"ncc-00011","MCI",104
"ncc-00011","TaxaRichness",28
"ncc-00012","MCI",122.5
"ncc-00012","TaxaRichness",30
"ncc-00013","MCI",93
"ncc-00013","TaxaRichness",17.5
"ncc-00015","MCI",104.5
"ncc-00015","TaxaRichness",23
"ncc-00016","MCI",140
"ncc-00016","TaxaRichness",20
"ncc-00017","MCI",105.5
"ncc-00017","TaxaRichness",26
"ncc-00018","MCI",99
"ncc-00018","TaxaRichness",21
"ncc-00021","MCI",84
"ncc-00021","TaxaRichness",21.5
"ncc-00025","MCI",106.5
"ncc-00025","TaxaRichness",29
"ncc-00027","MCI",109
"ncc-00027","TaxaRichness",25.5
"ncc-00028","MCI",124.5
"ncc-00028","TaxaRichness",26
"ncc-00029","MCI",103
"ncc-00029","TaxaRichness",26.5
"ncc-00030","MCI",109
"ncc-00030","TaxaRichness",27
"ncc-00032","MCI",118.5
"ncc-00032","TaxaRichness",31.5
"ncc-00034","MCI",112
"ncc-00034","TaxaRichness",31
"ncc-00036","MCI",136.5
"ncc-00036","TaxaRichness",24
"ncc-00037","MCI",132
"ncc-00037","TaxaRichness",29.5
"ncc-00038","MCI",122
"ncc-00038","TaxaRichness",35.5
"ncc-00039","MCI",114
"ncc-00039","TaxaRichness",36.5
"ncc-00040","MCI",89
"ncc-00040","TaxaRichness",19
"nrc-00004","MCI",98
"nrc-00004","PercentageEPTTaxa",16.35
"nrc-00004","TaxaRichness",21
"nrc-00005","MCI",104.5
"nrc-00005","PercentageEPTTaxa",33.15
"nrc-00005","TaxaRichness",24.5
"nrc-00006","MCI",111
"nrc-00006","PercentageEPTTaxa",40
"nrc-00006","TaxaRichness",21.5
"nrc-00007","MCI",137
"nrc-00007","PercentageEPTTaxa",59.42
"nrc-00007","TaxaRichness",25
"nrc-00008","MCI",115
"nrc-00008","PercentageEPTTaxa",33.33
"nrc-00008","TaxaRichness",22
"nrc-00009","MCI",114
"nrc-00009","PercentageEPTTaxa",33.2
"nrc-00009","TaxaRichness",19
"nrc-00010","MCI",123.333
"nrc-00010","PercentageEPTTaxa",46.65
"nrc-00010","TaxaRichness",24
"nrc-00013","MCI",129
"nrc-00013","PercentageEPTTaxa",45
"nrc-00013","TaxaRichness",26
"nrc-00015","MCI",127.5
"nrc-00015","PercentageEPTTaxa",42.48
"nrc-00015","TaxaRichness",28.5
"nrc-00016","MCI",116.5
"nrc-00016","PercentageEPTTaxa",43.18
"nrc-00016","TaxaRichness",16
"nrc-00018","MCI",92.5
"nrc-00018","PercentageEPTTaxa",26.32
"nrc-00018","TaxaRichness",19
"nrc-00019","MCI",109
"nrc-00019","PercentageEPTTaxa",27.3
"nrc-00019","TaxaRichness",22
"nrc-00020","MCI",109.5
"nrc-00020","PercentageEPTTaxa",27.9
"nrc-00020","TaxaRichness",14.5
"nrc-00021","MCI",111
"nrc-00021","PercentageEPTTaxa",27.3
"nrc-00021","TaxaRichness",15
"nrc-00022","MCI",124.5
"nrc-00022","PercentageEPTTaxa",43.1
"nrc-00022","TaxaRichness",25.5
"nrc-00029","MCI",123.5
"nrc-00029","PercentageEPTTaxa",22.915
"nrc-00029","TaxaRichness",19.5
"nrc-00031","MCI",83
"nrc-00031","PercentageEPTTaxa",6.65
"nrc-00031","TaxaRichness",15
"nrc-00045","MCI",117.5
"nrc-00045","PercentageEPTTaxa",47.5
"nrc-00045","TaxaRichness",16
"nrwqn-00008","MCI",88.3400805
"nrwqn-00008","PercentageEPTTaxa",30.09
"nrwqn-00008","TaxaRichness",18
"nrwqn-00017","MCI",118.77
"nrwqn-00017","PercentageEPTTaxa",35.31
"nrwqn-00017","TaxaRichness",16
"nrwqn-00024","MCI",133.333
"nrwqn-00024","PercentageEPTTaxa",44.83
"nrwqn-00024","TaxaRichness",24
"nrwqn-00059","MCI",108.1845
"nrwqn-00059","PercentageEPTTaxa",51.19
"nrwqn-00059","TaxaRichness",15
"orc-00012","MCI",119
"orc-00012","PercentageEPTTaxa",58.8
"orc-00012","TaxaRichness",20.5
"orc-00017","MCI",101
"orc-00017","PercentageEPTTaxa",41.7
"orc-00017","TaxaRichness",20.5
"orc-00021","MCI",66
"orc-00021","PercentageEPTTaxa",13.8
"orc-00021","TaxaRichness",13
"orc-00025","MCI",89.5
"orc-00025","PercentageEPTTaxa",43.45
"orc-00025","TaxaRichness",25.5
"orc-00041","MCI",101
"orc-00041","PercentageEPTTaxa",49.7
"orc-00041","TaxaRichness",18
"orc-00043","MCI",106.5
"orc-00043","PercentageEPTTaxa",53.55
"orc-00043","TaxaRichness",22
"orc-00047","MCI",108
"orc-00047","PercentageEPTTaxa",54.95
"orc-00047","TaxaRichness",22
"orc-00049","MCI",85
"orc-00049","PercentageEPTTaxa",36.95
"orc-00049","TaxaRichness",16
"orc-00061","MCI",84.5
"orc-00061","PercentageEPTTaxa",34.15
"orc-00061","TaxaRichness",20.5
"orc-00066","MCI",88.5
"orc-00066","PercentageEPTTaxa",36.2
"orc-00066","TaxaRichness",20.5
"orc-00079","MCI",81.5
"orc-00079","PercentageEPTTaxa",31.75
"orc-00079","TaxaRichness",18.5
"orc-00081","MCI",105.5
"orc-00081","PercentageEPTTaxa",45.8
"orc-00081","TaxaRichness",22
"orc-00082","MCI",73
"orc-00082","PercentageEPTTaxa",16.25
"orc-00082","TaxaRichness",15
"orc-00085","MCI",92.5
"orc-00085","PercentageEPTTaxa",30.3
"orc-00085","TaxaRichness",20.5
"orc-00088","MCI",112.5
"orc-00088","PercentageEPTTaxa",51.25
"orc-00088","TaxaRichness",24
"orc-00089","MCI",99.5
"orc-00089","PercentageEPTTaxa",46.9
"orc-00089","TaxaRichness",23.5
"orc-00094","MCI",82.5
"orc-00094","PercentageEPTTaxa",30.3
"orc-00094","TaxaRichness",22
"orc-00095","MCI",92
"orc-00095","PercentageEPTTaxa",36.75
"orc-00095","TaxaRichness",21.5
"orc-00097","MCI",86
"orc-00097","PercentageEPTTaxa",38.55
"orc-00097","TaxaRichness",18
"orc-00098","MCI",104
"orc-00098","PercentageEPTTaxa",46.75
"orc-00098","TaxaRichness",19.5
"orc-00103","MCI",105.5
"orc-00103","TaxaRichness",20.5
"orc-00105","MCI",109.5
"orc-00105","PercentageEPTTaxa",47.7
"orc-00105","TaxaRichness",35.5
"orc-00115","MCI",109
"orc-00115","PercentageEPTTaxa",48.05
"orc-00115","TaxaRichness",25.5
"orc-00117","MCI",116.5
"orc-00117","PercentageEPTTaxa",50.9
"orc-00117","TaxaRichness",21
"orc-00119","MCI",89.5
"orc-00119","PercentageEPTTaxa",35.7
"orc-00119","TaxaRichness",21.5
"orc-00133","MCI",96.5
"orc-00133","PercentageEPTTaxa",45.4
"orc-00133","TaxaRichness",22
"orc-00159","MCI",109.5
"orc-00159","PercentageEPTTaxa",47.25
"orc-00159","TaxaRichness",25
"orc-00162","MCI",90
"orc-00162","PercentageEPTTaxa",38.5
"orc-00162","TaxaRichness",20.5
"orc-00163","MCI",102.5
"orc-00163","PercentageEPTTaxa",46.9
"orc-00163","TaxaRichness",20.5
"trc-00001","MCI",100.5
"trc-00001","PercentageEPTTaxa",44.5
"trc-00001","TaxaRichness",18.5
"trc-00002","MCI",118
"trc-00002","PercentageEPTTaxa",56.5
"trc-00002","TaxaRichness",21.5
"trc-00003","MCI",91
"trc-00003","PercentageEPTTaxa",40
"trc-00003","TaxaRichness",22.5
"trc-00004","MCI",145.5
"trc-00004","PercentageEPTTaxa",72.5
"trc-00004","TaxaRichness",27
"trc-00005","MCI",101
"trc-00005","PercentageEPTTaxa",44
"trc-00005","TaxaRichness",21.5
"trc-00006","MCI",135
"trc-00006","PercentageEPTTaxa",64
"trc-00006","TaxaRichness",25
"trc-00007","MCI",99.5
"trc-00007","PercentageEPTTaxa",39.5
"trc-00007","TaxaRichness",21.5
"trc-00008","MCI",120
"trc-00008","PercentageEPTTaxa",52.5
"trc-00008","TaxaRichness",8
"trc-00009","MCI",115.5
"trc-00009","PercentageEPTTaxa",50.5
"trc-00009","TaxaRichness",18.5
"trc-00011","MCI",116
"trc-00011","PercentageEPTTaxa",48.5
"trc-00011","TaxaRichness",22
"trc-00050","MCI",95.5
"trc-00050","PercentageEPTTaxa",30.5
"trc-00050","TaxaRichness",20
"trc-00060","MCI",96.5
"trc-00060","PercentageEPTTaxa",32.5
"trc-00060","TaxaRichness",20
"trc-00061","MCI",106
"trc-00061","PercentageEPTTaxa",48
"trc-00061","TaxaRichness",22
"trc-00062","MCI",108.5
"trc-00062","PercentageEPTTaxa",50
"trc-00062","TaxaRichness",22.5
"trc-00063","MCI",88
"trc-00063","PercentageEPTTaxa",18
"trc-00063","TaxaRichness",18
"trc-00064","MCI",125
"trc-00064","PercentageEPTTaxa",59.5
"trc-00064","TaxaRichness",24.5
"trc-00065","MCI",105
"trc-00065","PercentageEPTTaxa",46.5
"trc-00065","TaxaRichness",21.5
"trc-00066","MCI",91
"trc-00066","PercentageEPTTaxa",34.5
"trc-00066","TaxaRichness",17.5
"trc-00067","MCI",140
"trc-00067","PercentageEPTTaxa",65.5
"trc-00067","TaxaRichness",24.5
"trc-00068","MCI",122
"trc-00068","PercentageEPTTaxa",57.5
"trc-00068","TaxaRichness",24.5
"trc-00069","MCI",116.5
"trc-00069","PercentageEPTTaxa",49
"trc-00069","TaxaRichness",24.5
"trc-00070","MCI",95.5
"trc-00070","PercentageEPTTaxa",36
"trc-00070","TaxaRichness",17.5
"trc-00071","MCI",88.5
"trc-00071","PercentageEPTTaxa",34
"trc-00071","TaxaRichness",16.5
"trc-00072","MCI",109.5
"trc-00072","PercentageEPTTaxa",42
"trc-00072","TaxaRichness",18
"trc-00073","MCI",102
"trc-00073","PercentageEPTTaxa",44.5
"trc-00073","TaxaRichness",22.5
"trc-00074","MCI",135.5
"trc-00074","PercentageEPTTaxa",60.5
"trc-00074","TaxaRichness",20.5
"trc-00075","MCI",98
"trc-00075","PercentageEPTTaxa",41.5
"trc-00075","TaxaRichness",21
"trc-00076","MCI",104
"trc-00076","PercentageEPTTaxa",42
"trc-00076","TaxaRichness",24
"trc-00077","MCI",134
"trc-00077","PercentageEPTTaxa",61
"trc-00077","TaxaRichness",19
"trc-00078","MCI",102
"trc-00078","PercentageEPTTaxa",44
"trc-00078","TaxaRichness",18
"trc-00079","MCI",80.5
"trc-00079","PercentageEPTTaxa",15.5
"trc-00079","TaxaRichness",15.5
"trc-00080","MCI",76
"trc-00080","PercentageEPTTaxa",7
"trc-00080","TaxaRichness",11.5
"trc-00081","MCI",137
"trc-00081","PercentageEPTTaxa",67
"trc-00081","TaxaRichness",22.5
"trc-00082","MCI",77.5
"trc-00082","PercentageEPTTaxa",26
"trc-00082","TaxaRichness",16
"trc-00083","MCI",90
"trc-00083","PercentageEPTTaxa",35
"trc-00083","TaxaRichness",20
"trc-00084","MCI",119.5
"trc-00084","PercentageEPTTaxa",56
"trc-00084","TaxaRichness",24.5
"trc-00085","MCI",117.5
"trc-00085","PercentageEPTTaxa",60
"trc-00085","TaxaRichness",10
"trc-00086","MCI",145
"trc-00086","PercentageEPTTaxa",71
"trc-00086","TaxaRichness",27.5
"trc-00087","MCI",109.5
"trc-00087","PercentageEPTTaxa",46
"trc-00087","TaxaRichness",26
"trc-00088","MCI",108
"trc-00088","PercentageEPTTaxa",44.5
"trc-00088","TaxaRichness",19.5
"trc-00089","MCI",107
"trc-00089","PercentageEPTTaxa",47.5
"trc-00089","TaxaRichness",22
"trc-00090","MCI",93.5
"trc-00090","PercentageEPTTaxa",33.5
"trc-00090","TaxaRichness",19
"trc-00091","MCI",91
"trc-00091","PercentageEPTTaxa",35
"trc-00091","TaxaRichness",19
"trc-00092","MCI",99
"trc-00092","PercentageEPTTaxa",38
"trc-00092","TaxaRichness",21.5
"trc-00093","MCI",90
"trc-00093","PercentageEPTTaxa",34
"trc-00093","TaxaRichness",20.5
"trc-00094","MCI",142
"trc-00094","PercentageEPTTaxa",66.5
"trc-00094","TaxaRichness",28.5
"trc-00095","MCI",131.5
"trc-00095","PercentageEPTTaxa",59.5
"trc-00095","TaxaRichness",24
"trc-00096","MCI",99.5
"trc-00096","PercentageEPTTaxa",41.5
"trc-00096","TaxaRichness",19.5
"trc-00097","MCI",92.5
"trc-00097","PercentageEPTTaxa",35
"trc-00097","TaxaRichness",19
"trc-00098","MCI",141.5
"trc-00098","PercentageEPTTaxa",67.5
"trc-00098","TaxaRichness",19.5
"trc-00099","MCI",85
"trc-00099","PercentageEPTTaxa",23
"trc-00099","TaxaRichness",14.5
"trc-00100","MCI",111.5
"trc-00100","PercentageEPTTaxa",50.5
"trc-00100","TaxaRichness",23.5
"trc-00101","MCI",105.5
"trc-00101","PercentageEPTTaxa",48.5
"trc-00101","TaxaRichness",21
"trc-00102","MCI",134
"trc-00102","PercentageEPTTaxa",47
"trc-00102","TaxaRichness",29.5
"trc-00103","MCI",100
"trc-00103","PercentageEPTTaxa",43
"trc-00103","TaxaRichness",23
"trc-00104","MCI",85.5
"trc-00104","PercentageEPTTaxa",38
"trc-00104","TaxaRichness",14.5
"trc-10012","MCI",88.5
"trc-10012","PercentageEPTTaxa",31.5
"trc-10012","TaxaRichness",19
"trc-10015","MCI",85.5
"trc-10015","PercentageEPTTaxa",25.5
"trc-10015","TaxaRichness",17
"wcrc-00001","MCI",115.78788
"wcrc-00001","PercentageEPTTaxa",52
"wcrc-00001","TaxaRichness",35
"wcrc-00002","MCI",113.17888
"wcrc-00002","PercentageEPTTaxa",50
"wcrc-00002","TaxaRichness",31.5
"wcrc-00003","MCI",131.11111
"wcrc-00003","PercentageEPTTaxa",59.285715
"wcrc-00003","TaxaRichness",24
"wcrc-00004","MCI",135.8371035
"wcrc-00004","PercentageEPTTaxa",56.666668
"wcrc-00004","TaxaRichness",15
"wcrc-00005","MCI",99.75238
"wcrc-00005","PercentageEPTTaxa",36.363636
"wcrc-00005","TaxaRichness",27
"wcrc-00006","MCI",118.4715741
"wcrc-00006","PercentageEPTTaxa",52.77778
"wcrc-00006","TaxaRichness",33
"wcrc-00007","MCI",99.79894
"wcrc-00007","PercentageEPTTaxa",43.2471275
"wcrc-00007","TaxaRichness",28.5
"wcrc-00008","MCI",123.3680575
"wcrc-00008","PercentageEPTTaxa",53.846153
"wcrc-00008","TaxaRichness",36
"wcrc-00009","MCI",118.447582
"wcrc-00009","PercentageEPTTaxa",45.588235
"wcrc-00009","TaxaRichness",25
"wcrc-00010","MCI",118.296703
"wcrc-00010","PercentageEPTTaxa",49.232455
"wcrc-00010","TaxaRichness",27
"wcrc-00011","MCI",129.333328
"wcrc-00011","PercentageEPTTaxa",57.4519235
"wcrc-00011","TaxaRichness",29.5
"wcrc-00013","MCI",120.714287
"wcrc-00013","PercentageEPTTaxa",51.785715
"wcrc-00013","TaxaRichness",30
"wcrc-00014","MCI",105.714287
"wcrc-00014","PercentageEPTTaxa",41.5314405
"wcrc-00014","TaxaRichness",31.5
"wcrc-00015","MCI",105.86397
"wcrc-00015","PercentageEPTTaxa",43.837535
"wcrc-00015","TaxaRichness",29.5
"wcrc-00016","MCI",77.607655
"wcrc-00016","PercentageEPTTaxa",18.05555535
"wcrc-00016","TaxaRichness",20.5
"wcrc-00018","MCI",93.125
"wcrc-00018","PercentageEPTTaxa",30
"wcrc-00018","TaxaRichness",25
"wcrc-00019","MCI",116.93182
"wcrc-00019","PercentageEPTTaxa",47.8021985
"wcrc-00019","TaxaRichness",27
"wcrc-00020","MCI",115.2139055
"wcrc-00020","PercentageEPTTaxa",50.757576
"wcrc-00020","TaxaRichness",33.5
"wcrc-00021","MCI",107.1494255
"wcrc-00021","PercentageEPTTaxa",42.893145
"wcrc-00021","TaxaRichness",31.5
"wcrc-00022","MCI",113.11111
"wcrc-00022","PercentageEPTTaxa",47.580645
"wcrc-00022","TaxaRichness",33
"wcrc-00023","MCI",109.354553
"wcrc-00023","PercentageEPTTaxa",47.0506915
"wcrc-00023","TaxaRichness",33
"wcrc-00024","MCI",123.791668
"wcrc-00024","PercentageEPTTaxa",56.458334
"wcrc-00024","TaxaRichness",26
"wcrc-00025","MCI",90.9375
"wcrc-00025","PercentageEPTTaxa",36.48897
"wcrc-00025","TaxaRichness",31.5
"wcrc-00026","MCI",105.6997975
"wcrc-00026","PercentageEPTTaxa",47.9208905
"wcrc-00026","TaxaRichness",31.5
"wcrc-00027","MCI",113.5020265
"wcrc-00027","PercentageEPTTaxa",52.3423425
"wcrc-00027","TaxaRichness",33.5
"wcrc-00028","MCI",100.322582
"wcrc-00028","PercentageEPTTaxa",39.0625
"wcrc-00028","TaxaRichness",31.5
"wcrc-00029","MCI",102.083332
"wcrc-00029","PercentageEPTTaxa",41.666666
"wcrc-00029","TaxaRichness",12.5
"wcrc-00033","MCI",132.645689
"wcrc-00033","PercentageEPTTaxa",62.9473685
"wcrc-00033","TaxaRichness",25.5
"wcrc-00036","MCI",133.333328
"wcrc-00036","PercentageEPTTaxa",58.333334
"wcrc-00036","TaxaRichness",22.5
"wcrc-00037","MCI",116.875
"wcrc-00037","PercentageEPTTaxa",49.285715
"wcrc-00037","TaxaRichness",32.5
"wcrc-00038","MCI",115.41276725
"wcrc-00038","PercentageEPTTaxa",49.64349375
"wcrc-00038","TaxaRichness",32.5
"wcrc-00039","MCI",118.888885
"wcrc-00039","PercentageEPTTaxa",55.103668
"wcrc-00039","TaxaRichness",20
"wcrc-00040","MCI",120.5769235
"wcrc-00040","PercentageEPTTaxa",53.393665
"wcrc-00040","TaxaRichness",19
