region,lawaSiteID,siteName,siteType,property,dateCollected,val,lCens,rCens,week,month,year,YW,fVal,bathingSeason,Retest result? (Y/N),,Targetted flood sampling
Tasman region,TDC-10007,Kaiteriteri Beach,Beach,Enterococci,42332.47917,10,TRUE,FALSE,47,11,2015,201547,5,2015/2016,,,
Tasman region,TDC-10007,Kaiteriteri Beach,Beach,Enterococci,42339.47917,10,FALSE,FALSE,48,12,2015,201548,10,2015/2016,,,
Tasman region,TDC-10007,Kaiteriteri Beach,Beach,Enterococci,42346.44792,10,TRUE,FALSE,49,12,2015,201549,5,2015/2016,,,
Tasman region,TDC-10007,Kaiteriteri Beach,Beach,Enterococci,42353.46528,10,TRUE,FALSE,50,12,2015,201550,5,2015/2016,,,
Tasman region,TDC-10007,Kaiteriteri Beach,Beach,Enterococci,42355.5,10,TRUE,FALSE,51,12,2015,201551,5,2015/2016,,,
Tasman region,TDC-10007,Kaiteriteri Beach,Beach,Enterococci,42360.5,10,TRUE,FALSE,51,12,2015,201551,5,2015/2016,,,
Tasman region,TDC-10007,Kaiteriteri Beach,Beach,Enterococci,42367.51389,10,TRUE,FALSE,52,12,2015,201552,5,2015/2016,,,
Tasman region,TDC-10007,Kaiteriteri Beach,Beach,Enterococci,42374.48611,10,TRUE,FALSE,1,1,2016,201601,5,2015/2016,,,
Tasman region,TDC-10007,Kaiteriteri Beach,Beach,Enterococci,42376.59028,10,TRUE,FALSE,1,1,2016,201601,5,2015/2016,,,
Tasman region,TDC-10007,Kaiteriteri Beach,Beach,Enterococci,42381.45486,10,TRUE,FALSE,2,1,2016,201602,5,2015/2016,,,
Tasman region,TDC-10007,Kaiteriteri Beach,Beach,Enterococci,42383.52639,10,TRUE,FALSE,2,1,2016,201602,5,2015/2016,,,
Tasman region,TDC-10007,Kaiteriteri Beach,Beach,Enterococci,42390.32917,10,TRUE,FALSE,3,1,2016,201603,5,2015/2016,,,
Tasman region,TDC-10007,Kaiteriteri Beach,Beach,Enterococci,42395.45833,10,TRUE,FALSE,4,1,2016,201604,5,2015/2016,,,
Tasman region,TDC-10007,Kaiteriteri Beach,Beach,Enterococci,42397.45625,74,FALSE,FALSE,4,1,2016,201604,74,2015/2016,,,
Tasman region,TDC-10007,Kaiteriteri Beach,Beach,Enterococci,42402.55903,10,TRUE,FALSE,5,2,2016,201605,5,2015/2016,,,
Tasman region,TDC-10007,Kaiteriteri Beach,Beach,Enterococci,42404.47222,10,TRUE,FALSE,5,2,2016,201605,5,2015/2016,,,
Tasman region,TDC-10007,Kaiteriteri Beach,Beach,Enterococci,42409.47708,31,FALSE,FALSE,6,2,2016,201606,31,2015/2016,,,
Tasman region,TDC-10007,Kaiteriteri Beach,Beach,Enterococci,42411.42014,10,TRUE,FALSE,6,2,2016,201606,5,2015/2016,,,
Tasman region,TDC-10007,Kaiteriteri Beach,Beach,Enterococci,42416.5,10,TRUE,FALSE,7,2,2016,201607,5,2015/2016,,,
Tasman region,TDC-10007,Kaiteriteri Beach,Beach,Enterococci,42418.70833,20,FALSE,FALSE,7,2,2016,201607,20,2015/2016,,,
Tasman region,TDC-10007,Kaiteriteri Beach,Beach,Enterococci,42419.36111,30,FALSE,FALSE,8,2,2016,201608,30,2015/2016,,,
Tasman region,TDC-10007,Kaiteriteri Beach,Beach,Enterococci,42423.46528,52,FALSE,FALSE,8,2,2016,201608,52,2015/2016,,,
Tasman region,TDC-10007,Kaiteriteri Beach,Beach,Enterococci,42430.52083,10,TRUE,FALSE,9,3,2016,201609,5,2015/2016,,,
Tasman region,TDC-10007,Kaiteriteri Beach,Beach,Enterococci,42453.49653,240,FALSE,FALSE,12,3,2016,201612,240,2015/2016,,,
Tasman region,TDC-10007,Kaiteriteri Beach,Beach,Enterococci,42696.47917,10,TRUE,FALSE,47,11,2016,201647,5,2016/2017,,,
Tasman region,TDC-10007,Kaiteriteri Beach,Beach,Enterococci,42703.50694,10,TRUE,FALSE,48,11,2016,201648,5,2016/2017,,,
Tasman region,TDC-10007,Kaiteriteri Beach,Beach,Enterococci,42710.39931,10,TRUE,FALSE,49,12,2016,201649,5,2016/2017,,,
Tasman region,TDC-10007,Kaiteriteri Beach,Beach,Enterococci,42717.39722,10,FALSE,FALSE,50,12,2016,201650,10,2016/2017,,,
Tasman region,TDC-10007,Kaiteriteri Beach,Beach,Enterococci,42719.51736,10,TRUE,FALSE,50,12,2016,201650,5,2016/2017,,,
Tasman region,TDC-10007,Kaiteriteri Beach,Beach,Enterococci,42724.39236,10,FALSE,FALSE,51,12,2016,201651,10,2016/2017,,,
Tasman region,TDC-10007,Kaiteriteri Beach,Beach,Enterococci,42726.45486,10,TRUE,FALSE,51,12,2016,201651,5,2016/2017,,,
Tasman region,TDC-10007,Kaiteriteri Beach,Beach,Enterococci,42732.27431,10,TRUE,FALSE,52,12,2016,201652,5,2016/2017,,,
Tasman region,TDC-10007,Kaiteriteri Beach,Beach,Enterococci,42739.28542,10,FALSE,FALSE,1,1,2017,201701,10,2016/2017,,,
Tasman region,TDC-10007,Kaiteriteri Beach,Beach,Enterococci,42740.51042,10,TRUE,FALSE,1,1,2017,201701,5,2016/2017,,,
Tasman region,TDC-10007,Kaiteriteri Beach,Beach,Enterococci,42745.55208,10,TRUE,FALSE,2,1,2017,201702,5,2016/2017,,,
Tasman region,TDC-10007,Kaiteriteri Beach,Beach,Enterococci,42747.52083,20,FALSE,FALSE,2,1,2017,201702,20,2016/2017,,,
Tasman region,TDC-10007,Kaiteriteri Beach,Beach,Enterococci,42752.53819,10,TRUE,FALSE,3,1,2017,201703,5,2016/2017,,,
Tasman region,TDC-10007,Kaiteriteri Beach,Beach,Enterococci,42754.52778,10,FALSE,FALSE,3,1,2017,201703,10,2016/2017,,,
Tasman region,TDC-10007,Kaiteriteri Beach,Beach,Enterococci,42759.38194,10,FALSE,FALSE,4,1,2017,201704,10,2016/2017,,,
Tasman region,TDC-10007,Kaiteriteri Beach,Beach,Enterococci,42761.5,187,FALSE,FALSE,4,1,2017,201704,187,2016/2017,,,
Tasman region,TDC-10007,Kaiteriteri Beach,Beach,Enterococci,42766.40278,10,TRUE,FALSE,5,1,2017,201705,5,2016/2017,,,
Tasman region,TDC-10007,Kaiteriteri Beach,Beach,Enterococci,42773.46458,20,FALSE,FALSE,6,2,2017,201706,20,2016/2017,,,
Tasman region,TDC-10007,Kaiteriteri Beach,Beach,Enterococci,42780.55903,52,FALSE,FALSE,7,2,2017,201707,52,2016/2017,,,
Tasman region,TDC-10007,Kaiteriteri Beach,Beach,Enterococci,42787.50694,10,TRUE,FALSE,8,2,2017,201708,5,2016/2017,,,
Tasman region,TDC-10007,Kaiteriteri Beach,Beach,Enterococci,42794.58333,10,FALSE,FALSE,9,2,2017,201709,10,2016/2017,,,
Tasman region,TDC-10007,Kaiteriteri Beach,Beach,Enterococci,42801.5625,10,TRUE,FALSE,10,3,2017,201710,5,2016/2017,,,
Tasman region,TDC-10007,Kaiteriteri Beach,Beach,Enterococci,43074.4375,10,TRUE,FALSE,49,12,2017,201749,5,2017/2018,,,
Tasman region,TDC-10007,Kaiteriteri Beach,Beach,Enterococci,43076.46042,10,TRUE,FALSE,49,12,2017,201749,5,2017/2018,,,
Tasman region,TDC-10007,Kaiteriteri Beach,Beach,Enterococci,43081.44861,10,TRUE,FALSE,50,12,2017,201750,5,2017/2018,,,
Tasman region,TDC-10007,Kaiteriteri Beach,Beach,Enterococci,43083.45486,10,TRUE,FALSE,50,12,2017,201750,5,2017/2018,,,
Tasman region,TDC-10007,Kaiteriteri Beach,Beach,Enterococci,43088.51736,10,TRUE,FALSE,51,12,2017,201751,5,2017/2018,,,
Tasman region,TDC-10007,Kaiteriteri Beach,Beach,Enterococci,43090.5,53,FALSE,FALSE,51,12,2017,201751,53,2017/2018,,,
Tasman region,TDC-10007,Kaiteriteri Beach,Beach,Enterococci,43096.28542,52,FALSE,FALSE,52,12,2017,201752,52,2017/2018,,,
Tasman region,TDC-10007,Kaiteriteri Beach,Beach,Enterococci,43103.43542,121,FALSE,FALSE,1,1,2018,201801,121,2017/2018,,,
Tasman region,TDC-10007,Kaiteriteri Beach,Beach,Enterococci,43109.53472,10,TRUE,FALSE,2,1,2018,201802,5,2017/2018,,,
Tasman region,TDC-10007,Kaiteriteri Beach,Beach,Enterococci,43111.44444,10,FALSE,FALSE,2,1,2018,201802,10,2017/2018,,,
Tasman region,TDC-10007,Kaiteriteri Beach,Beach,Enterococci,43116.46181,52,FALSE,FALSE,3,1,2018,201803,52,2017/2018,,,
Tasman region,TDC-10007,Kaiteriteri Beach,Beach,Enterococci,43118.42153,496,FALSE,FALSE,3,1,2018,201803,496,2017/2018,,,
Tasman region,TDC-10007,Kaiteriteri Beach,Beach,Enterococci,43122.34653,97,FALSE,FALSE,4,1,2018,201804,97,2017/2018,,y,
Tasman region,TDC-10007,Kaiteriteri Beach,Beach,Enterococci,43123.44653,41,FALSE,FALSE,4,1,2018,201804,41,2017/2018,,,
Tasman region,TDC-10007,Kaiteriteri Beach,Beach,Enterococci,43125.47569,10,TRUE,FALSE,4,1,2018,201804,5,2017/2018,,,
Tasman region,TDC-10007,Kaiteriteri Beach,Beach,Enterococci,43130.44861,20,FALSE,FALSE,5,1,2018,201805,20,2017/2018,,,
Tasman region,TDC-10007,Kaiteriteri Beach,Beach,Enterococci,43133.56597,10,TRUE,FALSE,5,2,2018,201805,5,2017/2018,,,
Tasman region,TDC-10007,Kaiteriteri Beach,Beach,Enterococci,43138.52639,10,TRUE,FALSE,6,2,2018,201806,5,2017/2018,,,
Tasman region,TDC-10007,Kaiteriteri Beach,Beach,Enterococci,43139.37917,30,FALSE,FALSE,6,2,2018,201806,30,2017/2018,,,
Tasman region,TDC-10007,Kaiteriteri Beach,Beach,Enterococci,43144.50694,31,FALSE,FALSE,7,2,2018,201807,31,2017/2018,,,
Tasman region,TDC-10007,Kaiteriteri Beach,Beach,Enterococci,43150.54167,305,FALSE,FALSE,8,2,2018,201808,305,2017/2018,,,
Tasman region,TDC-10007,Kaiteriteri Beach,Beach,Enterococci,43153.42361,504,FALSE,FALSE,8,2,2018,201808,504,2017/2018,,y,
Tasman region,TDC-10007,Kaiteriteri Beach,Beach,Enterococci,43154.3875,42,FALSE,FALSE,8,2,2018,201808,42,2017/2018,,Y,
Tasman region,TDC-10007,Kaiteriteri Beach,Beach,Enterococci,43155.32986,42,FALSE,FALSE,8,2,2018,201808,42,2017/2018,,,
Tasman region,TDC-10007,Kaiteriteri Beach,Beach,Enterococci,43160.40972,292,FALSE,FALSE,9,3,2018,201809,292,2017/2018,,,
Tasman region,TDC-10007,Kaiteriteri Beach,Beach,Enterococci,43164.45486,20,FALSE,FALSE,10,3,2018,201810,20,2017/2018,,y,
Tasman region,TDC-10007,Kaiteriteri Beach,Beach,Enterococci,43172.53125,10,TRUE,FALSE,11,3,2018,201811,5,2017/2018,,,
Tasman region,TDC-10010,Mapua Leisure Park Beach,Beach,Enterococci,42332.42361,10,TRUE,FALSE,47,11,2015,201547,5,2015/2016,,,
Tasman region,TDC-10010,Mapua Leisure Park Beach,Beach,Enterococci,42339.41667,10,TRUE,FALSE,48,12,2015,201548,5,2015/2016,,,
Tasman region,TDC-10010,Mapua Leisure Park Beach,Beach,Enterococci,42346.40625,10,TRUE,FALSE,49,12,2015,201549,5,2015/2016,,,
Tasman region,TDC-10010,Mapua Leisure Park Beach,Beach,Enterococci,42353.55208,10,FALSE,FALSE,50,12,2015,201550,10,2015/2016,,,
Tasman region,TDC-10010,Mapua Leisure Park Beach,Beach,Enterococci,42355.43403,10,TRUE,FALSE,51,12,2015,201551,5,2015/2016,,,
Tasman region,TDC-10010,Mapua Leisure Park Beach,Beach,Enterococci,42360.45833,10,TRUE,FALSE,51,12,2015,201551,5,2015/2016,,,
Tasman region,TDC-10010,Mapua Leisure Park Beach,Beach,Enterococci,42367.4375,10,TRUE,FALSE,52,12,2015,201552,5,2015/2016,,,
Tasman region,TDC-10010,Mapua Leisure Park Beach,Beach,Enterococci,42374.41667,10,FALSE,FALSE,1,1,2016,201601,10,2015/2016,,,
Tasman region,TDC-10010,Mapua Leisure Park Beach,Beach,Enterococci,42376.63889,10,TRUE,FALSE,1,1,2016,201601,5,2015/2016,,,
Tasman region,TDC-10010,Mapua Leisure Park Beach,Beach,Enterococci,42381.52083,10,TRUE,FALSE,2,1,2016,201602,5,2015/2016,,,
Tasman region,TDC-10010,Mapua Leisure Park Beach,Beach,Enterococci,42383.45833,10,TRUE,FALSE,2,1,2016,201602,5,2015/2016,,,
Tasman region,TDC-10010,Mapua Leisure Park Beach,Beach,Enterococci,42390.45903,10,TRUE,FALSE,3,1,2016,201603,5,2015/2016,,,
Tasman region,TDC-10010,Mapua Leisure Park Beach,Beach,Enterococci,42395.40625,10,TRUE,FALSE,4,1,2016,201604,5,2015/2016,,,
Tasman region,TDC-10010,Mapua Leisure Park Beach,Beach,Enterococci,42397.51111,10,FALSE,FALSE,4,1,2016,201604,10,2015/2016,,,
Tasman region,TDC-10010,Mapua Leisure Park Beach,Beach,Enterococci,42402.48611,10,TRUE,FALSE,5,2,2016,201605,5,2015/2016,,,
Tasman region,TDC-10010,Mapua Leisure Park Beach,Beach,Enterococci,42404.53472,10,TRUE,FALSE,5,2,2016,201605,5,2015/2016,,,
Tasman region,TDC-10010,Mapua Leisure Park Beach,Beach,Enterococci,42409.56597,10,TRUE,FALSE,6,2,2016,201606,5,2015/2016,,,
Tasman region,TDC-10010,Mapua Leisure Park Beach,Beach,Enterococci,42411.38542,10,TRUE,FALSE,6,2,2016,201606,5,2015/2016,,,
Tasman region,TDC-10010,Mapua Leisure Park Beach,Beach,Enterococci,42416.44097,10,TRUE,FALSE,7,2,2016,201607,5,2015/2016,,,
Tasman region,TDC-10010,Mapua Leisure Park Beach,Beach,Enterococci,42423.52778,20,FALSE,FALSE,8,2,2016,201608,20,2015/2016,,,
Tasman region,TDC-10010,Mapua Leisure Park Beach,Beach,Enterococci,42430.45486,10,TRUE,FALSE,9,3,2016,201609,5,2015/2016,,,
Tasman region,TDC-10010,Mapua Leisure Park Beach,Beach,Enterococci,42696.52083,10,TRUE,FALSE,47,11,2016,201647,5,2016/2017,,,
Tasman region,TDC-10010,Mapua Leisure Park Beach,Beach,Enterococci,42703.55903,10,TRUE,FALSE,48,11,2016,201648,5,2016/2017,,,
Tasman region,TDC-10010,Mapua Leisure Park Beach,Beach,Enterococci,42710.44514,10,TRUE,FALSE,49,12,2016,201649,5,2016/2017,,,
Tasman region,TDC-10010,Mapua Leisure Park Beach,Beach,Enterococci,42717.44236,10,TRUE,FALSE,50,12,2016,201650,5,2016/2017,,,
Tasman region,TDC-10010,Mapua Leisure Park Beach,Beach,Enterococci,42719.5625,10,FALSE,FALSE,50,12,2016,201650,10,2016/2017,,,
Tasman region,TDC-10010,Mapua Leisure Park Beach,Beach,Enterococci,42724.43056,10,TRUE,FALSE,51,12,2016,201651,5,2016/2017,,,
Tasman region,TDC-10010,Mapua Leisure Park Beach,Beach,Enterococci,42726.42014,10,TRUE,FALSE,51,12,2016,201651,5,2016/2017,,,
Tasman region,TDC-10010,Mapua Leisure Park Beach,Beach,Enterococci,42732.30208,30,FALSE,FALSE,52,12,2016,201652,30,2016/2017,,,
Tasman region,TDC-10010,Mapua Leisure Park Beach,Beach,Enterococci,42739.32292,10,TRUE,FALSE,1,1,2017,201701,5,2016/2017,,,
Tasman region,TDC-10010,Mapua Leisure Park Beach,Beach,Enterococci,42740.55556,10,TRUE,FALSE,1,1,2017,201701,5,2016/2017,,,
Tasman region,TDC-10010,Mapua Leisure Park Beach,Beach,Enterococci,42745.59028,10,TRUE,FALSE,2,1,2017,201702,5,2016/2017,,,
Tasman region,TDC-10010,Mapua Leisure Park Beach,Beach,Enterococci,42747.5625,20,FALSE,FALSE,2,1,2017,201702,20,2016/2017,,,
Tasman region,TDC-10010,Mapua Leisure Park Beach,Beach,Enterococci,42752.57986,10,TRUE,FALSE,3,1,2017,201703,5,2016/2017,,,
Tasman region,TDC-10010,Mapua Leisure Park Beach,Beach,Enterococci,42754.59028,10,TRUE,FALSE,3,1,2017,201703,5,2016/2017,,,
Tasman region,TDC-10010,Mapua Leisure Park Beach,Beach,Enterococci,42759.41667,20,FALSE,FALSE,4,1,2017,201704,20,2016/2017,,,
Tasman region,TDC-10010,Mapua Leisure Park Beach,Beach,Enterococci,42761.45139,20,FALSE,FALSE,4,1,2017,201704,20,2016/2017,,,
Tasman region,TDC-10010,Mapua Leisure Park Beach,Beach,Enterococci,42766.43889,10,TRUE,FALSE,5,1,2017,201705,5,2016/2017,,,
Tasman region,TDC-10010,Mapua Leisure Park Beach,Beach,Enterococci,42773.50347,10,FALSE,FALSE,6,2,2017,201706,10,2016/2017,,,
Tasman region,TDC-10010,Mapua Leisure Park Beach,Beach,Enterococci,42780.61458,10,FALSE,FALSE,7,2,2017,201707,10,2016/2017,,,
Tasman region,TDC-10010,Mapua Leisure Park Beach,Beach,Enterococci,42787.55069,10,TRUE,FALSE,8,2,2017,201708,5,2016/2017,,,
Tasman region,TDC-10010,Mapua Leisure Park Beach,Beach,Enterococci,42794.52083,10,TRUE,FALSE,9,2,2017,201709,5,2016/2017,,,
Tasman region,TDC-10010,Mapua Leisure Park Beach,Beach,Enterococci,42801.60417,10,TRUE,FALSE,10,3,2017,201710,5,2016/2017,,,
Tasman region,TDC-10010,Mapua Leisure Park Beach,Beach,Enterococci,43074.57292,10,TRUE,FALSE,49,12,2017,201749,5,2017/2018,,,
Tasman region,TDC-10010,Mapua Leisure Park Beach,Beach,Enterococci,43076.53194,148,FALSE,FALSE,49,12,2017,201749,148,2017/2018,,,
Tasman region,TDC-10010,Mapua Leisure Park Beach,Beach,Enterococci,43080.47222,10,TRUE,FALSE,50,12,2017,201750,5,2017/2018,,Y,
Tasman region,TDC-10010,Mapua Leisure Park Beach,Beach,Enterococci,43081.51875,10,TRUE,FALSE,50,12,2017,201750,5,2017/2018,,,
Tasman region,TDC-10010,Mapua Leisure Park Beach,Beach,Enterococci,43083.41528,10,TRUE,FALSE,50,12,2017,201750,5,2017/2018,,,
Tasman region,TDC-10010,Mapua Leisure Park Beach,Beach,Enterococci,43088.63889,10,TRUE,FALSE,51,12,2017,201751,5,2017/2018,,,
Tasman region,TDC-10010,Mapua Leisure Park Beach,Beach,Enterococci,43090.57639,10,TRUE,FALSE,51,12,2017,201751,5,2017/2018,,,
Tasman region,TDC-10010,Mapua Leisure Park Beach,Beach,Enterococci,43096.31389,97,FALSE,FALSE,52,12,2017,201752,97,2017/2018,,,
Tasman region,TDC-10010,Mapua Leisure Park Beach,Beach,Enterococci,43103.4875,52,FALSE,FALSE,1,1,2018,201801,52,2017/2018,,,
Tasman region,TDC-10010,Mapua Leisure Park Beach,Beach,Enterococci,43109.4375,10,TRUE,FALSE,2,1,2018,201802,5,2017/2018,,,
Tasman region,TDC-10010,Mapua Leisure Park Beach,Beach,Enterococci,43111.47917,5480,FALSE,FALSE,2,1,2018,201802,5480,2017/2018,,,
Tasman region,TDC-10010,Mapua Leisure Park Beach,Beach,Enterococci,43115.44028,10,FALSE,FALSE,3,1,2018,201803,10,2017/2018,,y,
Tasman region,TDC-10010,Mapua Leisure Park Beach,Beach,Enterococci,43116.36806,63,FALSE,FALSE,3,1,2018,201803,63,2017/2018,,,
Tasman region,TDC-10010,Mapua Leisure Park Beach,Beach,Enterococci,43118.49792,1236,FALSE,FALSE,3,1,2018,201803,1236,2017/2018,,,
Tasman region,TDC-10010,Mapua Leisure Park Beach,Beach,Enterococci,43122.38542,31,FALSE,FALSE,4,1,2018,201804,31,2017/2018,,y,
Tasman region,TDC-10010,Mapua Leisure Park Beach,Beach,Enterococci,43123.52431,10,FALSE,FALSE,4,1,2018,201804,10,2017/2018,,,
Tasman region,TDC-10010,Mapua Leisure Park Beach,Beach,Enterococci,43125.38611,10,TRUE,FALSE,4,1,2018,201804,5,2017/2018,,,
Tasman region,TDC-10010,Mapua Leisure Park Beach,Beach,Enterococci,43130.50347,10,TRUE,FALSE,5,1,2018,201805,5,2017/2018,,,
Tasman region,TDC-10010,Mapua Leisure Park Beach,Beach,Enterococci,43133.50417,31,FALSE,FALSE,5,2,2018,201805,31,2017/2018,,,
Tasman region,TDC-10010,Mapua Leisure Park Beach,Beach,Enterococci,43138.42361,20,FALSE,FALSE,6,2,2018,201806,20,2017/2018,,,
Tasman region,TDC-10010,Mapua Leisure Park Beach,Beach,Enterococci,43139.42778,10,TRUE,FALSE,6,2,2018,201806,5,2017/2018,,,
Tasman region,TDC-10010,Mapua Leisure Park Beach,Beach,Enterococci,43144.57292,240,FALSE,FALSE,7,2,2018,201807,240,2017/2018,,,
Tasman region,TDC-10010,Mapua Leisure Park Beach,Beach,Enterococci,43146.57222,63,FALSE,FALSE,7,2,2018,201807,63,2017/2018,,,
Tasman region,TDC-10010,Mapua Leisure Park Beach,Beach,Enterococci,43150.59722,20,FALSE,FALSE,8,2,2018,201808,20,2017/2018,,,
Tasman region,TDC-10010,Mapua Leisure Park Beach,Beach,Enterococci,43160.5,31,FALSE,FALSE,9,3,2018,201809,31,2017/2018,,,
Tasman region,TDC-10010,Mapua Leisure Park Beach,Beach,Enterococci,43172.59028,3280,FALSE,FALSE,11,3,2018,201811,3280,2017/2018,,,
Tasman region,TDC-10010,Mapua Leisure Park Beach,Beach,Enterococci,43175.33333,10,TRUE,FALSE,11,3,2018,201811,5,2017/2018,,y,
Tasman region,TDC-10013,Pohara Beach at Camp E,Beach,Enterococci,42325.53472,10,TRUE,FALSE,46,11,2015,201546,5,2015/2016,,,
Tasman region,TDC-10013,Pohara Beach at Camp E,Beach,Enterococci,42332.40972,20,FALSE,FALSE,47,11,2015,201547,20,2015/2016,,,
Tasman region,TDC-10013,Pohara Beach at Camp E,Beach,Enterococci,42339.51042,84,FALSE,FALSE,48,12,2015,201548,84,2015/2016,,,
Tasman region,TDC-10013,Pohara Beach at Camp E,Beach,Enterococci,42346.375,10,TRUE,FALSE,49,12,2015,201549,5,2015/2016,,,
Tasman region,TDC-10013,Pohara Beach at Camp E,Beach,Enterococci,42353.54167,31,FALSE,FALSE,50,12,2015,201550,31,2015/2016,,,
Tasman region,TDC-10013,Pohara Beach at Camp E,Beach,Enterococci,42355.54167,10,TRUE,FALSE,51,12,2015,201551,5,2015/2016,,,
Tasman region,TDC-10013,Pohara Beach at Camp E,Beach,Enterococci,42360.35764,10,TRUE,FALSE,51,12,2015,201551,5,2015/2016,,,
Tasman region,TDC-10013,Pohara Beach at Camp E,Beach,Enterococci,42367.46875,10,TRUE,FALSE,52,12,2015,201552,5,2015/2016,,,
Tasman region,TDC-10013,Pohara Beach at Camp E,Beach,Enterococci,42374.34167,10,TRUE,FALSE,1,1,2016,201601,5,2015/2016,,,
Tasman region,TDC-10013,Pohara Beach at Camp E,Beach,Enterococci,42376.37361,10,TRUE,FALSE,1,1,2016,201601,5,2015/2016,,,
Tasman region,TDC-10013,Pohara Beach at Camp E,Beach,Enterococci,42381.47569,85,FALSE,FALSE,2,1,2016,201602,85,2015/2016,,,
Tasman region,TDC-10013,Pohara Beach at Camp E,Beach,Enterococci,42383.51736,10,TRUE,FALSE,2,1,2016,201602,5,2015/2016,,,
Tasman region,TDC-10013,Pohara Beach at Camp E,Beach,Enterococci,42390.38889,10,TRUE,FALSE,3,1,2016,201603,5,2015/2016,,,
Tasman region,TDC-10013,Pohara Beach at Camp E,Beach,Enterococci,42395.44792,30,FALSE,FALSE,4,1,2016,201604,30,2015/2016,,,
Tasman region,TDC-10013,Pohara Beach at Camp E,Beach,Enterococci,42397.46528,231,FALSE,FALSE,4,1,2016,201604,231,2015/2016,,,
Tasman region,TDC-10013,Pohara Beach at Camp E,Beach,Enterococci,42402.55903,10,FALSE,FALSE,5,2,2016,201605,10,2015/2016,,,
Tasman region,TDC-10013,Pohara Beach at Camp E,Beach,Enterococci,42409.48264,122,FALSE,FALSE,6,2,2016,201606,122,2015/2016,,,
Tasman region,TDC-10013,Pohara Beach at Camp E,Beach,Enterococci,42416.55208,74,FALSE,FALSE,7,2,2016,201607,74,2015/2016,,,
Tasman region,TDC-10013,Pohara Beach at Camp E,Beach,Enterococci,42423.41667,2490,FALSE,FALSE,8,2,2016,201608,2490,2015/2016,,,
Tasman region,TDC-10013,Pohara Beach at Camp E,Beach,Enterococci,42430.55556,10,TRUE,FALSE,9,3,2016,201609,5,2015/2016,,,
Tasman region,TDC-10013,Pohara Beach at Camp E,Beach,Enterococci,42696.30208,10,TRUE,FALSE,47,11,2016,201647,5,2016/2017,,,
Tasman region,TDC-10013,Pohara Beach at Camp E,Beach,Enterococci,42703.44444,10,TRUE,FALSE,48,11,2016,201648,5,2016/2017,,,
Tasman region,TDC-10013,Pohara Beach at Camp E,Beach,Enterococci,42710.44444,10,TRUE,FALSE,49,12,2016,201649,5,2016/2017,,,
Tasman region,TDC-10013,Pohara Beach at Camp E,Beach,Enterococci,42717.45833,41,FALSE,FALSE,50,12,2016,201650,41,2016/2017,,,
Tasman region,TDC-10013,Pohara Beach at Camp E,Beach,Enterococci,42719.53125,379,FALSE,FALSE,50,12,2016,201650,379,2016/2017,,,
Tasman region,TDC-10013,Pohara Beach at Camp E,Beach,Enterococci,42724.48958,10,TRUE,FALSE,51,12,2016,201651,5,2016/2017,,,
Tasman region,TDC-10013,Pohara Beach at Camp E,Beach,Enterococci,42726.41667,63,FALSE,FALSE,51,12,2016,201651,63,2016/2017,,,
Tasman region,TDC-10013,Pohara Beach at Camp E,Beach,Enterococci,42732.42014,52,FALSE,FALSE,52,12,2016,201652,52,2016/2017,,,
Tasman region,TDC-10013,Pohara Beach at Camp E,Beach,Enterococci,42739.50347,10,TRUE,FALSE,1,1,2017,201701,5,2016/2017,,,
Tasman region,TDC-10013,Pohara Beach at Camp E,Beach,Enterococci,42740.53819,10,TRUE,FALSE,1,1,2017,201701,5,2016/2017,,,
Tasman region,TDC-10013,Pohara Beach at Camp E,Beach,Enterococci,42745.45139,10,TRUE,FALSE,2,1,2017,201702,5,2016/2017,,,
Tasman region,TDC-10013,Pohara Beach at Camp E,Beach,Enterococci,42747.48958,243,FALSE,FALSE,2,1,2017,201702,243,2016/2017,,,
Tasman region,TDC-10013,Pohara Beach at Camp E,Beach,Enterococci,42752.53125,10,TRUE,FALSE,3,1,2017,201703,5,2016/2017,,,
Tasman region,TDC-10013,Pohara Beach at Camp E,Beach,Enterococci,42754.53819,10,TRUE,FALSE,3,1,2017,201703,5,2016/2017,,,
Tasman region,TDC-10013,Pohara Beach at Camp E,Beach,Enterococci,42759.40972,20,FALSE,FALSE,4,1,2017,201704,20,2016/2017,,,
Tasman region,TDC-10013,Pohara Beach at Camp E,Beach,Enterococci,42761.48264,10,FALSE,FALSE,4,1,2017,201704,10,2016/2017,,,
Tasman region,TDC-10013,Pohara Beach at Camp E,Beach,Enterococci,42766.52083,1043,FALSE,FALSE,5,1,2017,201705,1043,2016/2017,,,
Tasman region,TDC-10013,Pohara Beach at Camp E,Beach,Enterococci,42768.58333,122,FALSE,FALSE,5,2,2017,201705,122,2016/2017,,y,
Tasman region,TDC-10013,Pohara Beach at Camp E,Beach,Enterococci,42773.57639,10,TRUE,FALSE,6,2,2017,201706,5,2016/2017,,,
Tasman region,TDC-10013,Pohara Beach at Camp E,Beach,Enterococci,42780.51736,1119,FALSE,FALSE,7,2,2017,201707,1119,2016/2017,,,
Tasman region,TDC-10013,Pohara Beach at Camp E,Beach,Enterococci,42783.51042,10,TRUE,FALSE,7,2,2017,201707,5,2016/2017,,y,
Tasman region,TDC-10013,Pohara Beach at Camp E,Beach,Enterococci,42787.33681,20,FALSE,FALSE,8,2,2017,201708,20,2016/2017,,,
Tasman region,TDC-10013,Pohara Beach at Camp E,Beach,Enterococci,42794.54861,10,TRUE,FALSE,9,2,2017,201709,5,2016/2017,,,
Tasman region,TDC-10013,Pohara Beach at Camp E,Beach,Enterococci,42801.35417,10,TRUE,FALSE,10,3,2017,201710,5,2016/2017,,,
Tasman region,TDC-10013,Pohara Beach at Camp E,Beach,Enterococci,43067.32986,10,TRUE,FALSE,48,11,2017,201748,5,2017/2018,,,
Tasman region,TDC-10013,Pohara Beach at Camp E,Beach,Enterococci,43074.48958,63,FALSE,FALSE,49,12,2017,201749,63,2017/2018,,,
Tasman region,TDC-10013,Pohara Beach at Camp E,Beach,Enterococci,43081.33333,10,FALSE,FALSE,50,12,2017,201750,10,2017/2018,,,
Tasman region,TDC-10013,Pohara Beach at Camp E,Beach,Enterococci,43083.36806,10,TRUE,FALSE,50,12,2017,201750,5,2017/2018,,,
Tasman region,TDC-10013,Pohara Beach at Camp E,Beach,Enterococci,43088.47222,20,FALSE,FALSE,51,12,2017,201751,20,2017/2018,,,
Tasman region,TDC-10013,Pohara Beach at Camp E,Beach,Enterococci,43090.58681,10,FALSE,FALSE,51,12,2017,201751,10,2017/2018,,,
Tasman region,TDC-10013,Pohara Beach at Camp E,Beach,Enterococci,43096.55903,31,FALSE,FALSE,52,12,2017,201752,31,2017/2018,,,
Tasman region,TDC-10013,Pohara Beach at Camp E,Beach,Enterococci,43104.51042,20,FALSE,FALSE,1,1,2018,201801,20,2017/2018,,,
Tasman region,TDC-10013,Pohara Beach at Camp E,Beach,Enterococci,43109.5,10,TRUE,FALSE,2,1,2018,201802,5,2017/2018,,,
Tasman region,TDC-10013,Pohara Beach at Camp E,Beach,Enterococci,43111.36806,31,FALSE,FALSE,2,1,2018,201802,31,2017/2018,,,
Tasman region,TDC-10013,Pohara Beach at Camp E,Beach,Enterococci,43116.42361,63,FALSE,FALSE,3,1,2018,201803,63,2017/2018,,,
Tasman region,TDC-10013,Pohara Beach at Camp E,Beach,Enterococci,43118.45486,8660,FALSE,FALSE,3,1,2018,201803,8660,2017/2018,,,
Tasman region,TDC-10013,Pohara Beach at Camp E,Beach,Enterococci,43123.38194,10,TRUE,FALSE,4,1,2018,201804,5,2017/2018,,,
Tasman region,TDC-10013,Pohara Beach at Camp E,Beach,Enterococci,43125.52083,10,FALSE,FALSE,4,1,2018,201804,10,2017/2018,,,
Tasman region,TDC-10013,Pohara Beach at Camp E,Beach,Enterococci,43130.35764,10,TRUE,FALSE,5,1,2018,201805,5,2017/2018,,,
Tasman region,TDC-10013,Pohara Beach at Camp E,Beach,Enterococci,43138.29167,10,FALSE,FALSE,6,2,2018,201806,10,2017/2018,,,
Tasman region,TDC-10013,Pohara Beach at Camp E,Beach,Enterococci,43144.41319,31,FALSE,FALSE,7,2,2018,201807,31,2017/2018,,,
Tasman region,TDC-10013,Pohara Beach at Camp E,Beach,Enterococci,43146.42708,278,FALSE,FALSE,7,2,2018,201807,278,2017/2018,,,
Tasman region,TDC-10013,Pohara Beach at Camp E,Beach,Enterococci,43174.38194,10,FALSE,FALSE,11,3,2018,201811,10,2017/2018,,,
Tasman region,TDC-10013,Pohara Beach at Camp E,Beach,Enterococci,43186.34722,41,FALSE,FALSE,13,3,2018,201813,41,2017/2018,,,
Tasman region,TDC-10015,Rabbit Island at Main Beach,Beach,Enterococci,42332.40972,10,TRUE,FALSE,47,11,2015,201547,5,2015/2016,,,
Tasman region,TDC-10015,Rabbit Island at Main Beach,Beach,Enterococci,42339.39583,10,TRUE,FALSE,48,12,2015,201548,5,2015/2016,,,
Tasman region,TDC-10015,Rabbit Island at Main Beach,Beach,Enterococci,42346.38889,10,TRUE,FALSE,49,12,2015,201549,5,2015/2016,,,
Tasman region,TDC-10015,Rabbit Island at Main Beach,Beach,Enterococci,42353.57292,20,FALSE,FALSE,50,12,2015,201550,20,2015/2016,,,
Tasman region,TDC-10015,Rabbit Island at Main Beach,Beach,Enterococci,42355.41667,10,FALSE,FALSE,51,12,2015,201551,10,2015/2016,,,
Tasman region,TDC-10015,Rabbit Island at Main Beach,Beach,Enterococci,42360.57639,10,TRUE,FALSE,51,12,2015,201551,5,2015/2016,,,
Tasman region,TDC-10015,Rabbit Island at Main Beach,Beach,Enterococci,42367.42014,10,TRUE,FALSE,52,12,2015,201552,5,2015/2016,,,
Tasman region,TDC-10015,Rabbit Island at Main Beach,Beach,Enterococci,42374.39583,10,TRUE,FALSE,1,1,2016,201601,5,2015/2016,,,
Tasman region,TDC-10015,Rabbit Island at Main Beach,Beach,Enterococci,42376.66319,10,TRUE,FALSE,1,1,2016,201601,5,2015/2016,,,
Tasman region,TDC-10015,Rabbit Island at Main Beach,Beach,Enterococci,42381.54514,10,TRUE,FALSE,2,1,2016,201602,5,2015/2016,,,
Tasman region,TDC-10015,Rabbit Island at Main Beach,Beach,Enterococci,42383.43403,10,TRUE,FALSE,2,1,2016,201602,5,2015/2016,,,
Tasman region,TDC-10015,Rabbit Island at Main Beach,Beach,Enterococci,42390.49306,10,TRUE,FALSE,3,1,2016,201603,5,2015/2016,,,
Tasman region,TDC-10015,Rabbit Island at Main Beach,Beach,Enterococci,42395.38889,10,TRUE,FALSE,4,1,2016,201604,5,2015/2016,,,
Tasman region,TDC-10015,Rabbit Island at Main Beach,Beach,Enterococci,42397.53611,10,TRUE,FALSE,4,1,2016,201604,5,2015/2016,,,
Tasman region,TDC-10015,Rabbit Island at Main Beach,Beach,Enterococci,42402.4375,10,TRUE,FALSE,5,2,2016,201605,5,2015/2016,,,
Tasman region,TDC-10015,Rabbit Island at Main Beach,Beach,Enterococci,42404.55903,10,TRUE,FALSE,5,2,2016,201605,5,2015/2016,,,
Tasman region,TDC-10015,Rabbit Island at Main Beach,Beach,Enterococci,42409.58819,10,FALSE,FALSE,6,2,2016,201606,10,2015/2016,,,
Tasman region,TDC-10015,Rabbit Island at Main Beach,Beach,Enterococci,42411.36806,10,TRUE,FALSE,6,2,2016,201606,5,2015/2016,,,
Tasman region,TDC-10015,Rabbit Island at Main Beach,Beach,Enterococci,42416.42361,10,TRUE,FALSE,7,2,2016,201607,5,2015/2016,,,
Tasman region,TDC-10015,Rabbit Island at Main Beach,Beach,Enterococci,42423.54861,31,FALSE,FALSE,8,2,2016,201608,31,2015/2016,,,
Tasman region,TDC-10015,Rabbit Island at Main Beach,Beach,Enterococci,42430.43403,10,FALSE,FALSE,9,3,2016,201609,10,2015/2016,,,
Tasman region,TDC-10015,Rabbit Island at Main Beach,Beach,Enterococci,42696.4375,10,TRUE,FALSE,47,11,2016,201647,5,2016/2017,,,
Tasman region,TDC-10015,Rabbit Island at Main Beach,Beach,Enterococci,42703.59375,10,TRUE,FALSE,48,11,2016,201648,5,2016/2017,,,
Tasman region,TDC-10015,Rabbit Island at Main Beach,Beach,Enterococci,42710.46736,10,TRUE,FALSE,49,12,2016,201649,5,2016/2017,,,
Tasman region,TDC-10015,Rabbit Island at Main Beach,Beach,Enterococci,42717.48681,10,TRUE,FALSE,50,12,2016,201650,5,2016/2017,,,
Tasman region,TDC-10015,Rabbit Island at Main Beach,Beach,Enterococci,42719.44444,158,FALSE,FALSE,50,12,2016,201650,158,2016/2017,,,
Tasman region,TDC-10015,Rabbit Island at Main Beach,Beach,Enterococci,42724.44931,10,TRUE,FALSE,51,12,2016,201651,5,2016/2017,,,
Tasman region,TDC-10015,Rabbit Island at Main Beach,Beach,Enterococci,42726.39583,10,TRUE,FALSE,51,12,2016,201651,5,2016/2017,,,
Tasman region,TDC-10015,Rabbit Island at Main Beach,Beach,Enterococci,42732.32292,10,FALSE,FALSE,52,12,2016,201652,10,2016/2017,,,
Tasman region,TDC-10015,Rabbit Island at Main Beach,Beach,Enterococci,42739.33958,10,TRUE,FALSE,1,1,2017,201701,5,2016/2017,,,
Tasman region,TDC-10015,Rabbit Island at Main Beach,Beach,Enterococci,42740.58333,10,TRUE,FALSE,1,1,2017,201701,5,2016/2017,,,
Tasman region,TDC-10015,Rabbit Island at Main Beach,Beach,Enterococci,42745.63542,10,TRUE,FALSE,2,1,2017,201702,5,2016/2017,,,
Tasman region,TDC-10015,Rabbit Island at Main Beach,Beach,Enterococci,42747.44792,10,FALSE,FALSE,2,1,2017,201702,10,2016/2017,,,
Tasman region,TDC-10015,Rabbit Island at Main Beach,Beach,Enterococci,42752.59722,10,TRUE,FALSE,3,1,2017,201703,5,2016/2017,,,
Tasman region,TDC-10015,Rabbit Island at Main Beach,Beach,Enterococci,42754.60417,10,TRUE,FALSE,3,1,2017,201703,5,2016/2017,,,
Tasman region,TDC-10015,Rabbit Island at Main Beach,Beach,Enterococci,42759.4375,10,TRUE,FALSE,4,1,2017,201704,5,2016/2017,,,
Tasman region,TDC-10015,Rabbit Island at Main Beach,Beach,Enterococci,42761.40972,20,FALSE,FALSE,4,1,2017,201704,20,2016/2017,,,
Tasman region,TDC-10015,Rabbit Island at Main Beach,Beach,Enterococci,42766.45625,10,TRUE,FALSE,5,1,2017,201705,5,2016/2017,,,
Tasman region,TDC-10015,Rabbit Island at Main Beach,Beach,Enterococci,42773.52222,10,TRUE,FALSE,6,2,2017,201706,5,2016/2017,,,
Tasman region,TDC-10015,Rabbit Island at Main Beach,Beach,Enterococci,42780.63889,10,TRUE,FALSE,7,2,2017,201707,5,2016/2017,,,
Tasman region,TDC-10015,Rabbit Island at Main Beach,Beach,Enterococci,42787.56597,10,TRUE,FALSE,8,2,2017,201708,5,2016/2017,,,
Tasman region,TDC-10015,Rabbit Island at Main Beach,Beach,Enterococci,42794.50347,10,FALSE,FALSE,9,2,2017,201709,10,2016/2017,,,
Tasman region,TDC-10015,Rabbit Island at Main Beach,Beach,Enterococci,42801.63542,10,TRUE,FALSE,10,3,2017,201710,5,2016/2017,,,
Tasman region,TDC-10015,Rabbit Island at Main Beach,Beach,Enterococci,43074.6,10,TRUE,FALSE,49,12,2017,201749,5,2017/2018,,,
Tasman region,TDC-10015,Rabbit Island at Main Beach,Beach,Enterococci,43076.55208,10,TRUE,FALSE,49,12,2017,201749,5,2017/2018,,,
Tasman region,TDC-10015,Rabbit Island at Main Beach,Beach,Enterococci,43081.53611,10,TRUE,FALSE,50,12,2017,201750,5,2017/2018,,,
Tasman region,TDC-10015,Rabbit Island at Main Beach,Beach,Enterococci,43083.38889,10,TRUE,FALSE,50,12,2017,201750,5,2017/2018,,,
Tasman region,TDC-10015,Rabbit Island at Main Beach,Beach,Enterococci,43088.44097,41,FALSE,FALSE,51,12,2017,201751,41,2017/2018,,,
Tasman region,TDC-10015,Rabbit Island at Main Beach,Beach,Enterococci,43090.60417,10,TRUE,FALSE,51,12,2017,201751,5,2017/2018,,,
Tasman region,TDC-10015,Rabbit Island at Main Beach,Beach,Enterococci,43096.33194,10,TRUE,FALSE,52,12,2017,201752,5,2017/2018,,,
Tasman region,TDC-10015,Rabbit Island at Main Beach,Beach,Enterococci,43103.51458,20,FALSE,FALSE,1,1,2018,201801,20,2017/2018,,,
Tasman region,TDC-10015,Rabbit Island at Main Beach,Beach,Enterococci,43109.41667,10,TRUE,FALSE,2,1,2018,201802,5,2017/2018,,,
Tasman region,TDC-10015,Rabbit Island at Main Beach,Beach,Enterococci,43111.5,10,TRUE,FALSE,2,1,2018,201802,5,2017/2018,,,
Tasman region,TDC-10015,Rabbit Island at Main Beach,Beach,Enterococci,43116.31736,10,TRUE,FALSE,3,1,2018,201803,5,2017/2018,,,
Tasman region,TDC-10015,Rabbit Island at Main Beach,Beach,Enterococci,43118.53472,1153,FALSE,FALSE,3,1,2018,201803,1153,2017/2018,,,
Tasman region,TDC-10015,Rabbit Island at Main Beach,Beach,Enterococci,43122.40764,63,FALSE,FALSE,4,1,2018,201804,63,2017/2018,,y,
Tasman region,TDC-10015,Rabbit Island at Main Beach,Beach,Enterococci,43123.54306,10,TRUE,FALSE,4,1,2018,201804,5,2017/2018,,,
Tasman region,TDC-10015,Rabbit Island at Main Beach,Beach,Enterococci,43125.36389,40,FALSE,FALSE,4,1,2018,201804,40,2017/2018,,,
Tasman region,TDC-10015,Rabbit Island at Main Beach,Beach,Enterococci,43130.52292,10,TRUE,FALSE,5,1,2018,201805,5,2017/2018,,,
Tasman region,TDC-10015,Rabbit Island at Main Beach,Beach,Enterococci,43133.46736,97,FALSE,FALSE,5,2,2018,201805,97,2017/2018,,,
Tasman region,TDC-10015,Rabbit Island at Main Beach,Beach,Enterococci,43138.60417,10,TRUE,FALSE,6,2,2018,201806,5,2017/2018,,,
Tasman region,TDC-10015,Rabbit Island at Main Beach,Beach,Enterococci,43139.45486,10,TRUE,FALSE,6,2,2018,201806,5,2017/2018,,,
Tasman region,TDC-10015,Rabbit Island at Main Beach,Beach,Enterococci,43144.60069,20,FALSE,FALSE,7,2,2018,201807,20,2017/2018,,,
Tasman region,TDC-10015,Rabbit Island at Main Beach,Beach,Enterococci,43150.61806,10,FALSE,FALSE,8,2,2018,201808,10,2017/2018,,,
Tasman region,TDC-10015,Rabbit Island at Main Beach,Beach,Enterococci,43160.51806,20,FALSE,FALSE,9,3,2018,201809,20,2017/2018,,,
Tasman region,TDC-10015,Rabbit Island at Main Beach,Beach,Enterococci,43172.61458,10,FALSE,FALSE,11,3,2018,201811,10,2017/2018,,,
Tasman region,TDC-10003,Lee River at Reserve,Site,E-coli,42332.35417,7,FALSE,FALSE,47,11,2015,201547,7,2015/2016,,,
Tasman region,TDC-10003,Lee River at Reserve,Site,E-coli,42339.34375,36,FALSE,FALSE,48,12,2015,201548,36,2015/2016,,,
Tasman region,TDC-10003,Lee River at Reserve,Site,E-coli,42346.35069,11,FALSE,FALSE,49,12,2015,201549,11,2015/2016,,,
Tasman region,TDC-10003,Lee River at Reserve,Site,E-coli,42353.60417,17,FALSE,FALSE,50,12,2015,201550,17,2015/2016,,,
Tasman region,TDC-10003,Lee River at Reserve,Site,E-coli,42355.35764,205,FALSE,FALSE,51,12,2015,201551,205,2015/2016,,,
Tasman region,TDC-10003,Lee River at Reserve,Site,E-coli,42360.39583,20,FALSE,FALSE,51,12,2015,201551,20,2015/2016,,,
Tasman region,TDC-10003,Lee River at Reserve,Site,E-coli,42367.35417,23,FALSE,FALSE,52,12,2015,201552,23,2015/2016,,,
Tasman region,TDC-10003,Lee River at Reserve,Site,E-coli,42374.34375,125,FALSE,FALSE,1,1,2016,201601,125,2015/2016,,,
Tasman region,TDC-10003,Lee River at Reserve,Site,E-coli,42376.49306,44,FALSE,FALSE,1,1,2016,201601,44,2015/2016,,,
Tasman region,TDC-10003,Lee River at Reserve,Site,E-coli,42381.34722,47,FALSE,FALSE,2,1,2016,201602,47,2015/2016,,,
Tasman region,TDC-10003,Lee River at Reserve,Site,E-coli,42383.59722,10,FALSE,FALSE,2,1,2016,201602,10,2015/2016,,,
Tasman region,TDC-10003,Lee River at Reserve,Site,E-coli,42390.55208,59,FALSE,FALSE,3,1,2016,201603,59,2015/2016,,,
Tasman region,TDC-10003,Lee River at Reserve,Site,E-coli,42395.32986,37,FALSE,FALSE,4,1,2016,201604,37,2015/2016,,,
Tasman region,TDC-10003,Lee River at Reserve,Site,E-coli,42397.58472,67,FALSE,FALSE,4,1,2016,201604,67,2015/2016,,,
Tasman region,TDC-10003,Lee River at Reserve,Site,E-coli,42402.38542,9,FALSE,FALSE,5,2,2016,201605,9,2015/2016,,,
Tasman region,TDC-10003,Lee River at Reserve,Site,E-coli,42404.35417,16,FALSE,FALSE,5,2,2016,201605,16,2015/2016,,,
Tasman region,TDC-10003,Lee River at Reserve,Site,E-coli,42409.375,9,FALSE,FALSE,6,2,2016,201606,9,2015/2016,,,
Tasman region,TDC-10003,Lee River at Reserve,Site,E-coli,42411.33333,10,FALSE,FALSE,6,2,2016,201606,10,2015/2016,,,
Tasman region,TDC-10003,Lee River at Reserve,Site,E-coli,42416.34375,9,FALSE,FALSE,7,2,2016,201607,9,2015/2016,,,
Tasman region,TDC-10003,Lee River at Reserve,Site,E-coli,42423.35069,114,FALSE,FALSE,8,2,2016,201608,114,2015/2016,,,
Tasman region,TDC-10003,Lee River at Reserve,Site,E-coli,42430.37153,30,FALSE,FALSE,9,3,2016,201609,30,2015/2016,,,
Tasman region,TDC-10003,Lee River at Reserve,Site,E-coli,42696.38889,6,FALSE,FALSE,47,11,2016,201647,6,2016/2017,,,
Tasman region,TDC-10003,Lee River at Reserve,Site,E-coli,42703.44097,7,FALSE,FALSE,48,11,2016,201648,7,2016/2017,,,
Tasman region,TDC-10003,Lee River at Reserve,Site,E-coli,42710.33403,37,FALSE,FALSE,49,12,2016,201649,37,2016/2017,,,
Tasman region,TDC-10003,Lee River at Reserve,Site,E-coli,42717.33125,16,FALSE,FALSE,50,12,2016,201650,16,2016/2017,,,
Tasman region,TDC-10003,Lee River at Reserve,Site,E-coli,42719.39236,36,FALSE,FALSE,50,12,2016,201650,36,2016/2017,,,
Tasman region,TDC-10003,Lee River at Reserve,Site,E-coli,42724.32986,39,FALSE,FALSE,51,12,2016,201651,39,2016/2017,,,
Tasman region,TDC-10003,Lee River at Reserve,Site,E-coli,42726.36806,78,FALSE,FALSE,51,12,2016,201651,78,2016/2017,,,
Tasman region,TDC-10003,Lee River at Reserve,Site,E-coli,42732.37917,39,FALSE,FALSE,52,12,2016,201652,39,2016/2017,,,
Tasman region,TDC-10003,Lee River at Reserve,Site,E-coli,42739.41319,31,FALSE,FALSE,1,1,2017,201701,31,2016/2017,,,
Tasman region,TDC-10003,Lee River at Reserve,Site,E-coli,42740.42014,30,FALSE,FALSE,1,1,2017,201701,30,2016/2017,,,
Tasman region,TDC-10003,Lee River at Reserve,Site,E-coli,42745.46528,27,FALSE,FALSE,2,1,2017,201702,27,2016/2017,,,
Tasman region,TDC-10003,Lee River at Reserve,Site,E-coli,42747.35417,28,FALSE,FALSE,2,1,2017,201702,28,2016/2017,,,
Tasman region,TDC-10003,Lee River at Reserve,Site,E-coli,42752.42708,24,FALSE,FALSE,3,1,2017,201703,24,2016/2017,,,
Tasman region,TDC-10003,Lee River at Reserve,Site,E-coli,42754.44097,1300,FALSE,FALSE,3,1,2017,201703,1300,2016/2017,,,
Tasman region,TDC-10003,Lee River at Reserve,Site,E-coli,42759.32153,69,FALSE,FALSE,4,1,2017,201704,69,2016/2017,,,
Tasman region,TDC-10003,Lee River at Reserve,Site,E-coli,42761.5625,30,FALSE,FALSE,4,1,2017,201704,30,2016/2017,,,
Tasman region,TDC-10003,Lee River at Reserve,Site,E-coli,42766.36181,25,FALSE,FALSE,5,1,2017,201705,25,2016/2017,,,
Tasman region,TDC-10003,Lee River at Reserve,Site,E-coli,42773.33403,23,FALSE,FALSE,6,2,2017,201706,23,2016/2017,,,
Tasman region,TDC-10003,Lee River at Reserve,Site,E-coli,42780.40625,31,FALSE,FALSE,7,2,2017,201707,31,2016/2017,,,
Tasman region,TDC-10003,Lee River at Reserve,Site,E-coli,42787.38889,12,FALSE,FALSE,8,2,2017,201708,12,2016/2017,,,
Tasman region,TDC-10003,Lee River at Reserve,Site,E-coli,42794.46181,19,FALSE,FALSE,9,2,2017,201709,19,2016/2017,,,
Tasman region,TDC-10003,Lee River at Reserve,Site,E-coli,42801.47917,25,FALSE,FALSE,10,3,2017,201710,25,2016/2017,,,
Tasman region,TDC-10003,Lee River at Reserve,Site,E-coli,43074.34375,14,FALSE,FALSE,49,12,2017,201749,14,2017/2018,,,
Tasman region,TDC-10003,Lee River at Reserve,Site,E-coli,43076.32778,37,FALSE,FALSE,49,12,2017,201749,37,2017/2018,,,
Tasman region,TDC-10003,Lee River at Reserve,Site,E-coli,43081.32014,29,FALSE,FALSE,50,12,2017,201750,29,2017/2018,,,
Tasman region,TDC-10003,Lee River at Reserve,Site,E-coli,43083.3125,33,FALSE,FALSE,50,12,2017,201750,33,2017/2018,,,
Tasman region,TDC-10003,Lee River at Reserve,Site,E-coli,43088.35069,38,FALSE,FALSE,51,12,2017,201751,38,2017/2018,,,
Tasman region,TDC-10003,Lee River at Reserve,Site,E-coli,43090.33681,10,FALSE,FALSE,51,12,2017,201751,10,2017/2018,,,
Tasman region,TDC-10003,Lee River at Reserve,Site,E-coli,43096.37014,727,FALSE,FALSE,52,12,2017,201752,727,2017/2018,,,
Tasman region,TDC-10003,Lee River at Reserve,Site,E-coli,43098.57361,2,FALSE,FALSE,52,12,2017,201752,2,2017/2018,,y,
Tasman region,TDC-10003,Lee River at Reserve,Site,E-coli,43103.31389,344,FALSE,FALSE,1,1,2018,201801,344,2017/2018,,,
Tasman region,TDC-10003,Lee River at Reserve,Site,E-coli,43109.36458,111,FALSE,FALSE,2,1,2018,201802,111,2017/2018,,,
Tasman region,TDC-10003,Lee River at Reserve,Site,E-coli,43111.54167,1046,FALSE,FALSE,2,1,2018,201802,1046,2017/2018,,,
Tasman region,TDC-10003,Lee River at Reserve,Site,E-coli,43116.57639,78,FALSE,FALSE,3,1,2018,201803,78,2017/2018,,,
Tasman region,TDC-10003,Lee River at Reserve,Site,E-coli,43123.32708,72,FALSE,FALSE,4,1,2018,201804,72,2017/2018,,,
Tasman region,TDC-10003,Lee River at Reserve,Site,E-coli,43125.32153,59,FALSE,FALSE,4,1,2018,201804,59,2017/2018,,,
Tasman region,TDC-10003,Lee River at Reserve,Site,E-coli,43130.32639,64,FALSE,FALSE,5,1,2018,201805,64,2017/2018,,,
Tasman region,TDC-10003,Lee River at Reserve,Site,E-coli,43133.43542,190,FALSE,FALSE,5,2,2018,201805,190,2017/2018,,,
Tasman region,TDC-10003,Lee River at Reserve,Site,E-coli,43138.3625,40,FALSE,FALSE,6,2,2018,201806,40,2017/2018,,,
Tasman region,TDC-10003,Lee River at Reserve,Site,E-coli,43139.31944,38,FALSE,FALSE,6,2,2018,201806,38,2017/2018,,,
Tasman region,TDC-10003,Lee River at Reserve,Site,E-coli,43144.68403,65,FALSE,FALSE,7,2,2018,201807,65,2017/2018,,,
Tasman region,TDC-10003,Lee River at Reserve,Site,E-coli,43150.48611,23,FALSE,FALSE,8,2,2018,201808,23,2017/2018,,,
Tasman region,TDC-10003,Lee River at Reserve,Site,E-coli,43160.54861,12,FALSE,FALSE,9,3,2018,201809,12,2017/2018,,,
Tasman region,TDC-10003,Lee River at Reserve,Site,E-coli,43172.48264,9,FALSE,FALSE,11,3,2018,201811,9,2017/2018,,,
Tasman region,TDC-10018,Motueka at Alexanders Br,Site,E-coli,42332.55903,15,FALSE,FALSE,47,11,2015,201547,15,2015/2016,,,
Tasman region,TDC-10018,Motueka at Alexanders Br,Site,E-coli,42339.53472,28,FALSE,FALSE,48,12,2015,201548,28,2015/2016,,,
Tasman region,TDC-10018,Motueka at Alexanders Br,Site,E-coli,42346.53472,4,FALSE,FALSE,49,12,2015,201549,4,2015/2016,,,
Tasman region,TDC-10018,Motueka at Alexanders Br,Site,E-coli,42355.55903,30,FALSE,FALSE,51,12,2015,201551,30,2015/2016,,,
Tasman region,TDC-10018,Motueka at Alexanders Br,Site,E-coli,42367.57639,1,FALSE,FALSE,52,12,2015,201552,1,2015/2016,,,
Tasman region,TDC-10018,Motueka at Alexanders Br,Site,E-coli,42374.54861,65,FALSE,FALSE,1,1,2016,201601,65,2015/2016,,,
Tasman region,TDC-10018,Motueka at Alexanders Br,Site,E-coli,42381.40278,42,FALSE,FALSE,2,1,2016,201602,42,2015/2016,,,
Tasman region,TDC-10018,Motueka at Alexanders Br,Site,E-coli,42390.40972,308,FALSE,FALSE,3,1,2016,201603,308,2015/2016,,,
Tasman region,TDC-10018,Motueka at Alexanders Br,Site,E-coli,42395.50694,44,FALSE,FALSE,4,1,2016,201604,44,2015/2016,,,
Tasman region,TDC-10018,Motueka at Alexanders Br,Site,E-coli,42402.52083,2,FALSE,FALSE,5,2,2016,201605,2,2015/2016,,,
Tasman region,TDC-10018,Motueka at Alexanders Br,Site,E-coli,42404.42361,17,FALSE,FALSE,5,2,2016,201605,17,2015/2016,,,
Tasman region,TDC-10018,Motueka at Alexanders Br,Site,E-coli,42409.52778,7,FALSE,FALSE,6,2,2016,201606,7,2015/2016,,,
Tasman region,TDC-10018,Motueka at Alexanders Br,Site,E-coli,42416.54167,7,FALSE,FALSE,7,2,2016,201607,7,2015/2016,,,
Tasman region,TDC-10018,Motueka at Alexanders Br,Site,E-coli,42423.42361,104,FALSE,FALSE,8,2,2016,201608,104,2015/2016,,,
Tasman region,TDC-10018,Motueka at Alexanders Br,Site,E-coli,42430.5625,6,FALSE,FALSE,9,3,2016,201609,6,2015/2016,,,
Tasman region,TDC-10018,Motueka at Alexanders Br,Site,E-coli,43074.51181,12,FALSE,FALSE,49,12,2017,201749,12,2017/2018,,,
Tasman region,TDC-10018,Motueka at Alexanders Br,Site,E-coli,43076.38403,17,FALSE,FALSE,49,12,2017,201749,17,2017/2018,,,
Tasman region,TDC-10018,Motueka at Alexanders Br,Site,E-coli,43081.37292,47,FALSE,FALSE,50,12,2017,201750,47,2017/2018,,,
Tasman region,TDC-10018,Motueka at Alexanders Br,Site,E-coli,43088.60417,15,FALSE,FALSE,51,12,2017,201751,15,2017/2018,,,
Tasman region,TDC-10018,Motueka at Alexanders Br,Site,E-coli,43090.40972,10,FALSE,FALSE,51,12,2017,201751,10,2017/2018,,,
Tasman region,TDC-10018,Motueka at Alexanders Br,Site,E-coli,43103.37153,28,FALSE,FALSE,1,1,2018,201801,28,2017/2018,,,
Tasman region,TDC-10018,Motueka at Alexanders Br,Site,E-coli,43109.46875,40,FALSE,FALSE,2,1,2018,201802,40,2017/2018,,,
Tasman region,TDC-10018,Motueka at Alexanders Br,Site,E-coli,43116.51389,326,FALSE,FALSE,3,1,2018,201803,326,2017/2018,,,
Tasman region,TDC-10018,Motueka at Alexanders Br,Site,E-coli,43123.38056,105,FALSE,FALSE,4,1,2018,201804,105,2017/2018,,,
Tasman region,TDC-10018,Motueka at Alexanders Br,Site,E-coli,43125.41597,65,FALSE,FALSE,4,1,2018,201804,65,2017/2018,,,
Tasman region,TDC-10018,Motueka at Alexanders Br,Site,E-coli,43130.38333,52,FALSE,FALSE,5,1,2018,201805,52,2017/2018,,,
Tasman region,TDC-10018,Motueka at Alexanders Br,Site,E-coli,43138.47083,43,FALSE,FALSE,6,2,2018,201806,43,2017/2018,,,
Tasman region,TDC-10018,Motueka at Alexanders Br,Site,E-coli,43144.54514,548,FALSE,FALSE,7,2,2018,201807,548,2017/2018,,,
Tasman region,TDC-00011,Roding at Twin Bridges,Site,E-coli,42332.3125,12,FALSE,FALSE,47,11,2015,201547,12,2015/2016,,,
Tasman region,TDC-00011,Roding at Twin Bridges,Site,E-coli,42339.3125,14,FALSE,FALSE,48,12,2015,201548,14,2015/2016,,,
Tasman region,TDC-00011,Roding at Twin Bridges,Site,E-coli,42346.31944,24,FALSE,FALSE,49,12,2015,201549,24,2015/2016,,,
Tasman region,TDC-00011,Roding at Twin Bridges,Site,E-coli,42353.38542,64,FALSE,FALSE,50,12,2015,201550,64,2015/2016,,,
Tasman region,TDC-00011,Roding at Twin Bridges,Site,E-coli,42355.32986,118,FALSE,FALSE,51,12,2015,201551,118,2015/2016,,,
Tasman region,TDC-00011,Roding at Twin Bridges,Site,E-coli,42360.375,38,FALSE,FALSE,51,12,2015,201551,38,2015/2016,,,
Tasman region,TDC-00011,Roding at Twin Bridges,Site,E-coli,42367.31944,20,FALSE,FALSE,52,12,2015,201552,20,2015/2016,,,
Tasman region,TDC-00011,Roding at Twin Bridges,Site,E-coli,42374.3125,127,FALSE,FALSE,1,1,2016,201601,127,2015/2016,,,
Tasman region,TDC-00011,Roding at Twin Bridges,Site,E-coli,42376.45833,52,FALSE,FALSE,1,1,2016,201601,52,2015/2016,,,
Tasman region,TDC-00011,Roding at Twin Bridges,Site,E-coli,42381.31944,38,FALSE,FALSE,2,1,2016,201602,38,2015/2016,,,
Tasman region,TDC-00011,Roding at Twin Bridges,Site,E-coli,42383.36458,60,FALSE,FALSE,2,1,2016,201602,60,2015/2016,,,
Tasman region,TDC-00011,Roding at Twin Bridges,Site,E-coli,42390.58333,99,FALSE,FALSE,3,1,2016,201603,99,2015/2016,,,
Tasman region,TDC-00011,Roding at Twin Bridges,Site,E-coli,42395.29861,93,FALSE,FALSE,4,1,2016,201604,93,2015/2016,,,
Tasman region,TDC-00011,Roding at Twin Bridges,Site,E-coli,42397.60417,140,FALSE,FALSE,4,1,2016,201604,140,2015/2016,,,
Tasman region,TDC-00011,Roding at Twin Bridges,Site,E-coli,42402.34722,27,FALSE,FALSE,5,2,2016,201605,27,2015/2016,,,
Tasman region,TDC-00011,Roding at Twin Bridges,Site,E-coli,42404.31944,35,FALSE,FALSE,5,2,2016,201605,35,2015/2016,,,
Tasman region,TDC-00011,Roding at Twin Bridges,Site,E-coli,42409.34375,28,FALSE,FALSE,6,2,2016,201606,28,2015/2016,,,
Tasman region,TDC-00011,Roding at Twin Bridges,Site,E-coli,42411.3125,19,FALSE,FALSE,6,2,2016,201606,19,2015/2016,,,
Tasman region,TDC-00011,Roding at Twin Bridges,Site,E-coli,42416.3125,28,FALSE,FALSE,7,2,2016,201607,28,2015/2016,,,
Tasman region,TDC-00011,Roding at Twin Bridges,Site,E-coli,42423.32986,96,FALSE,FALSE,8,2,2016,201608,96,2015/2016,,,
Tasman region,TDC-00011,Roding at Twin Bridges,Site,E-coli,42430.35417,39,FALSE,FALSE,9,3,2016,201609,39,2015/2016,,,
Tasman region,TDC-00011,Roding at Twin Bridges,Site,E-coli,42696.36111,12,FALSE,FALSE,47,11,2016,201647,12,2016/2017,,,
Tasman region,TDC-00011,Roding at Twin Bridges,Site,E-coli,42703.40972,21,FALSE,FALSE,48,11,2016,201648,21,2016/2017,,,
Tasman region,TDC-00011,Roding at Twin Bridges,Site,E-coli,42710.30486,47,FALSE,FALSE,49,12,2016,201649,47,2016/2017,,,
Tasman region,TDC-00011,Roding at Twin Bridges,Site,E-coli,42717.30694,38,FALSE,FALSE,50,12,2016,201650,38,2016/2017,,,
Tasman region,TDC-00011,Roding at Twin Bridges,Site,E-coli,42719.36458,43,FALSE,FALSE,50,12,2016,201650,43,2016/2017,,,
Tasman region,TDC-00011,Roding at Twin Bridges,Site,E-coli,42724.30139,121,FALSE,FALSE,51,12,2016,201651,121,2016/2017,,,
Tasman region,TDC-00011,Roding at Twin Bridges,Site,E-coli,42726.34375,166,FALSE,FALSE,51,12,2016,201651,166,2016/2017,,,
Tasman region,TDC-00011,Roding at Twin Bridges,Site,E-coli,42732.35972,125,FALSE,FALSE,52,12,2016,201652,125,2016/2017,,,
Tasman region,TDC-00011,Roding at Twin Bridges,Site,E-coli,42739.39236,51,FALSE,FALSE,1,1,2017,201701,51,2016/2017,,,
Tasman region,TDC-00011,Roding at Twin Bridges,Site,E-coli,42740.44097,110,FALSE,FALSE,1,1,2017,201701,110,2016/2017,,,
Tasman region,TDC-00011,Roding at Twin Bridges,Site,E-coli,42745.4375,56,FALSE,FALSE,2,1,2017,201702,56,2016/2017,,,
Tasman region,TDC-00011,Roding at Twin Bridges,Site,E-coli,42747.38194,69,FALSE,FALSE,2,1,2017,201702,69,2016/2017,,,
Tasman region,TDC-00011,Roding at Twin Bridges,Site,E-coli,42752.39583,39,FALSE,FALSE,3,1,2017,201703,39,2016/2017,,,
Tasman region,TDC-00011,Roding at Twin Bridges,Site,E-coli,42754.40972,2420,FALSE,TRUE,3,1,2017,201703,2662,2016/2017,,,
Tasman region,TDC-00011,Roding at Twin Bridges,Site,E-coli,42759.29514,73,FALSE,FALSE,4,1,2017,201704,73,2016/2017,,,
Tasman region,TDC-00011,Roding at Twin Bridges,Site,E-coli,42761.58333,32,FALSE,FALSE,4,1,2017,201704,32,2016/2017,,,
Tasman region,TDC-00011,Roding at Twin Bridges,Site,E-coli,42766.31319,43,FALSE,FALSE,5,1,2017,201705,43,2016/2017,,,
Tasman region,TDC-00011,Roding at Twin Bridges,Site,E-coli,42773.31111,43,FALSE,FALSE,6,2,2017,201706,43,2016/2017,,,
Tasman region,TDC-00011,Roding at Twin Bridges,Site,E-coli,42780.38194,38,FALSE,FALSE,7,2,2017,201707,38,2016/2017,,,
Tasman region,TDC-00011,Roding at Twin Bridges,Site,E-coli,42787.42014,88,FALSE,FALSE,8,2,2017,201708,88,2016/2017,,,
Tasman region,TDC-00011,Roding at Twin Bridges,Site,E-coli,42794.4375,42,FALSE,FALSE,9,2,2017,201709,42,2016/2017,,,
Tasman region,TDC-00011,Roding at Twin Bridges,Site,E-coli,42801.4375,30,FALSE,FALSE,10,3,2017,201710,30,2016/2017,,,
Tasman region,TDC-00011,Roding at Twin Bridges,Site,E-coli,43074.31736,67,FALSE,FALSE,49,12,2017,201749,67,2017/2018,,,
Tasman region,TDC-00011,Roding at Twin Bridges,Site,E-coli,43076.28889,66,FALSE,FALSE,49,12,2017,201749,66,2017/2018,,,
Tasman region,TDC-00011,Roding at Twin Bridges,Site,E-coli,43081.28472,51,FALSE,FALSE,50,12,2017,201750,51,2017/2018,,,
Tasman region,TDC-00011,Roding at Twin Bridges,Site,E-coli,43083.27569,47,FALSE,FALSE,50,12,2017,201750,47,2017/2018,,,
Tasman region,TDC-00011,Roding at Twin Bridges,Site,E-coli,43088.32639,40,FALSE,FALSE,51,12,2017,201751,40,2017/2018,,,
Tasman region,TDC-00011,Roding at Twin Bridges,Site,E-coli,43090.28472,64,FALSE,FALSE,51,12,2017,201751,64,2017/2018,,,
Tasman region,TDC-00011,Roding at Twin Bridges,Site,E-coli,43096.39236,816,FALSE,FALSE,52,12,2017,201752,816,2017/2018,,,
Tasman region,TDC-00011,Roding at Twin Bridges,Site,E-coli,43098.55903,12,FALSE,FALSE,52,12,2017,201752,12,2017/2018,,y,
Tasman region,TDC-00011,Roding at Twin Bridges,Site,E-coli,43103.27778,770,FALSE,FALSE,1,1,2018,201801,770,2017/2018,,,
Tasman region,TDC-00011,Roding at Twin Bridges,Site,E-coli,43109.30208,137,FALSE,FALSE,2,1,2018,201802,137,2017/2018,,,
Tasman region,TDC-00011,Roding at Twin Bridges,Site,E-coli,43111.52292,866,FALSE,FALSE,2,1,2018,201802,866,2017/2018,,,
Tasman region,TDC-00011,Roding at Twin Bridges,Site,E-coli,43116.61111,93,FALSE,FALSE,3,1,2018,201803,93,2017/2018,,,
Tasman region,TDC-00011,Roding at Twin Bridges,Site,E-coli,43123.29583,73,FALSE,FALSE,4,1,2018,201804,73,2017/2018,,,
Tasman region,TDC-00011,Roding at Twin Bridges,Site,E-coli,43125.29028,77,FALSE,FALSE,4,1,2018,201804,77,2017/2018,,,
Tasman region,TDC-00011,Roding at Twin Bridges,Site,E-coli,43130.29375,79,FALSE,FALSE,5,1,2018,201805,79,2017/2018,,,
Tasman region,TDC-00011,Roding at Twin Bridges,Site,E-coli,43133.40972,272,FALSE,FALSE,5,2,2018,201805,272,2017/2018,,,
Tasman region,TDC-00011,Roding at Twin Bridges,Site,E-coli,43136.38611,75,FALSE,FALSE,6,2,2018,201806,75,2017/2018,,y,
Tasman region,TDC-00011,Roding at Twin Bridges,Site,E-coli,43138.31736,53,FALSE,FALSE,6,2,2018,201806,53,2017/2018,,,
Tasman region,TDC-00011,Roding at Twin Bridges,Site,E-coli,43139.30208,84,FALSE,FALSE,6,2,2018,201806,84,2017/2018,,,
Tasman region,TDC-00011,Roding at Twin Bridges,Site,E-coli,43144.64583,101,FALSE,FALSE,7,2,2018,201807,101,2017/2018,,,
Tasman region,TDC-00011,Roding at Twin Bridges,Site,E-coli,43150.46181,31,FALSE,FALSE,8,2,2018,201808,31,2017/2018,,,
Tasman region,TDC-00011,Roding at Twin Bridges,Site,E-coli,43160.59028,53,FALSE,FALSE,9,3,2018,201809,53,2017/2018,,,
Tasman region,TDC-00011,Roding at Twin Bridges,Site,E-coli,43172.45139,12,FALSE,FALSE,11,3,2018,201811,12,2017/2018,,,
Tasman region,TDC-10004,Takaka at Paynes Ford,Site,E-coli,42325.4375,4,FALSE,FALSE,46,11,2015,201546,4,2015/2016,,,
Tasman region,TDC-10004,Takaka at Paynes Ford,Site,E-coli,42332.52986,2,FALSE,FALSE,47,11,2015,201547,2,2015/2016,,,
Tasman region,TDC-10004,Takaka at Paynes Ford,Site,E-coli,42339.48611,105,FALSE,FALSE,48,12,2015,201548,105,2015/2016,,,
Tasman region,TDC-10004,Takaka at Paynes Ford,Site,E-coli,42346.39583,12,FALSE,FALSE,49,12,2015,201549,12,2015/2016,,,
Tasman region,TDC-10004,Takaka at Paynes Ford,Site,E-coli,42353.47222,16,FALSE,FALSE,50,12,2015,201550,16,2015/2016,,,
Tasman region,TDC-10004,Takaka at Paynes Ford,Site,E-coli,42355.45486,10,FALSE,FALSE,51,12,2015,201551,10,2015/2016,,,
Tasman region,TDC-10004,Takaka at Paynes Ford,Site,E-coli,42360.42361,7,FALSE,FALSE,51,12,2015,201551,7,2015/2016,,,
Tasman region,TDC-10004,Takaka at Paynes Ford,Site,E-coli,42367.36458,22,FALSE,FALSE,52,12,2015,201552,22,2015/2016,,,
Tasman region,TDC-10004,Takaka at Paynes Ford,Site,E-coli,42374.45833,20,FALSE,FALSE,1,1,2016,201601,20,2015/2016,,,
Tasman region,TDC-10004,Takaka at Paynes Ford,Site,E-coli,42376.39583,17,FALSE,FALSE,1,1,2016,201601,17,2015/2016,,,
Tasman region,TDC-10004,Takaka at Paynes Ford,Site,E-coli,42381.54306,4,FALSE,FALSE,2,1,2016,201602,4,2015/2016,,,
Tasman region,TDC-10004,Takaka at Paynes Ford,Site,E-coli,42383.54167,7,FALSE,FALSE,2,1,2016,201602,7,2015/2016,,,
Tasman region,TDC-10004,Takaka at Paynes Ford,Site,E-coli,42395.57292,10,FALSE,FALSE,4,1,2016,201604,10,2015/2016,,,
Tasman region,TDC-10004,Takaka at Paynes Ford,Site,E-coli,42397.49306,39,FALSE,FALSE,4,1,2016,201604,39,2015/2016,,,
Tasman region,TDC-10004,Takaka at Paynes Ford,Site,E-coli,42402.50347,3,FALSE,FALSE,5,2,2016,201605,3,2015/2016,,,
Tasman region,TDC-10004,Takaka at Paynes Ford,Site,E-coli,42409.54375,7,FALSE,FALSE,6,2,2016,201606,7,2015/2016,,,
Tasman region,TDC-10004,Takaka at Paynes Ford,Site,E-coli,42416.47569,56,FALSE,FALSE,7,2,2016,201607,56,2015/2016,,,
Tasman region,TDC-10004,Takaka at Paynes Ford,Site,E-coli,42423.45833,22,FALSE,FALSE,8,2,2016,201608,22,2015/2016,,,
Tasman region,TDC-10004,Takaka at Paynes Ford,Site,E-coli,42430.49653,27,FALSE,FALSE,9,3,2016,201609,27,2015/2016,,,
Tasman region,TDC-10004,Takaka at Paynes Ford,Site,E-coli,42696.46875,62,FALSE,FALSE,47,11,2016,201647,62,2016/2017,,,
Tasman region,TDC-10004,Takaka at Paynes Ford,Site,E-coli,42703.52778,27,FALSE,FALSE,48,11,2016,201648,27,2016/2017,,,
Tasman region,TDC-10004,Takaka at Paynes Ford,Site,E-coli,42710.41319,10,FALSE,FALSE,49,12,2016,201649,10,2016/2017,,,
Tasman region,TDC-10004,Takaka at Paynes Ford,Site,E-coli,42717.54167,26,FALSE,FALSE,50,12,2016,201650,26,2016/2017,,,
Tasman region,TDC-10004,Takaka at Paynes Ford,Site,E-coli,42719.49653,101,FALSE,FALSE,50,12,2016,201650,101,2016/2017,,,
Tasman region,TDC-10004,Takaka at Paynes Ford,Site,E-coli,42724.37847,21,FALSE,FALSE,51,12,2016,201651,21,2016/2017,,,
Tasman region,TDC-10004,Takaka at Paynes Ford,Site,E-coli,42726.33333,47,FALSE,FALSE,51,12,2016,201651,47,2016/2017,,,
Tasman region,TDC-10004,Takaka at Paynes Ford,Site,E-coli,42732.39583,10,FALSE,FALSE,52,12,2016,201652,10,2016/2017,,,
Tasman region,TDC-10004,Takaka at Paynes Ford,Site,E-coli,42739.48264,3,FALSE,FALSE,1,1,2017,201701,3,2016/2017,,,
Tasman region,TDC-10004,Takaka at Paynes Ford,Site,E-coli,42740.51736,1,FALSE,FALSE,1,1,2017,201701,1,2016/2017,,,
Tasman region,TDC-10004,Takaka at Paynes Ford,Site,E-coli,42745.41319,19,FALSE,FALSE,2,1,2017,201702,19,2016/2017,,,
Tasman region,TDC-10004,Takaka at Paynes Ford,Site,E-coli,42747.47569,41,FALSE,FALSE,2,1,2017,201702,41,2016/2017,,,
Tasman region,TDC-10004,Takaka at Paynes Ford,Site,E-coli,42752.47222,4,FALSE,FALSE,3,1,2017,201703,4,2016/2017,,,
Tasman region,TDC-10004,Takaka at Paynes Ford,Site,E-coli,42759.37847,248,FALSE,FALSE,4,1,2017,201704,248,2016/2017,,,
Tasman region,TDC-10004,Takaka at Paynes Ford,Site,E-coli,42761.40903,64,FALSE,FALSE,4,1,2017,201704,64,2016/2017,,,
Tasman region,TDC-10004,Takaka at Paynes Ford,Site,E-coli,42766.46875,23,FALSE,FALSE,5,1,2017,201705,23,2016/2017,,,
Tasman region,TDC-10004,Takaka at Paynes Ford,Site,E-coli,42773.52778,11,FALSE,FALSE,6,2,2017,201706,11,2016/2017,,,
Tasman region,TDC-10004,Takaka at Paynes Ford,Site,E-coli,42780.48611,45,FALSE,FALSE,7,2,2017,201707,45,2016/2017,,,
Tasman region,TDC-10004,Takaka at Paynes Ford,Site,E-coli,42787.43056,15,FALSE,FALSE,8,2,2017,201708,15,2016/2017,,,
Tasman region,TDC-10004,Takaka at Paynes Ford,Site,E-coli,42794.50347,13,FALSE,FALSE,9,2,2017,201709,13,2016/2017,,,
Tasman region,TDC-10004,Takaka at Paynes Ford,Site,E-coli,42801.43403,24,FALSE,FALSE,10,3,2017,201710,24,2016/2017,,,
Tasman region,TDC-10004,Takaka at Paynes Ford,Site,E-coli,43067.57292,17,FALSE,FALSE,48,11,2017,201748,17,2017/2018,,,
Tasman region,TDC-10004,Takaka at Paynes Ford,Site,E-coli,43074.45833,14,FALSE,FALSE,49,12,2017,201749,14,2017/2018,,,
Tasman region,TDC-10004,Takaka at Paynes Ford,Site,E-coli,43081.42708,10,FALSE,FALSE,50,12,2017,201750,10,2017/2018,,,
Tasman region,TDC-10004,Takaka at Paynes Ford,Site,E-coli,43083.48611,14,FALSE,FALSE,50,12,2017,201750,14,2017/2018,,,
Tasman region,TDC-10004,Takaka at Paynes Ford,Site,E-coli,43088.45833,21,FALSE,FALSE,51,12,2017,201751,21,2017/2018,,,
Tasman region,TDC-10004,Takaka at Paynes Ford,Site,E-coli,43090.51042,10,FALSE,FALSE,51,12,2017,201751,10,2017/2018,,,
Tasman region,TDC-10004,Takaka at Paynes Ford,Site,E-coli,43096.4375,57,FALSE,FALSE,52,12,2017,201752,57,2017/2018,,,
Tasman region,TDC-10004,Takaka at Paynes Ford,Site,E-coli,43104.49653,2,FALSE,FALSE,1,1,2018,201801,2,2017/2018,,,
Tasman region,TDC-10004,Takaka at Paynes Ford,Site,E-coli,43109.41319,34,FALSE,FALSE,2,1,2018,201802,34,2017/2018,,,
Tasman region,TDC-10004,Takaka at Paynes Ford,Site,E-coli,43111.43403,65,FALSE,FALSE,2,1,2018,201802,65,2017/2018,,,
Tasman region,TDC-10004,Takaka at Paynes Ford,Site,E-coli,43116.375,461,FALSE,FALSE,3,1,2018,201803,461,2017/2018,,,
Tasman region,TDC-10004,Takaka at Paynes Ford,Site,E-coli,43118.44444,2420,FALSE,FALSE,3,1,2018,201803,2420,2017/2018,,,
Tasman region,TDC-10004,Takaka at Paynes Ford,Site,E-coli,43123.33333,107,FALSE,FALSE,4,1,2018,201804,107,2017/2018,,,
Tasman region,TDC-10004,Takaka at Paynes Ford,Site,E-coli,43125.47917,41,FALSE,FALSE,4,1,2018,201804,41,2017/2018,,,
Tasman region,TDC-10004,Takaka at Paynes Ford,Site,E-coli,43130.37153,31,FALSE,FALSE,5,1,2018,201805,31,2017/2018,,,
Tasman region,TDC-10004,Takaka at Paynes Ford,Site,E-coli,43138.47222,24,FALSE,FALSE,6,2,2018,201806,24,2017/2018,,,
Tasman region,TDC-10004,Takaka at Paynes Ford,Site,E-coli,43144.36111,248,FALSE,FALSE,7,2,2018,201807,248,2017/2018,,,
Tasman region,TDC-10004,Takaka at Paynes Ford,Site,E-coli,43146.38889,249,FALSE,FALSE,7,2,2018,201807,249,2017/2018,,,
Tasman region,TDC-10004,Takaka at Paynes Ford,Site,E-coli,43174.27986,23,FALSE,FALSE,11,3,2018,201811,23,2017/2018,,,
Tasman region,TDC-10004,Takaka at Paynes Ford,Site,E-coli,43186.37153,40,FALSE,FALSE,13,3,2018,201813,40,2017/2018,,,
Tasman region,TDC-10005,Tukurua at Camp Playground,Site,E-coli,42325.47222,340,FALSE,FALSE,46,11,2015,201546,340,2015/2016,,,
Tasman region,TDC-10005,Tukurua at Camp Playground,Site,E-coli,42332.48958,121,FALSE,FALSE,47,11,2015,201547,121,2015/2016,,,
Tasman region,TDC-10005,Tukurua at Camp Playground,Site,E-coli,42339.5625,4350,FALSE,FALSE,48,12,2015,201548,4350,2015/2016,,,
Tasman region,TDC-10005,Tukurua at Camp Playground,Site,E-coli,42346.43403,109,FALSE,FALSE,49,12,2015,201549,109,2015/2016,,,
Tasman region,TDC-10005,Tukurua at Camp Playground,Site,E-coli,42355.48264,52,FALSE,FALSE,51,12,2015,201551,52,2015/2016,,,
Tasman region,TDC-10005,Tukurua at Camp Playground,Site,E-coli,42367.39583,73,FALSE,FALSE,52,12,2015,201552,73,2015/2016,,,
Tasman region,TDC-10005,Tukurua at Camp Playground,Site,E-coli,42374.39583,563,FALSE,FALSE,1,1,2016,201601,563,2015/2016,,,
Tasman region,TDC-10005,Tukurua at Camp Playground,Site,E-coli,42381.41875,201,FALSE,FALSE,2,1,2016,201602,201,2015/2016,,,
Tasman region,TDC-10005,Tukurua at Camp Playground,Site,E-coli,42395.55208,4610,FALSE,FALSE,4,1,2016,201604,4610,2015/2016,,,
Tasman region,TDC-10005,Tukurua at Camp Playground,Site,E-coli,42397.56597,754,FALSE,FALSE,4,1,2016,201604,754,2015/2016,,,
Tasman region,TDC-10005,Tukurua at Camp Playground,Site,E-coli,42402.57292,203,FALSE,FALSE,5,2,2016,201605,203,2015/2016,,,
Tasman region,TDC-10005,Tukurua at Camp Playground,Site,E-coli,42409.42986,431,FALSE,FALSE,6,2,2016,201606,431,2015/2016,,,
Tasman region,TDC-10005,Tukurua at Camp Playground,Site,E-coli,42416.49306,3260,FALSE,FALSE,7,2,2016,201607,3260,2015/2016,,,
Tasman region,TDC-10005,Tukurua at Camp Playground,Site,E-coli,42423.52083,605,FALSE,FALSE,8,2,2016,201608,605,2015/2016,,,
Tasman region,TDC-10005,Tukurua at Camp Playground,Site,E-coli,42430.53125,337,FALSE,FALSE,9,3,2016,201609,337,2015/2016,,,
Tasman region,TDC-10005,Tukurua at Camp Playground,Site,E-coli,42695.53125,52,FALSE,FALSE,47,11,2016,201647,52,2016/2017,,,
Tasman region,TDC-10005,Tukurua at Camp Playground,Site,E-coli,42703.41667,63,FALSE,FALSE,48,11,2016,201648,63,2016/2017,,,
Tasman region,TDC-10005,Tukurua at Camp Playground,Site,E-coli,42710.35069,173,FALSE,FALSE,49,12,2016,201649,173,2016/2017,,,
Tasman region,TDC-10005,Tukurua at Camp Playground,Site,E-coli,42717.4375,86,FALSE,FALSE,50,12,2016,201650,86,2016/2017,,,
Tasman region,TDC-10005,Tukurua at Camp Playground,Site,E-coli,42719.44792,5170,FALSE,FALSE,50,12,2016,201650,5170,2016/2017,,,
Tasman region,TDC-10005,Tukurua at Camp Playground,Site,E-coli,42724.45139,120,FALSE,FALSE,51,12,2016,201651,120,2016/2017,,,
Tasman region,TDC-10005,Tukurua at Camp Playground,Site,E-coli,42726.46944,10,FALSE,FALSE,51,12,2016,201651,10,2016/2017,,,
Tasman region,TDC-10005,Tukurua at Camp Playground,Site,E-coli,42732.33681,259,FALSE,FALSE,52,12,2016,201652,259,2016/2017,,,
Tasman region,TDC-10005,Tukurua at Camp Playground,Site,E-coli,42739.45139,259,FALSE,FALSE,1,1,2017,201701,259,2016/2017,,,
Tasman region,TDC-10005,Tukurua at Camp Playground,Site,E-coli,42740.46181,345,FALSE,FALSE,1,1,2017,201701,345,2016/2017,,,
Tasman region,TDC-10005,Tukurua at Camp Playground,Site,E-coli,42745.35417,173,FALSE,FALSE,2,1,2017,201702,173,2016/2017,,,
Tasman region,TDC-10005,Tukurua at Camp Playground,Site,E-coli,42747.41667,228,FALSE,FALSE,2,1,2017,201702,228,2016/2017,,,
Tasman region,TDC-10005,Tukurua at Camp Playground,Site,E-coli,42752.375,108,FALSE,FALSE,3,1,2017,201703,108,2016/2017,,,
Tasman region,TDC-10005,Tukurua at Camp Playground,Site,E-coli,42754.45833,556,FALSE,FALSE,3,1,2017,201703,556,2016/2017,,,
Tasman region,TDC-10005,Tukurua at Camp Playground,Site,E-coli,42759.45486,181,FALSE,FALSE,4,1,2017,201704,181,2016/2017,,,
Tasman region,TDC-10005,Tukurua at Camp Playground,Site,E-coli,42761.46528,295,FALSE,FALSE,4,1,2017,201704,295,2016/2017,,,
Tasman region,TDC-10005,Tukurua at Camp Playground,Site,E-coli,42766.40625,173,FALSE,FALSE,5,1,2017,201705,173,2016/2017,,,
Tasman region,TDC-10005,Tukurua at Camp Playground,Site,E-coli,42773.45139,135,FALSE,FALSE,6,2,2017,201706,135,2016/2017,,,
Tasman region,TDC-10005,Tukurua at Camp Playground,Site,E-coli,42780.42708,173,FALSE,FALSE,7,2,2017,201707,173,2016/2017,,,
Tasman region,TDC-10005,Tukurua at Camp Playground,Site,E-coli,42787.36806,350,FALSE,FALSE,8,2,2017,201708,350,2016/2017,,,
Tasman region,TDC-10005,Tukurua at Camp Playground,Site,E-coli,42794.46181,158,FALSE,FALSE,9,2,2017,201709,158,2016/2017,,,
Tasman region,TDC-10005,Tukurua at Camp Playground,Site,E-coli,42801.38194,216,FALSE,FALSE,10,3,2017,201710,216,2016/2017,,,
Tasman region,TDC-10005,Tukurua at Camp Playground,Site,E-coli,43067.38889,231,FALSE,FALSE,48,11,2017,201748,231,2017/2018,,,
Tasman region,TDC-10005,Tukurua at Camp Playground,Site,E-coli,43074.41667,160,FALSE,FALSE,49,12,2017,201749,160,2017/2018,,,
Tasman region,TDC-10005,Tukurua at Camp Playground,Site,E-coli,43081.38194,266,FALSE,FALSE,50,12,2017,201750,266,2017/2018,,,
Tasman region,TDC-10005,Tukurua at Camp Playground,Site,E-coli,43083.4375,161,FALSE,FALSE,50,12,2017,201750,161,2017/2018,,,
Tasman region,TDC-10005,Tukurua at Camp Playground,Site,E-coli,43088.54167,583,FALSE,FALSE,51,12,2017,201751,583,2017/2018,,,
Tasman region,TDC-10005,Tukurua at Camp Playground,Site,E-coli,43090.55486,74,FALSE,FALSE,51,12,2017,201751,74,2017/2018,,,
Tasman region,TDC-10005,Tukurua at Camp Playground,Site,E-coli,43096.48611,697,FALSE,FALSE,52,12,2017,201752,697,2017/2018,,,
Tasman region,TDC-10005,Tukurua at Camp Playground,Site,E-coli,43104.45833,581,FALSE,FALSE,1,1,2018,201801,581,2017/2018,,,
Tasman region,TDC-10005,Tukurua at Camp Playground,Site,E-coli,43109.45833,187,FALSE,FALSE,2,1,2018,201802,187,2017/2018,,,
Tasman region,TDC-10005,Tukurua at Camp Playground,Site,E-coli,43111.41319,160,FALSE,FALSE,2,1,2018,201802,160,2017/2018,,,
Tasman region,TDC-10005,Tukurua at Camp Playground,Site,E-coli,43116.48611,583,FALSE,FALSE,3,1,2018,201803,583,2017/2018,,,
Tasman region,TDC-10005,Tukurua at Camp Playground,Site,E-coli,43118.50694,605,FALSE,FALSE,3,1,2018,201803,605,2017/2018,,,
Tasman region,TDC-10005,Tukurua at Camp Playground,Site,E-coli,43123.53819,231,FALSE,FALSE,4,1,2018,201804,231,2017/2018,,,
Tasman region,TDC-10005,Tukurua at Camp Playground,Site,E-coli,43125.51389,145,FALSE,FALSE,4,1,2018,201804,145,2017/2018,,,
Tasman region,TDC-10005,Tukurua at Camp Playground,Site,E-coli,43130.44097,173,FALSE,FALSE,5,1,2018,201805,173,2017/2018,,,
Tasman region,TDC-10005,Tukurua at Camp Playground,Site,E-coli,43138.42361,295,FALSE,FALSE,6,2,2018,201806,295,2017/2018,,,
Tasman region,TDC-10005,Tukurua at Camp Playground,Site,E-coli,43144.45833,189,FALSE,FALSE,7,2,2018,201807,189,2017/2018,,,
Tasman region,TDC-10005,Tukurua at Camp Playground,Site,E-coli,43146.47917,243,FALSE,FALSE,7,2,2018,201807,243,2017/2018,,,
Tasman region,TDC-10005,Tukurua at Camp Playground,Site,E-coli,43174.34722,798,FALSE,FALSE,11,3,2018,201811,798,2017/2018,,,
