region,lawaSiteID,siteName,siteType,property,dateCollected,val,lCens,rCens,week,month,year,YW,fVal,bathingSeason,Retest result? (Y/N)
Waikato region,LAWA-100564,Buffalo Beach at Whitianga,Beach,Enterococci,42335.47708,2,FALSE,FALSE,48,11,2015,201548,2,2015/2016,
Waikato region,LAWA-100564,Buffalo Beach at Whitianga,Beach,Enterococci,42339.48819,18,FALSE,FALSE,48,12,2015,201548,18,2015/2016,
Waikato region,LAWA-100564,Buffalo Beach at Whitianga,Beach,Enterococci,42349.39722,1,FALSE,FALSE,50,12,2015,201550,1,2015/2016,
Waikato region,LAWA-100564,Buffalo Beach at Whitianga,Beach,Enterococci,42355.48194,4,FALSE,FALSE,51,12,2015,201551,4,2015/2016,
Waikato region,LAWA-100564,Buffalo Beach at Whitianga,Beach,Enterococci,42361.40764,1,FALSE,FALSE,51,12,2015,201551,1,2015/2016,
Waikato region,LAWA-100564,Buffalo Beach at Whitianga,Beach,Enterococci,42377.41319,5,FALSE,FALSE,2,1,2016,201602,5,2015/2016,
Waikato region,LAWA-100564,Buffalo Beach at Whitianga,Beach,Enterococci,42383.50556,32,FALSE,FALSE,2,1,2016,201602,32,2015/2016,
Waikato region,LAWA-100564,Buffalo Beach at Whitianga,Beach,Enterococci,42391.42361,20,FALSE,FALSE,4,1,2016,201604,20,2015/2016,
Waikato region,LAWA-100564,Buffalo Beach at Whitianga,Beach,Enterococci,42397.51667,11,FALSE,FALSE,4,1,2016,201604,11,2015/2016,
Waikato region,LAWA-100564,Buffalo Beach at Whitianga,Beach,Enterococci,42402.59375,2,FALSE,FALSE,5,2,2016,201605,2,2015/2016,
Waikato region,LAWA-100564,Buffalo Beach at Whitianga,Beach,Enterococci,42411.48194,38,FALSE,FALSE,6,2,2016,201606,38,2015/2016,
Waikato region,LAWA-100564,Buffalo Beach at Whitianga,Beach,Enterococci,42415.50556,1,FALSE,FALSE,7,2,2016,201607,1,2015/2016,
Waikato region,LAWA-100564,Buffalo Beach at Whitianga,Beach,Enterococci,42675.40278,1,FALSE,FALSE,44,11,2016,201644,1,2016/2017,
Waikato region,LAWA-100564,Buffalo Beach at Whitianga,Beach,Enterococci,42682.37222,2,FALSE,FALSE,45,11,2016,201645,2,2016/2017,
Waikato region,LAWA-100564,Buffalo Beach at Whitianga,Beach,Enterococci,42689.36806,360,FALSE,FALSE,46,11,2016,201646,360,2016/2017,
Waikato region,LAWA-100564,Buffalo Beach at Whitianga,Beach,Enterococci,42696.40972,4,FALSE,FALSE,47,11,2016,201647,4,2016/2017,
Waikato region,LAWA-100564,Buffalo Beach at Whitianga,Beach,Enterococci,42703.35417,1,FALSE,FALSE,48,11,2016,201648,1,2016/2017,
Waikato region,LAWA-100564,Buffalo Beach at Whitianga,Beach,Enterococci,42710.34375,100,FALSE,FALSE,49,12,2016,201649,100,2016/2017,
Waikato region,LAWA-100564,Buffalo Beach at Whitianga,Beach,Enterococci,42717.38542,3,FALSE,FALSE,50,12,2016,201650,3,2016/2017,
Waikato region,LAWA-100564,Buffalo Beach at Whitianga,Beach,Enterococci,42724.375,3,FALSE,FALSE,51,12,2016,201651,3,2016/2017,
Waikato region,LAWA-100564,Buffalo Beach at Whitianga,Beach,Enterococci,42740.36458,1,FALSE,FALSE,1,1,2017,201701,1,2016/2017,
Waikato region,LAWA-100564,Buffalo Beach at Whitianga,Beach,Enterococci,42745.37847,1,FALSE,FALSE,2,1,2017,201702,1,2016/2017,
Waikato region,LAWA-100564,Buffalo Beach at Whitianga,Beach,Enterococci,42752.36806,1,FALSE,FALSE,3,1,2017,201703,1,2016/2017,
Waikato region,LAWA-100564,Buffalo Beach at Whitianga,Beach,Enterococci,42759.39236,1,FALSE,FALSE,4,1,2017,201704,1,2016/2017,
Waikato region,LAWA-100564,Buffalo Beach at Whitianga,Beach,Enterococci,42766.375,160,FALSE,FALSE,5,1,2017,201705,160,2016/2017,
Waikato region,LAWA-100564,Buffalo Beach at Whitianga,Beach,Enterococci,42773.37847,1,FALSE,FALSE,6,2,2017,201706,1,2016/2017,
Waikato region,LAWA-100564,Buffalo Beach at Whitianga,Beach,Enterococci,42780.375,3,FALSE,FALSE,7,2,2017,201707,3,2016/2017,
Waikato region,LAWA-100564,Buffalo Beach at Whitianga,Beach,Enterococci,42787.375,10,FALSE,FALSE,8,2,2017,201708,10,2016/2017,
Waikato region,LAWA-100564,Buffalo Beach at Whitianga,Beach,Enterococci,42794.37847,4,FALSE,FALSE,9,2,2017,201709,4,2016/2017,
Waikato region,LAWA-100564,Buffalo Beach at Whitianga,Beach,Enterococci,42801.35417,5,FALSE,FALSE,10,3,2017,201710,5,2016/2017,
Waikato region,LAWA-100564,Buffalo Beach at Whitianga,Beach,Enterococci,42808.40625,20,FALSE,FALSE,11,3,2017,201711,20,2016/2017,
Waikato region,LAWA-100564,Buffalo Beach at Whitianga,Beach,Enterococci,42815.27083,24,FALSE,FALSE,12,3,2017,201712,24,2016/2017,
Waikato region,LAWA-100564,Buffalo Beach at Whitianga,Beach,Enterococci,42822.375,57,FALSE,FALSE,13,3,2017,201713,57,2016/2017,
Waikato region,LAWA-100564,Buffalo Beach at Whitianga,Beach,Enterococci,43045.40486,20,FALSE,FALSE,45,11,2017,201745,20,2017/2018,
Waikato region,LAWA-100564,Buffalo Beach at Whitianga,Beach,Enterococci,43052.39097,1,FALSE,FALSE,46,11,2017,201746,1,2017/2018,
Waikato region,LAWA-100564,Buffalo Beach at Whitianga,Beach,Enterococci,43059.40833,4,FALSE,FALSE,47,11,2017,201747,4,2017/2018,
Waikato region,LAWA-100564,Buffalo Beach at Whitianga,Beach,Enterococci,43066.40625,1,FALSE,FALSE,48,11,2017,201748,1,2017/2018,
Waikato region,LAWA-100564,Buffalo Beach at Whitianga,Beach,Enterococci,43073.40972,10,FALSE,FALSE,49,12,2017,201749,10,2017/2018,
Waikato region,LAWA-100564,Buffalo Beach at Whitianga,Beach,Enterococci,43080.40278,19860,FALSE,FALSE,50,12,2017,201750,19860,2017/2018,
Waikato region,LAWA-100564,Buffalo Beach at Whitianga,Beach,Enterococci,43084.39583,10,FALSE,FALSE,50,12,2017,201750,10,2017/2018,Y
Waikato region,LAWA-100564,Buffalo Beach at Whitianga,Beach,Enterococci,43087.40625,20,FALSE,FALSE,51,12,2017,201751,20,2017/2018,
Waikato region,LAWA-100564,Buffalo Beach at Whitianga,Beach,Enterococci,43103.39583,472,FALSE,FALSE,1,1,2018,201801,472,2017/2018,
Waikato region,LAWA-100564,Buffalo Beach at Whitianga,Beach,Enterococci,43108.39583,10,FALSE,FALSE,2,1,2018,201802,10,2017/2018,
Waikato region,LAWA-100564,Buffalo Beach at Whitianga,Beach,Enterococci,43115.39931,10,FALSE,FALSE,3,1,2018,201803,10,2017/2018,
Waikato region,LAWA-100564,Buffalo Beach at Whitianga,Beach,Enterococci,43122.39583,10,FALSE,FALSE,4,1,2018,201804,10,2017/2018,
Waikato region,LAWA-100564,Buffalo Beach at Whitianga,Beach,Enterococci,43130.40625,4110,FALSE,FALSE,5,1,2018,201805,4110,2017/2018,
Waikato region,LAWA-100564,Buffalo Beach at Whitianga,Beach,Enterococci,43136.39583,20,FALSE,FALSE,6,2,2018,201806,20,2017/2018,
Waikato region,LAWA-100564,Buffalo Beach at Whitianga,Beach,Enterococci,43143.39583,1576,FALSE,FALSE,7,2,2018,201807,1576,2017/2018,
Waikato region,LAWA-100564,Buffalo Beach at Whitianga,Beach,Enterococci,43150.41667,10,FALSE,FALSE,8,2,2018,201808,10,2017/2018,
Waikato region,LAWA-100564,Buffalo Beach at Whitianga,Beach,Enterococci,43157.39236,10,FALSE,FALSE,9,2,2018,201809,10,2017/2018,
Waikato region,LAWA-100564,Buffalo Beach at Whitianga,Beach,Enterococci,43164.40625,20,FALSE,FALSE,10,3,2018,201810,20,2017/2018,
Waikato region,LAWA-100564,Buffalo Beach at Whitianga,Beach,Enterococci,43172.41389,985,FALSE,FALSE,11,3,2018,201811,985,2017/2018,
Waikato region,LAWA-100564,Buffalo Beach at Whitianga,Beach,Enterococci,43178.40972,20,FALSE,FALSE,12,3,2018,201812,20,2017/2018,
Waikato region,LAWA-100564,Buffalo Beach at Whitianga,Beach,Enterococci,43185.39306,10,FALSE,FALSE,13,3,2018,201813,10,2017/2018,
Waikato region,LAWA-100566,Mid Tairua Beach at Tairua Beach,Beach,Enterococci,42320.37292,1,FALSE,FALSE,46,11,2015,201546,1,2015/2016,
Waikato region,LAWA-100566,Mid Tairua Beach at Tairua Beach,Beach,Enterococci,42327.50694,1,FALSE,FALSE,47,11,2015,201547,1,2015/2016,
Waikato region,LAWA-100566,Mid Tairua Beach at Tairua Beach,Beach,Enterococci,42335.43056,9,FALSE,FALSE,48,11,2015,201548,9,2015/2016,
Waikato region,LAWA-100566,Mid Tairua Beach at Tairua Beach,Beach,Enterococci,42339.40556,5,FALSE,FALSE,48,12,2015,201548,5,2015/2016,
Waikato region,LAWA-100566,Mid Tairua Beach at Tairua Beach,Beach,Enterococci,42349.35972,1,FALSE,FALSE,50,12,2015,201550,1,2015/2016,
Waikato region,LAWA-100566,Mid Tairua Beach at Tairua Beach,Beach,Enterococci,42355.41944,1,FALSE,FALSE,51,12,2015,201551,1,2015/2016,
Waikato region,LAWA-100566,Mid Tairua Beach at Tairua Beach,Beach,Enterococci,42361.47986,1,FALSE,FALSE,51,12,2015,201551,1,2015/2016,
Waikato region,LAWA-100566,Mid Tairua Beach at Tairua Beach,Beach,Enterococci,42377.52778,11,FALSE,FALSE,2,1,2016,201602,11,2015/2016,
Waikato region,LAWA-100566,Mid Tairua Beach at Tairua Beach,Beach,Enterococci,42383.43403,4,FALSE,FALSE,2,1,2016,201602,4,2015/2016,
Waikato region,LAWA-100566,Mid Tairua Beach at Tairua Beach,Beach,Enterococci,42391.53125,2,FALSE,FALSE,4,1,2016,201604,2,2015/2016,
Waikato region,LAWA-100566,Mid Tairua Beach at Tairua Beach,Beach,Enterococci,42397.42222,1,FALSE,FALSE,4,1,2016,201604,1,2015/2016,
Waikato region,LAWA-100566,Mid Tairua Beach at Tairua Beach,Beach,Enterococci,42402.52083,60,FALSE,FALSE,5,2,2016,201605,60,2015/2016,
Waikato region,LAWA-100566,Mid Tairua Beach at Tairua Beach,Beach,Enterococci,42411.43403,1,FALSE,FALSE,6,2,2016,201606,1,2015/2016,
Waikato region,LAWA-100566,Mid Tairua Beach at Tairua Beach,Beach,Enterococci,42415.43264,1,FALSE,FALSE,7,2,2016,201607,1,2015/2016,
Waikato region,LAWA-100566,Mid Tairua Beach at Tairua Beach,Beach,Enterococci,42438.39792,1,FALSE,FALSE,10,3,2016,201610,1,2015/2016,
Waikato region,LAWA-100566,Mid Tairua Beach at Tairua Beach,Beach,Enterococci,42675.51389,1,FALSE,FALSE,44,11,2016,201644,1,2016/2017,
Waikato region,LAWA-100566,Mid Tairua Beach at Tairua Beach,Beach,Enterococci,42682.49444,2,FALSE,FALSE,45,11,2016,201645,2,2016/2017,
Waikato region,LAWA-100566,Mid Tairua Beach at Tairua Beach,Beach,Enterococci,42689.45417,1,FALSE,FALSE,46,11,2016,201646,1,2016/2017,
Waikato region,LAWA-100566,Mid Tairua Beach at Tairua Beach,Beach,Enterococci,42696.44792,1,FALSE,FALSE,47,11,2016,201647,1,2016/2017,
Waikato region,LAWA-100566,Mid Tairua Beach at Tairua Beach,Beach,Enterococci,42703.42431,1,FALSE,FALSE,48,11,2016,201648,1,2016/2017,
Waikato region,LAWA-100566,Mid Tairua Beach at Tairua Beach,Beach,Enterococci,42710.425,1,FALSE,FALSE,49,12,2016,201649,1,2016/2017,
Waikato region,LAWA-100566,Mid Tairua Beach at Tairua Beach,Beach,Enterococci,42717.43194,1,FALSE,FALSE,50,12,2016,201650,1,2016/2017,
Waikato region,LAWA-100566,Mid Tairua Beach at Tairua Beach,Beach,Enterococci,42724.42014,1,FALSE,FALSE,51,12,2016,201651,1,2016/2017,
Waikato region,LAWA-100566,Mid Tairua Beach at Tairua Beach,Beach,Enterococci,42740.42569,1,FALSE,FALSE,1,1,2017,201701,1,2016/2017,
Waikato region,LAWA-100566,Mid Tairua Beach at Tairua Beach,Beach,Enterococci,42745.3625,1,FALSE,FALSE,2,1,2017,201702,1,2016/2017,
Waikato region,LAWA-100566,Mid Tairua Beach at Tairua Beach,Beach,Enterococci,42752.42569,1,FALSE,FALSE,3,1,2017,201703,1,2016/2017,
Waikato region,LAWA-100566,Mid Tairua Beach at Tairua Beach,Beach,Enterococci,42759.44306,1,FALSE,FALSE,4,1,2017,201704,1,2016/2017,
Waikato region,LAWA-100566,Mid Tairua Beach at Tairua Beach,Beach,Enterococci,42766.42014,5,FALSE,FALSE,5,1,2017,201705,5,2016/2017,
Waikato region,LAWA-100566,Mid Tairua Beach at Tairua Beach,Beach,Enterococci,42773.44444,1,FALSE,FALSE,6,2,2017,201706,1,2016/2017,
Waikato region,LAWA-100566,Mid Tairua Beach at Tairua Beach,Beach,Enterococci,42780.41667,1,FALSE,FALSE,7,2,2017,201707,1,2016/2017,
Waikato region,LAWA-100566,Mid Tairua Beach at Tairua Beach,Beach,Enterococci,42787.45833,1,FALSE,FALSE,8,2,2017,201708,1,2016/2017,
Waikato region,LAWA-100566,Mid Tairua Beach at Tairua Beach,Beach,Enterococci,42794.37708,1,FALSE,FALSE,9,2,2017,201709,1,2016/2017,
Waikato region,LAWA-100566,Mid Tairua Beach at Tairua Beach,Beach,Enterococci,42801.44097,1,FALSE,FALSE,10,3,2017,201710,1,2016/2017,
Waikato region,LAWA-100566,Mid Tairua Beach at Tairua Beach,Beach,Enterococci,42808.37847,1,FALSE,FALSE,11,3,2017,201711,1,2016/2017,
Waikato region,LAWA-100566,Mid Tairua Beach at Tairua Beach,Beach,Enterococci,42815.44444,3,FALSE,FALSE,12,3,2017,201712,3,2016/2017,
Waikato region,LAWA-100566,Mid Tairua Beach at Tairua Beach,Beach,Enterococci,42822.38542,5,FALSE,FALSE,13,3,2017,201713,5,2016/2017,
Waikato region,LAWA-100566,Mid Tairua Beach at Tairua Beach,Beach,Enterococci,43045.46111,1,FALSE,FALSE,45,11,2017,201745,1,2017/2018,
Waikato region,LAWA-100566,Mid Tairua Beach at Tairua Beach,Beach,Enterococci,43052.44653,1,FALSE,FALSE,46,11,2017,201746,1,2017/2018,
Waikato region,LAWA-100566,Mid Tairua Beach at Tairua Beach,Beach,Enterococci,43059.46875,1,FALSE,FALSE,47,11,2017,201747,1,2017/2018,
Waikato region,LAWA-100566,Mid Tairua Beach at Tairua Beach,Beach,Enterococci,43066.46181,1,FALSE,FALSE,48,11,2017,201748,1,2017/2018,
Waikato region,LAWA-100566,Mid Tairua Beach at Tairua Beach,Beach,Enterococci,43073.46181,10,FALSE,FALSE,49,12,2017,201749,10,2017/2018,
Waikato region,LAWA-100566,Mid Tairua Beach at Tairua Beach,Beach,Enterococci,43080.47222,457,FALSE,FALSE,50,12,2017,201750,457,2017/2018,
Waikato region,LAWA-100566,Mid Tairua Beach at Tairua Beach,Beach,Enterococci,43084.46181,10,FALSE,FALSE,50,12,2017,201750,10,2017/2018,Y
Waikato region,LAWA-100566,Mid Tairua Beach at Tairua Beach,Beach,Enterococci,43087.46111,10,FALSE,FALSE,51,12,2017,201751,10,2017/2018,
Waikato region,LAWA-100566,Mid Tairua Beach at Tairua Beach,Beach,Enterococci,43103.44792,10,FALSE,FALSE,1,1,2018,201801,10,2017/2018,
Waikato region,LAWA-100566,Mid Tairua Beach at Tairua Beach,Beach,Enterococci,43108.45208,10,FALSE,FALSE,2,1,2018,201802,10,2017/2018,
Waikato region,LAWA-100566,Mid Tairua Beach at Tairua Beach,Beach,Enterococci,43115.45625,10,FALSE,FALSE,3,1,2018,201803,10,2017/2018,
Waikato region,LAWA-100566,Mid Tairua Beach at Tairua Beach,Beach,Enterococci,43122.44514,10,FALSE,FALSE,4,1,2018,201804,10,2017/2018,
Waikato region,LAWA-100566,Mid Tairua Beach at Tairua Beach,Beach,Enterococci,43130.45833,780,FALSE,FALSE,5,1,2018,201805,780,2017/2018,
Waikato region,LAWA-100566,Mid Tairua Beach at Tairua Beach,Beach,Enterococci,43136.44792,10,FALSE,FALSE,6,2,2018,201806,10,2017/2018,
Waikato region,LAWA-100566,Mid Tairua Beach at Tairua Beach,Beach,Enterococci,43143.45417,10,FALSE,FALSE,7,2,2018,201807,10,2017/2018,
Waikato region,LAWA-100566,Mid Tairua Beach at Tairua Beach,Beach,Enterococci,43150.375,10,FALSE,FALSE,8,2,2018,201808,10,2017/2018,
Waikato region,LAWA-100566,Mid Tairua Beach at Tairua Beach,Beach,Enterococci,43157.47222,10,FALSE,FALSE,9,2,2018,201809,10,2017/2018,
Waikato region,LAWA-100566,Mid Tairua Beach at Tairua Beach,Beach,Enterococci,43164.46181,10,FALSE,FALSE,10,3,2018,201810,10,2017/2018,
Waikato region,LAWA-100566,Mid Tairua Beach at Tairua Beach,Beach,Enterococci,43172.47569,10,FALSE,FALSE,11,3,2018,201811,10,2017/2018,
Waikato region,LAWA-100566,Mid Tairua Beach at Tairua Beach,Beach,Enterococci,43178.46181,10,FALSE,FALSE,12,3,2018,201812,10,2017/2018,
Waikato region,LAWA-100566,Mid Tairua Beach at Tairua Beach,Beach,Enterococci,43185.45069,10,FALSE,FALSE,13,3,2018,201813,10,2017/2018,
Waikato region,LAWA-100562,Ngarunui Beach at Raglan Harbour,Beach,Enterococci,42311.33472,1,FALSE,FALSE,44,11,2015,201544,1,2015/2016,
Waikato region,LAWA-100562,Ngarunui Beach at Raglan Harbour,Beach,Enterococci,42326.54375,1,FALSE,FALSE,46,11,2015,201546,1,2015/2016,
Waikato region,LAWA-100562,Ngarunui Beach at Raglan Harbour,Beach,Enterococci,42331.45556,1,FALSE,FALSE,47,11,2015,201547,1,2015/2016,
Waikato region,LAWA-100562,Ngarunui Beach at Raglan Harbour,Beach,Enterococci,42347.49583,1,FALSE,FALSE,49,12,2015,201549,1,2015/2016,
Waikato region,LAWA-100562,Ngarunui Beach at Raglan Harbour,Beach,Enterococci,42354.52083,10,FALSE,FALSE,50,12,2015,201550,10,2015/2016,
Waikato region,LAWA-100562,Ngarunui Beach at Raglan Harbour,Beach,Enterococci,42359.37222,1,FALSE,FALSE,51,12,2015,201551,1,2015/2016,
Waikato region,LAWA-100562,Ngarunui Beach at Raglan Harbour,Beach,Enterococci,42376.43403,1,FALSE,FALSE,1,1,2016,201601,1,2015/2016,
Waikato region,LAWA-100562,Ngarunui Beach at Raglan Harbour,Beach,Enterococci,42382.50694,1,FALSE,FALSE,2,1,2016,201602,1,2015/2016,
Waikato region,LAWA-100562,Ngarunui Beach at Raglan Harbour,Beach,Enterococci,42388.38264,1,FALSE,FALSE,3,1,2016,201603,1,2015/2016,
Waikato region,LAWA-100562,Ngarunui Beach at Raglan Harbour,Beach,Enterococci,42396.51875,2,FALSE,FALSE,4,1,2016,201604,2,2015/2016,
Waikato region,LAWA-100562,Ngarunui Beach at Raglan Harbour,Beach,Enterococci,42403.34931,1,FALSE,FALSE,5,2,2016,201605,1,2015/2016,
Waikato region,LAWA-100562,Ngarunui Beach at Raglan Harbour,Beach,Enterococci,42410.49653,7,FALSE,FALSE,6,2,2016,201606,7,2015/2016,
Waikato region,LAWA-100562,Ngarunui Beach at Raglan Harbour,Beach,Enterococci,42417.37986,3,FALSE,FALSE,7,2,2016,201607,3,2015/2016,
Waikato region,LAWA-100562,Ngarunui Beach at Raglan Harbour,Beach,Enterococci,42451,1,FALSE,FALSE,12,3,2016,201612,1,2015/2016,
Waikato region,LAWA-100562,Ngarunui Beach at Raglan Harbour,Beach,Enterococci,42676.35417,2,FALSE,FALSE,44,11,2016,201644,2,2016/2017,
Waikato region,LAWA-100562,Ngarunui Beach at Raglan Harbour,Beach,Enterococci,42683.36181,1,FALSE,FALSE,45,11,2016,201645,1,2016/2017,
Waikato region,LAWA-100562,Ngarunui Beach at Raglan Harbour,Beach,Enterococci,42690.38958,49,FALSE,FALSE,46,11,2016,201646,49,2016/2017,
Waikato region,LAWA-100562,Ngarunui Beach at Raglan Harbour,Beach,Enterococci,42697.34444,1,FALSE,FALSE,47,11,2016,201647,1,2016/2017,
Waikato region,LAWA-100562,Ngarunui Beach at Raglan Harbour,Beach,Enterococci,42704.34236,1,FALSE,FALSE,48,11,2016,201648,1,2016/2017,
Waikato region,LAWA-100562,Ngarunui Beach at Raglan Harbour,Beach,Enterococci,42711.33819,1,FALSE,FALSE,49,12,2016,201649,1,2016/2017,
Waikato region,LAWA-100562,Ngarunui Beach at Raglan Harbour,Beach,Enterococci,42718.33403,1,FALSE,FALSE,50,12,2016,201650,1,2016/2017,
Waikato region,LAWA-100562,Ngarunui Beach at Raglan Harbour,Beach,Enterococci,42725.33542,1,FALSE,FALSE,51,12,2016,201651,1,2016/2017,
Waikato region,LAWA-100562,Ngarunui Beach at Raglan Harbour,Beach,Enterococci,42739.35208,1,FALSE,FALSE,1,1,2017,201701,1,2016/2017,
Waikato region,LAWA-100562,Ngarunui Beach at Raglan Harbour,Beach,Enterococci,42746.33472,1,FALSE,FALSE,2,1,2017,201702,1,2016/2017,
Waikato region,LAWA-100562,Ngarunui Beach at Raglan Harbour,Beach,Enterococci,42753.34028,1,FALSE,FALSE,3,1,2017,201703,1,2016/2017,
Waikato region,LAWA-100562,Ngarunui Beach at Raglan Harbour,Beach,Enterococci,42760.33958,1,FALSE,FALSE,4,1,2017,201704,1,2016/2017,
Waikato region,LAWA-100562,Ngarunui Beach at Raglan Harbour,Beach,Enterococci,42767.34375,1,FALSE,FALSE,5,2,2017,201705,1,2016/2017,
Waikato region,LAWA-100562,Ngarunui Beach at Raglan Harbour,Beach,Enterococci,42774.34028,1,FALSE,FALSE,6,2,2017,201706,1,2016/2017,
Waikato region,LAWA-100562,Ngarunui Beach at Raglan Harbour,Beach,Enterococci,42781.35069,5,FALSE,FALSE,7,2,2017,201707,5,2016/2017,
Waikato region,LAWA-100562,Ngarunui Beach at Raglan Harbour,Beach,Enterococci,42788.34375,2,FALSE,FALSE,8,2,2017,201708,2,2016/2017,
Waikato region,LAWA-100562,Ngarunui Beach at Raglan Harbour,Beach,Enterococci,42795.36458,17,FALSE,FALSE,9,3,2017,201709,17,2016/2017,
Waikato region,LAWA-100562,Ngarunui Beach at Raglan Harbour,Beach,Enterococci,42800.36806,1,FALSE,FALSE,10,3,2017,201710,1,2016/2017,
Waikato region,LAWA-100562,Ngarunui Beach at Raglan Harbour,Beach,Enterococci,42809.34167,2,FALSE,FALSE,11,3,2017,201711,2,2016/2017,
Waikato region,LAWA-100562,Ngarunui Beach at Raglan Harbour,Beach,Enterococci,42816.34722,1,FALSE,FALSE,12,3,2017,201712,1,2016/2017,
Waikato region,LAWA-100562,Ngarunui Beach at Raglan Harbour,Beach,Enterococci,42821.36806,2100,FALSE,FALSE,13,3,2017,201713,2100,2016/2017,
Waikato region,LAWA-100562,Ngarunui Beach at Raglan Harbour,Beach,Enterococci,43046.34514,1,FALSE,FALSE,45,11,2017,201745,1,2017/2018,
Waikato region,LAWA-100562,Ngarunui Beach at Raglan Harbour,Beach,Enterococci,43053.39444,1,FALSE,FALSE,46,11,2017,201746,1,2017/2018,
Waikato region,LAWA-100562,Ngarunui Beach at Raglan Harbour,Beach,Enterococci,43060.36806,1,FALSE,FALSE,47,11,2017,201747,1,2017/2018,
Waikato region,LAWA-100562,Ngarunui Beach at Raglan Harbour,Beach,Enterococci,43067.40278,1,FALSE,FALSE,48,11,2017,201748,1,2017/2018,
Waikato region,LAWA-100562,Ngarunui Beach at Raglan Harbour,Beach,Enterococci,43074.35417,20,FALSE,FALSE,49,12,2017,201749,20,2017/2018,
Waikato region,LAWA-100562,Ngarunui Beach at Raglan Harbour,Beach,Enterococci,43081.34722,10,FALSE,FALSE,50,12,2017,201750,10,2017/2018,
Waikato region,LAWA-100562,Ngarunui Beach at Raglan Harbour,Beach,Enterococci,43088.47917,10,FALSE,FALSE,51,12,2017,201751,10,2017/2018,
Waikato region,LAWA-100562,Ngarunui Beach at Raglan Harbour,Beach,Enterococci,43104.44444,10,FALSE,FALSE,1,1,2018,201801,10,2017/2018,
Waikato region,LAWA-100562,Ngarunui Beach at Raglan Harbour,Beach,Enterococci,43109.49306,10,FALSE,FALSE,2,1,2018,201802,10,2017/2018,
Waikato region,LAWA-100562,Ngarunui Beach at Raglan Harbour,Beach,Enterococci,43116.51042,10,FALSE,FALSE,3,1,2018,201803,10,2017/2018,
Waikato region,LAWA-100562,Ngarunui Beach at Raglan Harbour,Beach,Enterococci,43123.51389,10,FALSE,FALSE,4,1,2018,201804,10,2017/2018,
Waikato region,LAWA-100562,Ngarunui Beach at Raglan Harbour,Beach,Enterococci,43131.51042,10,FALSE,FALSE,5,1,2018,201805,10,2017/2018,
Waikato region,LAWA-100562,Ngarunui Beach at Raglan Harbour,Beach,Enterococci,43138.51042,10,FALSE,FALSE,6,2,2018,201806,10,2017/2018,
Waikato region,LAWA-100562,Ngarunui Beach at Raglan Harbour,Beach,Enterococci,43144.47917,10,FALSE,FALSE,7,2,2018,201807,10,2017/2018,
Waikato region,LAWA-100562,Ngarunui Beach at Raglan Harbour,Beach,Enterococci,43151.47917,10,FALSE,FALSE,8,2,2018,201808,10,2017/2018,
Waikato region,LAWA-100562,Ngarunui Beach at Raglan Harbour,Beach,Enterococci,43158.375,10,FALSE,FALSE,9,2,2018,201809,10,2017/2018,
Waikato region,LAWA-100562,Ngarunui Beach at Raglan Harbour,Beach,Enterococci,43165.37639,10,FALSE,FALSE,10,3,2018,201810,10,2017/2018,
Waikato region,LAWA-100562,Ngarunui Beach at Raglan Harbour,Beach,Enterococci,43172.48264,10,FALSE,FALSE,11,3,2018,201811,10,2017/2018,
Waikato region,LAWA-100562,Ngarunui Beach at Raglan Harbour,Beach,Enterococci,43179.35417,10,FALSE,FALSE,12,3,2018,201812,10,2017/2018,
Waikato region,LAWA-100562,Ngarunui Beach at Raglan Harbour,Beach,Enterococci,43186.34931,10,FALSE,FALSE,13,3,2018,201813,10,2017/2018,
Waikato region,LAWA-100569,"North, Opposite Surf Club at Whangamata Beach",Beach,Enterococci,42335.38819,3,FALSE,FALSE,48,11,2015,201548,3,2015/2016,
Waikato region,LAWA-100569,"North, Opposite Surf Club at Whangamata Beach",Beach,Enterococci,42339.35556,6,FALSE,FALSE,48,12,2015,201548,6,2015/2016,
Waikato region,LAWA-100569,"North, Opposite Surf Club at Whangamata Beach",Beach,Enterococci,42349.52361,1,FALSE,FALSE,50,12,2015,201550,1,2015/2016,
Waikato region,LAWA-100569,"North, Opposite Surf Club at Whangamata Beach",Beach,Enterococci,42355.38542,10,FALSE,FALSE,51,12,2015,201551,10,2015/2016,
Waikato region,LAWA-100569,"North, Opposite Surf Club at Whangamata Beach",Beach,Enterococci,42361.51806,1,FALSE,FALSE,51,12,2015,201551,1,2015/2016,
Waikato region,LAWA-100569,"North, Opposite Surf Club at Whangamata Beach",Beach,Enterococci,42377.56944,1,FALSE,FALSE,2,1,2016,201602,1,2015/2016,
Waikato region,LAWA-100569,"North, Opposite Surf Club at Whangamata Beach",Beach,Enterococci,42383.39236,4,FALSE,FALSE,2,1,2016,201602,4,2015/2016,
Waikato region,LAWA-100569,"North, Opposite Surf Club at Whangamata Beach",Beach,Enterococci,42391.34375,28,FALSE,FALSE,4,1,2016,201604,28,2015/2016,
Waikato region,LAWA-100569,"North, Opposite Surf Club at Whangamata Beach",Beach,Enterococci,42397.37986,36,FALSE,FALSE,4,1,2016,201604,36,2015/2016,
Waikato region,LAWA-100569,"North, Opposite Surf Club at Whangamata Beach",Beach,Enterococci,42402.48472,1,FALSE,FALSE,5,2,2016,201605,1,2015/2016,
Waikato region,LAWA-100569,"North, Opposite Surf Club at Whangamata Beach",Beach,Enterococci,42411.38958,8,FALSE,FALSE,6,2,2016,201606,8,2015/2016,
Waikato region,LAWA-100569,"North, Opposite Surf Club at Whangamata Beach",Beach,Enterococci,42415.39306,1,FALSE,FALSE,7,2,2016,201607,1,2015/2016,
Waikato region,LAWA-100569,"North, Opposite Surf Club at Whangamata Beach",Beach,Enterococci,42675.59722,1,FALSE,FALSE,44,11,2016,201644,1,2016/2017,
Waikato region,LAWA-100569,"North, Opposite Surf Club at Whangamata Beach",Beach,Enterococci,42682.56389,10,FALSE,FALSE,45,11,2016,201645,10,2016/2017,
Waikato region,LAWA-100569,"North, Opposite Surf Club at Whangamata Beach",Beach,Enterococci,42689.53889,1,FALSE,FALSE,46,11,2016,201646,1,2016/2017,
Waikato region,LAWA-100569,"North, Opposite Surf Club at Whangamata Beach",Beach,Enterococci,42696.54306,1,FALSE,FALSE,47,11,2016,201647,1,2016/2017,
Waikato region,LAWA-100569,"North, Opposite Surf Club at Whangamata Beach",Beach,Enterococci,42703.50833,1,FALSE,FALSE,48,11,2016,201648,1,2016/2017,
Waikato region,LAWA-100569,"North, Opposite Surf Club at Whangamata Beach",Beach,Enterococci,42710.50278,1,FALSE,FALSE,49,12,2016,201649,1,2016/2017,
Waikato region,LAWA-100569,"North, Opposite Surf Club at Whangamata Beach",Beach,Enterococci,42717.51458,1,FALSE,FALSE,50,12,2016,201650,1,2016/2017,
Waikato region,LAWA-100569,"North, Opposite Surf Club at Whangamata Beach",Beach,Enterococci,42724.49931,1,FALSE,FALSE,51,12,2016,201651,1,2016/2017,
Waikato region,LAWA-100569,"North, Opposite Surf Club at Whangamata Beach",Beach,Enterococci,42740.49931,4,FALSE,FALSE,1,1,2017,201701,4,2016/2017,
Waikato region,LAWA-100569,"North, Opposite Surf Club at Whangamata Beach",Beach,Enterococci,42745.5125,1,FALSE,FALSE,2,1,2017,201702,1,2016/2017,
Waikato region,LAWA-100569,"North, Opposite Surf Club at Whangamata Beach",Beach,Enterococci,42752.51458,1,FALSE,FALSE,3,1,2017,201703,1,2016/2017,
Waikato region,LAWA-100569,"North, Opposite Surf Club at Whangamata Beach",Beach,Enterococci,42759.52292,1,FALSE,FALSE,4,1,2017,201704,1,2016/2017,
Waikato region,LAWA-100569,"North, Opposite Surf Club at Whangamata Beach",Beach,Enterococci,42766.49653,1,FALSE,FALSE,5,1,2017,201705,1,2016/2017,
Waikato region,LAWA-100569,"North, Opposite Surf Club at Whangamata Beach",Beach,Enterococci,42773.52431,13,FALSE,FALSE,6,2,2017,201706,13,2016/2017,
Waikato region,LAWA-100569,"North, Opposite Surf Club at Whangamata Beach",Beach,Enterococci,42780.48611,1,FALSE,FALSE,7,2,2017,201707,1,2016/2017,
Waikato region,LAWA-100569,"North, Opposite Surf Club at Whangamata Beach",Beach,Enterococci,42787.52431,2,FALSE,FALSE,8,2,2017,201708,2,2016/2017,
Waikato region,LAWA-100569,"North, Opposite Surf Club at Whangamata Beach",Beach,Enterococci,42794.51528,1,FALSE,FALSE,9,2,2017,201709,1,2016/2017,
Waikato region,LAWA-100569,"North, Opposite Surf Club at Whangamata Beach",Beach,Enterococci,42801.50764,1,FALSE,FALSE,10,3,2017,201710,1,2016/2017,
Waikato region,LAWA-100569,"North, Opposite Surf Club at Whangamata Beach",Beach,Enterococci,42808.53333,1,FALSE,FALSE,11,3,2017,201711,1,2016/2017,
Waikato region,LAWA-100569,"North, Opposite Surf Club at Whangamata Beach",Beach,Enterococci,42815.52222,3,FALSE,FALSE,12,3,2017,201712,3,2016/2017,
Waikato region,LAWA-100569,"North, Opposite Surf Club at Whangamata Beach",Beach,Enterococci,42822.53264,8,FALSE,FALSE,13,3,2017,201713,8,2016/2017,
Waikato region,LAWA-100569,"North, Opposite Surf Club at Whangamata Beach",Beach,Enterococci,43045.55556,1,FALSE,FALSE,45,11,2017,201745,1,2017/2018,
Waikato region,LAWA-100569,"North, Opposite Surf Club at Whangamata Beach",Beach,Enterococci,43052.53264,1,FALSE,FALSE,46,11,2017,201746,1,2017/2018,
Waikato region,LAWA-100569,"North, Opposite Surf Club at Whangamata Beach",Beach,Enterococci,43059.55208,2,FALSE,FALSE,47,11,2017,201747,2,2017/2018,
Waikato region,LAWA-100569,"North, Opposite Surf Club at Whangamata Beach",Beach,Enterococci,43066.55556,2,FALSE,FALSE,48,11,2017,201748,2,2017/2018,
Waikato region,LAWA-100569,"North, Opposite Surf Club at Whangamata Beach",Beach,Enterococci,43073.55556,10,FALSE,FALSE,49,12,2017,201749,10,2017/2018,
Waikato region,LAWA-100569,"North, Opposite Surf Club at Whangamata Beach",Beach,Enterococci,43080.54514,1793,FALSE,FALSE,50,12,2017,201750,1793,2017/2018,
Waikato region,LAWA-100569,"North, Opposite Surf Club at Whangamata Beach",Beach,Enterococci,43084.54167,10,FALSE,FALSE,50,12,2017,201750,10,2017/2018,Y
Waikato region,LAWA-100569,"North, Opposite Surf Club at Whangamata Beach",Beach,Enterococci,43087.55556,10,FALSE,FALSE,51,12,2017,201751,10,2017/2018,
Waikato region,LAWA-100569,"North, Opposite Surf Club at Whangamata Beach",Beach,Enterococci,43103.55556,10,FALSE,FALSE,1,1,2018,201801,10,2017/2018,
Waikato region,LAWA-100569,"North, Opposite Surf Club at Whangamata Beach",Beach,Enterococci,43108.54167,10,FALSE,FALSE,2,1,2018,201802,10,2017/2018,
Waikato region,LAWA-100569,"North, Opposite Surf Club at Whangamata Beach",Beach,Enterococci,43115.54514,10,FALSE,FALSE,3,1,2018,201803,10,2017/2018,
Waikato region,LAWA-100569,"North, Opposite Surf Club at Whangamata Beach",Beach,Enterococci,43122.54861,10,FALSE,FALSE,4,1,2018,201804,10,2017/2018,
Waikato region,LAWA-100569,"North, Opposite Surf Club at Whangamata Beach",Beach,Enterococci,43130.54861,5170,FALSE,FALSE,5,1,2018,201805,5170,2017/2018,
Waikato region,LAWA-100569,"North, Opposite Surf Club at Whangamata Beach",Beach,Enterococci,43136.54167,10,FALSE,FALSE,6,2,2018,201806,10,2017/2018,
Waikato region,LAWA-100569,"North, Opposite Surf Club at Whangamata Beach",Beach,Enterococci,43143.5625,10,FALSE,FALSE,7,2,2018,201807,10,2017/2018,
Waikato region,LAWA-100569,"North, Opposite Surf Club at Whangamata Beach",Beach,Enterococci,43150.56944,10,FALSE,FALSE,8,2,2018,201808,10,2017/2018,
Waikato region,LAWA-100569,"North, Opposite Surf Club at Whangamata Beach",Beach,Enterococci,43157.5625,10,FALSE,FALSE,9,2,2018,201809,10,2017/2018,
Waikato region,LAWA-100569,"North, Opposite Surf Club at Whangamata Beach",Beach,Enterococci,43164.54444,10,FALSE,FALSE,10,3,2018,201810,10,2017/2018,
Waikato region,LAWA-100569,"North, Opposite Surf Club at Whangamata Beach",Beach,Enterococci,43172.57292,10,FALSE,FALSE,11,3,2018,201811,10,2017/2018,
Waikato region,LAWA-100569,"North, Opposite Surf Club at Whangamata Beach",Beach,Enterococci,43178.53819,10,FALSE,FALSE,12,3,2018,201812,10,2017/2018,
Waikato region,LAWA-100569,"North, Opposite Surf Club at Whangamata Beach",Beach,Enterococci,43185.53819,10,FALSE,FALSE,13,3,2018,201813,10,2017/2018,
Waikato region,LAWA-100568,Onemana Beach SurfClub at Onemana Beach,Beach,Enterococci,42675.57986,1,FALSE,FALSE,44,11,2016,201644,1,2016/2017,
Waikato region,LAWA-100568,Onemana Beach SurfClub at Onemana Beach,Beach,Enterococci,42682.54792,1,FALSE,FALSE,45,11,2016,201645,1,2016/2017,
Waikato region,LAWA-100568,Onemana Beach SurfClub at Onemana Beach,Beach,Enterococci,42689.52431,1,FALSE,FALSE,46,11,2016,201646,1,2016/2017,
Waikato region,LAWA-100568,Onemana Beach SurfClub at Onemana Beach,Beach,Enterococci,42696.52569,1,FALSE,FALSE,47,11,2016,201647,1,2016/2017,
Waikato region,LAWA-100568,Onemana Beach SurfClub at Onemana Beach,Beach,Enterococci,42703.48194,1,FALSE,FALSE,48,11,2016,201648,1,2016/2017,
Waikato region,LAWA-100568,Onemana Beach SurfClub at Onemana Beach,Beach,Enterococci,42710.4875,1,FALSE,FALSE,49,12,2016,201649,1,2016/2017,
Waikato region,LAWA-100568,Onemana Beach SurfClub at Onemana Beach,Beach,Enterococci,42717.49792,1,FALSE,FALSE,50,12,2016,201650,1,2016/2017,
Waikato region,LAWA-100568,Onemana Beach SurfClub at Onemana Beach,Beach,Enterococci,42724.48264,1,FALSE,FALSE,51,12,2016,201651,1,2016/2017,
Waikato region,LAWA-100568,Onemana Beach SurfClub at Onemana Beach,Beach,Enterococci,42740.48125,1,FALSE,FALSE,1,1,2017,201701,1,2016/2017,
Waikato region,LAWA-100568,Onemana Beach SurfClub at Onemana Beach,Beach,Enterococci,42745.49375,1,FALSE,FALSE,2,1,2017,201702,1,2016/2017,
Waikato region,LAWA-100568,Onemana Beach SurfClub at Onemana Beach,Beach,Enterococci,42752.4875,6,FALSE,FALSE,3,1,2017,201703,6,2016/2017,
Waikato region,LAWA-100568,Onemana Beach SurfClub at Onemana Beach,Beach,Enterococci,42759.50556,1,FALSE,FALSE,4,1,2017,201704,1,2016/2017,
Waikato region,LAWA-100568,Onemana Beach SurfClub at Onemana Beach,Beach,Enterococci,42766.47917,1,FALSE,FALSE,5,1,2017,201705,1,2016/2017,
Waikato region,LAWA-100568,Onemana Beach SurfClub at Onemana Beach,Beach,Enterococci,42773.50347,1,FALSE,FALSE,6,2,2017,201706,1,2016/2017,
Waikato region,LAWA-100568,Onemana Beach SurfClub at Onemana Beach,Beach,Enterococci,42780.47014,2,FALSE,FALSE,7,2,2017,201707,2,2016/2017,
Waikato region,LAWA-100568,Onemana Beach SurfClub at Onemana Beach,Beach,Enterococci,42787.51042,3,FALSE,FALSE,8,2,2017,201708,3,2016/2017,
Waikato region,LAWA-100568,Onemana Beach SurfClub at Onemana Beach,Beach,Enterococci,42794.4875,1,FALSE,FALSE,9,2,2017,201709,1,2016/2017,
Waikato region,LAWA-100568,Onemana Beach SurfClub at Onemana Beach,Beach,Enterococci,42801.49306,1,FALSE,FALSE,10,3,2017,201710,1,2016/2017,
Waikato region,LAWA-100568,Onemana Beach SurfClub at Onemana Beach,Beach,Enterococci,42808.51181,20,FALSE,FALSE,11,3,2017,201711,20,2016/2017,
Waikato region,LAWA-100568,Onemana Beach SurfClub at Onemana Beach,Beach,Enterococci,42815.50833,1,FALSE,FALSE,12,3,2017,201712,1,2016/2017,
Waikato region,LAWA-100568,Onemana Beach SurfClub at Onemana Beach,Beach,Enterococci,42822.51806,16,FALSE,FALSE,13,3,2017,201713,16,2016/2017,
Waikato region,LAWA-100568,Onemana Beach SurfClub at Onemana Beach,Beach,Enterococci,43045.53681,1,FALSE,FALSE,45,11,2017,201745,1,2017/2018,
Waikato region,LAWA-100568,Onemana Beach SurfClub at Onemana Beach,Beach,Enterococci,43052.51875,1,FALSE,FALSE,46,11,2017,201746,1,2017/2018,
Waikato region,LAWA-100568,Onemana Beach SurfClub at Onemana Beach,Beach,Enterococci,43059.5375,1,FALSE,FALSE,47,11,2017,201747,1,2017/2018,
Waikato region,LAWA-100568,Onemana Beach SurfClub at Onemana Beach,Beach,Enterococci,43066.54167,1,FALSE,FALSE,48,11,2017,201748,1,2017/2018,
Waikato region,LAWA-100568,Onemana Beach SurfClub at Onemana Beach,Beach,Enterococci,43073.54167,10,FALSE,FALSE,49,12,2017,201749,10,2017/2018,
Waikato region,LAWA-100568,Onemana Beach SurfClub at Onemana Beach,Beach,Enterococci,43080.53125,3080,FALSE,FALSE,50,12,2017,201750,3080,2017/2018,
Waikato region,LAWA-100568,Onemana Beach SurfClub at Onemana Beach,Beach,Enterococci,43084.53472,10,FALSE,FALSE,50,12,2017,201750,10,2017/2018,Y
Waikato region,LAWA-100568,Onemana Beach SurfClub at Onemana Beach,Beach,Enterococci,43087.54167,10,FALSE,FALSE,51,12,2017,201751,10,2017/2018,
Waikato region,LAWA-100568,Onemana Beach SurfClub at Onemana Beach,Beach,Enterococci,43103.53472,10,FALSE,FALSE,1,1,2018,201801,10,2017/2018,
Waikato region,LAWA-100568,Onemana Beach SurfClub at Onemana Beach,Beach,Enterococci,43108.52778,10,FALSE,FALSE,2,1,2018,201802,10,2017/2018,
Waikato region,LAWA-100568,Onemana Beach SurfClub at Onemana Beach,Beach,Enterococci,43115.52778,10,FALSE,FALSE,3,1,2018,201803,10,2017/2018,
Waikato region,LAWA-100568,Onemana Beach SurfClub at Onemana Beach,Beach,Enterococci,43122.52083,10,FALSE,FALSE,4,1,2018,201804,10,2017/2018,
Waikato region,LAWA-100568,Onemana Beach SurfClub at Onemana Beach,Beach,Enterococci,43130.53472,108,FALSE,FALSE,5,1,2018,201805,108,2017/2018,
Waikato region,LAWA-100568,Onemana Beach SurfClub at Onemana Beach,Beach,Enterococci,43136.53056,10,FALSE,FALSE,6,2,2018,201806,10,2017/2018,
Waikato region,LAWA-100568,Onemana Beach SurfClub at Onemana Beach,Beach,Enterococci,43143.52431,10,FALSE,FALSE,7,2,2018,201807,10,2017/2018,
Waikato region,LAWA-100568,Onemana Beach SurfClub at Onemana Beach,Beach,Enterococci,43150.55556,10,FALSE,FALSE,8,2,2018,201808,10,2017/2018,
Waikato region,LAWA-100568,Onemana Beach SurfClub at Onemana Beach,Beach,Enterococci,43157.54514,10,FALSE,FALSE,9,2,2018,201809,10,2017/2018,
Waikato region,LAWA-100568,Onemana Beach SurfClub at Onemana Beach,Beach,Enterococci,43164.52778,10,FALSE,FALSE,10,3,2018,201810,10,2017/2018,
Waikato region,LAWA-100568,Onemana Beach SurfClub at Onemana Beach,Beach,Enterococci,43172.54653,10,FALSE,FALSE,11,3,2018,201811,10,2017/2018,
Waikato region,LAWA-100568,Onemana Beach SurfClub at Onemana Beach,Beach,Enterococci,43178.525,10,FALSE,FALSE,12,3,2018,201812,10,2017/2018,
Waikato region,LAWA-100568,Onemana Beach SurfClub at Onemana Beach,Beach,Enterococci,43185.525,10,FALSE,FALSE,13,3,2018,201813,10,2017/2018,
Waikato region,LAWA-100570,Opposite Surf Club at Whiritoa Beach,Beach,Enterococci,42675.61458,1,FALSE,FALSE,44,11,2016,201644,1,2016/2017,
Waikato region,LAWA-100570,Opposite Surf Club at Whiritoa Beach,Beach,Enterococci,42682.58125,1,FALSE,FALSE,45,11,2016,201645,1,2016/2017,
Waikato region,LAWA-100570,Opposite Surf Club at Whiritoa Beach,Beach,Enterococci,42689.56042,1,FALSE,FALSE,46,11,2016,201646,1,2016/2017,
Waikato region,LAWA-100570,Opposite Surf Club at Whiritoa Beach,Beach,Enterococci,42696.56528,1,FALSE,FALSE,47,11,2016,201647,1,2016/2017,
Waikato region,LAWA-100570,Opposite Surf Club at Whiritoa Beach,Beach,Enterococci,42703.52917,1,FALSE,FALSE,48,11,2016,201648,1,2016/2017,
Waikato region,LAWA-100570,Opposite Surf Club at Whiritoa Beach,Beach,Enterococci,42710.525,1,FALSE,FALSE,49,12,2016,201649,1,2016/2017,
Waikato region,LAWA-100570,Opposite Surf Club at Whiritoa Beach,Beach,Enterococci,42717.53542,1,FALSE,FALSE,50,12,2016,201650,1,2016/2017,
Waikato region,LAWA-100570,Opposite Surf Club at Whiritoa Beach,Beach,Enterococci,42724.51667,1,FALSE,FALSE,51,12,2016,201651,1,2016/2017,
Waikato region,LAWA-100570,Opposite Surf Club at Whiritoa Beach,Beach,Enterococci,42740.52153,1,FALSE,FALSE,1,1,2017,201701,1,2016/2017,
Waikato region,LAWA-100570,Opposite Surf Club at Whiritoa Beach,Beach,Enterococci,42745.53472,1,FALSE,FALSE,2,1,2017,201702,1,2016/2017,
Waikato region,LAWA-100570,Opposite Surf Club at Whiritoa Beach,Beach,Enterococci,42752.53542,1,FALSE,FALSE,3,1,2017,201703,1,2016/2017,
Waikato region,LAWA-100570,Opposite Surf Club at Whiritoa Beach,Beach,Enterococci,42759.56875,2,FALSE,FALSE,4,1,2017,201704,2,2016/2017,
Waikato region,LAWA-100570,Opposite Surf Club at Whiritoa Beach,Beach,Enterococci,42766.5125,1,FALSE,FALSE,5,1,2017,201705,1,2016/2017,
Waikato region,LAWA-100570,Opposite Surf Club at Whiritoa Beach,Beach,Enterococci,42773.53819,1,FALSE,FALSE,6,2,2017,201706,1,2016/2017,
Waikato region,LAWA-100570,Opposite Surf Club at Whiritoa Beach,Beach,Enterococci,42780.50694,1,FALSE,FALSE,7,2,2017,201707,1,2016/2017,
Waikato region,LAWA-100570,Opposite Surf Club at Whiritoa Beach,Beach,Enterococci,42787.55556,4,FALSE,FALSE,8,2,2017,201708,4,2016/2017,
Waikato region,LAWA-100570,Opposite Surf Club at Whiritoa Beach,Beach,Enterococci,42794.55903,1,FALSE,FALSE,9,2,2017,201709,1,2016/2017,
Waikato region,LAWA-100570,Opposite Surf Club at Whiritoa Beach,Beach,Enterococci,42801.52431,3,FALSE,FALSE,10,3,2017,201710,3,2016/2017,
Waikato region,LAWA-100570,Opposite Surf Club at Whiritoa Beach,Beach,Enterococci,42808.55556,1,FALSE,FALSE,11,3,2017,201711,1,2016/2017,
Waikato region,LAWA-100570,Opposite Surf Club at Whiritoa Beach,Beach,Enterococci,42815.5375,1,FALSE,FALSE,12,3,2017,201712,1,2016/2017,
Waikato region,LAWA-100570,Opposite Surf Club at Whiritoa Beach,Beach,Enterococci,43045.57292,1,FALSE,FALSE,45,11,2017,201745,1,2017/2018,
Waikato region,LAWA-100570,Opposite Surf Club at Whiritoa Beach,Beach,Enterococci,43052.54722,2,FALSE,FALSE,46,11,2017,201746,2,2017/2018,
Waikato region,LAWA-100570,Opposite Surf Club at Whiritoa Beach,Beach,Enterococci,43059.56944,1,FALSE,FALSE,47,11,2017,201747,1,2017/2018,
Waikato region,LAWA-100570,Opposite Surf Club at Whiritoa Beach,Beach,Enterococci,43066.58056,1,FALSE,FALSE,48,11,2017,201748,1,2017/2018,
Waikato region,LAWA-100570,Opposite Surf Club at Whiritoa Beach,Beach,Enterococci,43073.56944,10,FALSE,FALSE,49,12,2017,201749,10,2017/2018,
Waikato region,LAWA-100570,Opposite Surf Club at Whiritoa Beach,Beach,Enterococci,43080.58333,1333,FALSE,FALSE,50,12,2017,201750,1333,2017/2018,
Waikato region,LAWA-100570,Opposite Surf Club at Whiritoa Beach,Beach,Enterococci,43084.5625,10,FALSE,FALSE,50,12,2017,201750,10,2017/2018,Y
Waikato region,LAWA-100570,Opposite Surf Club at Whiritoa Beach,Beach,Enterococci,43087.57292,10,FALSE,FALSE,51,12,2017,201751,10,2017/2018,
Waikato region,LAWA-100570,Opposite Surf Club at Whiritoa Beach,Beach,Enterococci,43103.58333,10,FALSE,FALSE,1,1,2018,201801,10,2017/2018,
Waikato region,LAWA-100570,Opposite Surf Club at Whiritoa Beach,Beach,Enterococci,43108.55764,10,FALSE,FALSE,2,1,2018,201802,10,2017/2018,
Waikato region,LAWA-100570,Opposite Surf Club at Whiritoa Beach,Beach,Enterococci,43115.56111,10,FALSE,FALSE,3,1,2018,201803,10,2017/2018,
Waikato region,LAWA-100570,Opposite Surf Club at Whiritoa Beach,Beach,Enterococci,43122.5625,10,FALSE,FALSE,4,1,2018,201804,10,2017/2018,
Waikato region,LAWA-100570,Opposite Surf Club at Whiritoa Beach,Beach,Enterococci,43130.5625,598,FALSE,FALSE,5,1,2018,201805,598,2017/2018,
Waikato region,LAWA-100570,Opposite Surf Club at Whiritoa Beach,Beach,Enterococci,43136.55556,10,FALSE,FALSE,6,2,2018,201806,10,2017/2018,
Waikato region,LAWA-100570,Opposite Surf Club at Whiritoa Beach,Beach,Enterococci,43143.57292,10,FALSE,FALSE,7,2,2018,201807,10,2017/2018,
Waikato region,LAWA-100570,Opposite Surf Club at Whiritoa Beach,Beach,Enterococci,43150.58681,10,FALSE,FALSE,8,2,2018,201808,10,2017/2018,
Waikato region,LAWA-100570,Opposite Surf Club at Whiritoa Beach,Beach,Enterococci,43157.57639,10,FALSE,FALSE,9,2,2018,201809,10,2017/2018,
Waikato region,LAWA-100570,Opposite Surf Club at Whiritoa Beach,Beach,Enterococci,43164.56042,10,FALSE,FALSE,10,3,2018,201810,10,2017/2018,
Waikato region,LAWA-100570,Opposite Surf Club at Whiritoa Beach,Beach,Enterococci,43172.59097,10,FALSE,FALSE,11,3,2018,201811,10,2017/2018,
Waikato region,LAWA-100570,Opposite Surf Club at Whiritoa Beach,Beach,Enterococci,43178.55208,20,FALSE,FALSE,12,3,2018,201812,20,2017/2018,
Waikato region,LAWA-100570,Opposite Surf Club at Whiritoa Beach,Beach,Enterococci,43185.55625,10,FALSE,FALSE,13,3,2018,201813,10,2017/2018,
Waikato region,LAWA-100565,Out from Hot Springs at Hot Water Beach,Beach,Enterococci,42335.51736,2,FALSE,FALSE,48,11,2015,201548,2,2015/2016,
Waikato region,LAWA-100565,Out from Hot Springs at Hot Water Beach,Beach,Enterococci,42339.43264,3,FALSE,FALSE,48,12,2015,201548,3,2015/2016,
Waikato region,LAWA-100565,Out from Hot Springs at Hot Water Beach,Beach,Enterococci,42349.44097,1,FALSE,FALSE,50,12,2015,201550,1,2015/2016,
Waikato region,LAWA-100565,Out from Hot Springs at Hot Water Beach,Beach,Enterococci,42355.44514,1,FALSE,FALSE,51,12,2015,201551,1,2015/2016,
Waikato region,LAWA-100565,Out from Hot Springs at Hot Water Beach,Beach,Enterococci,42361.45625,1,FALSE,FALSE,51,12,2015,201551,1,2015/2016,
Waikato region,LAWA-100565,Out from Hot Springs at Hot Water Beach,Beach,Enterococci,42377.49931,4,FALSE,FALSE,2,1,2016,201602,4,2015/2016,
Waikato region,LAWA-100565,Out from Hot Springs at Hot Water Beach,Beach,Enterococci,42383.45972,1,FALSE,FALSE,2,1,2016,201602,1,2015/2016,
Waikato region,LAWA-100565,Out from Hot Springs at Hot Water Beach,Beach,Enterococci,42391.50556,3,FALSE,FALSE,4,1,2016,201604,3,2015/2016,
Waikato region,LAWA-100565,Out from Hot Springs at Hot Water Beach,Beach,Enterococci,42397.44861,1,FALSE,FALSE,4,1,2016,201604,1,2015/2016,
Waikato region,LAWA-100565,Out from Hot Springs at Hot Water Beach,Beach,Enterococci,42402.5625,1,FALSE,FALSE,5,2,2016,201605,1,2015/2016,
Waikato region,LAWA-100565,Out from Hot Springs at Hot Water Beach,Beach,Enterococci,42411.55833,1,FALSE,FALSE,6,2,2016,201606,1,2015/2016,
Waikato region,LAWA-100565,Out from Hot Springs at Hot Water Beach,Beach,Enterococci,42415.45764,2,FALSE,FALSE,7,2,2016,201607,2,2015/2016,
Waikato region,LAWA-100565,Out from Hot Springs at Hot Water Beach,Beach,Enterococci,42675.46528,1,FALSE,FALSE,44,11,2016,201644,1,2016/2017,
Waikato region,LAWA-100565,Out from Hot Springs at Hot Water Beach,Beach,Enterococci,42682.44236,2,FALSE,FALSE,45,11,2016,201645,2,2016/2017,
Waikato region,LAWA-100565,Out from Hot Springs at Hot Water Beach,Beach,Enterococci,42689.42917,1,FALSE,FALSE,46,11,2016,201646,1,2016/2017,
Waikato region,LAWA-100565,Out from Hot Springs at Hot Water Beach,Beach,Enterococci,42696.38819,1,FALSE,FALSE,47,11,2016,201647,1,2016/2017,
Waikato region,LAWA-100565,Out from Hot Springs at Hot Water Beach,Beach,Enterococci,42703.39653,1,FALSE,FALSE,48,11,2016,201648,1,2016/2017,
Waikato region,LAWA-100565,Out from Hot Springs at Hot Water Beach,Beach,Enterococci,42710.39375,1,FALSE,FALSE,49,12,2016,201649,1,2016/2017,
Waikato region,LAWA-100565,Out from Hot Springs at Hot Water Beach,Beach,Enterococci,42717.37986,1,FALSE,FALSE,50,12,2016,201650,1,2016/2017,
Waikato region,LAWA-100565,Out from Hot Springs at Hot Water Beach,Beach,Enterococci,42724.37639,1,FALSE,FALSE,51,12,2016,201651,1,2016/2017,
Waikato region,LAWA-100565,Out from Hot Springs at Hot Water Beach,Beach,Enterococci,42740.38542,1,FALSE,FALSE,1,1,2017,201701,1,2016/2017,
Waikato region,LAWA-100565,Out from Hot Springs at Hot Water Beach,Beach,Enterococci,42745.38264,1,FALSE,FALSE,2,1,2017,201702,1,2016/2017,
Waikato region,LAWA-100565,Out from Hot Springs at Hot Water Beach,Beach,Enterococci,42752.38333,1,FALSE,FALSE,3,1,2017,201703,1,2016/2017,
Waikato region,LAWA-100565,Out from Hot Springs at Hot Water Beach,Beach,Enterococci,42759.37917,1,FALSE,FALSE,4,1,2017,201704,1,2016/2017,
Waikato region,LAWA-100565,Out from Hot Springs at Hot Water Beach,Beach,Enterococci,42766.38194,10,FALSE,FALSE,5,1,2017,201705,10,2016/2017,
Waikato region,LAWA-100565,Out from Hot Springs at Hot Water Beach,Beach,Enterococci,42773.38611,1,FALSE,FALSE,6,2,2017,201706,1,2016/2017,
Waikato region,LAWA-100565,Out from Hot Springs at Hot Water Beach,Beach,Enterococci,42780.38889,1,FALSE,FALSE,7,2,2017,201707,1,2016/2017,
Waikato region,LAWA-100565,Out from Hot Springs at Hot Water Beach,Beach,Enterococci,42787.38194,1,FALSE,FALSE,8,2,2017,201708,1,2016/2017,
Waikato region,LAWA-100565,Out from Hot Springs at Hot Water Beach,Beach,Enterococci,42794.42222,1,FALSE,FALSE,9,2,2017,201709,1,2016/2017,
Waikato region,LAWA-100565,Out from Hot Springs at Hot Water Beach,Beach,Enterococci,42801.41875,1,FALSE,FALSE,10,3,2017,201710,1,2016/2017,
Waikato region,LAWA-100565,Out from Hot Springs at Hot Water Beach,Beach,Enterococci,42808.39931,5,FALSE,FALSE,11,3,2017,201711,5,2016/2017,
Waikato region,LAWA-100565,Out from Hot Springs at Hot Water Beach,Beach,Enterococci,42815.39236,1,FALSE,FALSE,12,3,2017,201712,1,2016/2017,
Waikato region,LAWA-100565,Out from Hot Springs at Hot Water Beach,Beach,Enterococci,42822.43403,6,FALSE,FALSE,13,3,2017,201713,6,2016/2017,
Waikato region,LAWA-100565,Out from Hot Springs at Hot Water Beach,Beach,Enterococci,43045.43611,1,FALSE,FALSE,45,11,2017,201745,1,2017/2018,
Waikato region,LAWA-100565,Out from Hot Springs at Hot Water Beach,Beach,Enterococci,43052.42083,1,FALSE,FALSE,46,11,2017,201746,1,2017/2018,
Waikato region,LAWA-100565,Out from Hot Springs at Hot Water Beach,Beach,Enterococci,43059.44097,1,FALSE,FALSE,47,11,2017,201747,1,2017/2018,
Waikato region,LAWA-100565,Out from Hot Springs at Hot Water Beach,Beach,Enterococci,43066.43403,1,FALSE,FALSE,48,11,2017,201748,1,2017/2018,
Waikato region,LAWA-100565,Out from Hot Springs at Hot Water Beach,Beach,Enterococci,43073.43056,10,FALSE,FALSE,49,12,2017,201749,10,2017/2018,
Waikato region,LAWA-100565,Out from Hot Springs at Hot Water Beach,Beach,Enterococci,43080.42708,717,FALSE,FALSE,50,12,2017,201750,717,2017/2018,
Waikato region,LAWA-100565,Out from Hot Springs at Hot Water Beach,Beach,Enterococci,43084.4375,10,FALSE,FALSE,50,12,2017,201750,10,2017/2018,Y
Waikato region,LAWA-100565,Out from Hot Springs at Hot Water Beach,Beach,Enterococci,43087.44444,10,FALSE,FALSE,51,12,2017,201751,10,2017/2018,
Waikato region,LAWA-100565,Out from Hot Springs at Hot Water Beach,Beach,Enterococci,43103.43056,10,FALSE,FALSE,1,1,2018,201801,10,2017/2018,
Waikato region,LAWA-100565,Out from Hot Springs at Hot Water Beach,Beach,Enterococci,43108.42778,10,FALSE,FALSE,2,1,2018,201802,10,2017/2018,
Waikato region,LAWA-100565,Out from Hot Springs at Hot Water Beach,Beach,Enterococci,43115.42708,10,FALSE,FALSE,3,1,2018,201803,10,2017/2018,
Waikato region,LAWA-100565,Out from Hot Springs at Hot Water Beach,Beach,Enterococci,43122.41667,10,FALSE,FALSE,4,1,2018,201804,10,2017/2018,
Waikato region,LAWA-100565,Out from Hot Springs at Hot Water Beach,Beach,Enterococci,43130.43403,1017,FALSE,FALSE,5,1,2018,201805,1017,2017/2018,
Waikato region,LAWA-100565,Out from Hot Springs at Hot Water Beach,Beach,Enterococci,43136.42361,10,FALSE,FALSE,6,2,2018,201806,10,2017/2018,
Waikato region,LAWA-100565,Out from Hot Springs at Hot Water Beach,Beach,Enterococci,43143.42917,199,FALSE,FALSE,7,2,2018,201807,199,2017/2018,
Waikato region,LAWA-100565,Out from Hot Springs at Hot Water Beach,Beach,Enterococci,43150.4375,10,FALSE,FALSE,8,2,2018,201808,10,2017/2018,
Waikato region,LAWA-100565,Out from Hot Springs at Hot Water Beach,Beach,Enterococci,43157.44444,10,FALSE,FALSE,9,2,2018,201809,10,2017/2018,
Waikato region,LAWA-100565,Out from Hot Springs at Hot Water Beach,Beach,Enterococci,43164.43403,10,FALSE,FALSE,10,3,2018,201810,10,2017/2018,
Waikato region,LAWA-100565,Out from Hot Springs at Hot Water Beach,Beach,Enterococci,43172.44653,10,FALSE,FALSE,11,3,2018,201811,10,2017/2018,
Waikato region,LAWA-100565,Out from Hot Springs at Hot Water Beach,Beach,Enterococci,43178.4375,10,FALSE,FALSE,12,3,2018,201812,10,2017/2018,
Waikato region,LAWA-100565,Out from Hot Springs at Hot Water Beach,Beach,Enterococci,43185.42361,10,FALSE,FALSE,13,3,2018,201813,10,2017/2018,
Waikato region,LAWA-100567,Pauanui Beach Surf Club at Pauanui Beach North,Beach,Enterococci,42675.54514,1,FALSE,FALSE,44,11,2016,201644,1,2016/2017,
Waikato region,LAWA-100567,Pauanui Beach Surf Club at Pauanui Beach North,Beach,Enterococci,42682.51944,10,FALSE,FALSE,45,11,2016,201645,10,2016/2017,
Waikato region,LAWA-100567,Pauanui Beach Surf Club at Pauanui Beach North,Beach,Enterococci,42689.49306,1,FALSE,FALSE,46,11,2016,201646,1,2016/2017,
Waikato region,LAWA-100567,Pauanui Beach Surf Club at Pauanui Beach North,Beach,Enterococci,42696.49514,1,FALSE,FALSE,47,11,2016,201647,1,2016/2017,
Waikato region,LAWA-100567,Pauanui Beach Surf Club at Pauanui Beach North,Beach,Enterococci,42703.45069,1,FALSE,FALSE,48,11,2016,201648,1,2016/2017,
Waikato region,LAWA-100567,Pauanui Beach Surf Club at Pauanui Beach North,Beach,Enterococci,42710.45278,1,FALSE,FALSE,49,12,2016,201649,1,2016/2017,
Waikato region,LAWA-100567,Pauanui Beach Surf Club at Pauanui Beach North,Beach,Enterococci,42717.46597,1,FALSE,FALSE,50,12,2016,201650,1,2016/2017,
Waikato region,LAWA-100567,Pauanui Beach Surf Club at Pauanui Beach North,Beach,Enterococci,42724.44792,1,FALSE,FALSE,51,12,2016,201651,1,2016/2017,
Waikato region,LAWA-100567,Pauanui Beach Surf Club at Pauanui Beach North,Beach,Enterococci,42740.45208,1,FALSE,FALSE,1,1,2017,201701,1,2016/2017,
Waikato region,LAWA-100567,Pauanui Beach Surf Club at Pauanui Beach North,Beach,Enterococci,42745.46181,1,FALSE,FALSE,2,1,2017,201702,1,2016/2017,
Waikato region,LAWA-100567,Pauanui Beach Surf Club at Pauanui Beach North,Beach,Enterococci,42752.45625,1,FALSE,FALSE,3,1,2017,201703,1,2016/2017,
Waikato region,LAWA-100567,Pauanui Beach Surf Club at Pauanui Beach North,Beach,Enterococci,42759.47292,1,FALSE,FALSE,4,1,2017,201704,1,2016/2017,
Waikato region,LAWA-100567,Pauanui Beach Surf Club at Pauanui Beach North,Beach,Enterococci,42766.44444,1,FALSE,FALSE,5,1,2017,201705,1,2016/2017,
Waikato region,LAWA-100567,Pauanui Beach Surf Club at Pauanui Beach North,Beach,Enterococci,42773.47222,1,FALSE,FALSE,6,2,2017,201706,1,2016/2017,
Waikato region,LAWA-100567,Pauanui Beach Surf Club at Pauanui Beach North,Beach,Enterococci,42780.44028,3,FALSE,FALSE,7,2,2017,201707,3,2016/2017,
Waikato region,LAWA-100567,Pauanui Beach Surf Club at Pauanui Beach North,Beach,Enterococci,42787.48264,1,FALSE,FALSE,8,2,2017,201708,1,2016/2017,
Waikato region,LAWA-100567,Pauanui Beach Surf Club at Pauanui Beach North,Beach,Enterococci,42794.46042,1,FALSE,FALSE,9,2,2017,201709,1,2016/2017,
Waikato region,LAWA-100567,Pauanui Beach Surf Club at Pauanui Beach North,Beach,Enterococci,42801.46389,1,FALSE,FALSE,10,3,2017,201710,1,2016/2017,
Waikato region,LAWA-100567,Pauanui Beach Surf Club at Pauanui Beach North,Beach,Enterococci,42808.48264,3,FALSE,FALSE,11,3,2017,201711,3,2016/2017,
Waikato region,LAWA-100567,Pauanui Beach Surf Club at Pauanui Beach North,Beach,Enterococci,42815.46875,1,FALSE,FALSE,12,3,2017,201712,1,2016/2017,
Waikato region,LAWA-100567,Pauanui Beach Surf Club at Pauanui Beach North,Beach,Enterococci,42822.49028,35,FALSE,FALSE,13,3,2017,201713,35,2016/2017,
Waikato region,LAWA-100567,Pauanui Beach Surf Club at Pauanui Beach North,Beach,Enterococci,43045.50694,1,FALSE,FALSE,45,11,2017,201745,1,2017/2018,
Waikato region,LAWA-100567,Pauanui Beach Surf Club at Pauanui Beach North,Beach,Enterococci,43052.475,1,FALSE,FALSE,46,11,2017,201746,1,2017/2018,
Waikato region,LAWA-100567,Pauanui Beach Surf Club at Pauanui Beach North,Beach,Enterococci,43059.50833,1,FALSE,FALSE,47,11,2017,201747,1,2017/2018,
Waikato region,LAWA-100567,Pauanui Beach Surf Club at Pauanui Beach North,Beach,Enterococci,43066.51042,1,FALSE,FALSE,48,11,2017,201748,1,2017/2018,
Waikato region,LAWA-100567,Pauanui Beach Surf Club at Pauanui Beach North,Beach,Enterococci,43073.51389,10,FALSE,FALSE,49,12,2017,201749,10,2017/2018,
Waikato region,LAWA-100567,Pauanui Beach Surf Club at Pauanui Beach North,Beach,Enterococci,43080.5,1236,FALSE,FALSE,50,12,2017,201750,1236,2017/2018,
Waikato region,LAWA-100567,Pauanui Beach Surf Club at Pauanui Beach North,Beach,Enterococci,43084.5,10,FALSE,FALSE,50,12,2017,201750,10,2017/2018,Y
Waikato region,LAWA-100567,Pauanui Beach Surf Club at Pauanui Beach North,Beach,Enterococci,43087.52083,10,FALSE,FALSE,51,12,2017,201751,10,2017/2018,
Waikato region,LAWA-100567,Pauanui Beach Surf Club at Pauanui Beach North,Beach,Enterococci,43103.5,10,FALSE,FALSE,1,1,2018,201801,10,2017/2018,
Waikato region,LAWA-100567,Pauanui Beach Surf Club at Pauanui Beach North,Beach,Enterococci,43108.5,10,FALSE,FALSE,2,1,2018,201802,10,2017/2018,
Waikato region,LAWA-100567,Pauanui Beach Surf Club at Pauanui Beach North,Beach,Enterococci,43115.50278,10,FALSE,FALSE,3,1,2018,201803,10,2017/2018,
Waikato region,LAWA-100567,Pauanui Beach Surf Club at Pauanui Beach North,Beach,Enterococci,43122.5,10,FALSE,FALSE,4,1,2018,201804,10,2017/2018,
Waikato region,LAWA-100567,Pauanui Beach Surf Club at Pauanui Beach North,Beach,Enterococci,43130.50694,7270,FALSE,FALSE,5,1,2018,201805,7270,2017/2018,
Waikato region,LAWA-100567,Pauanui Beach Surf Club at Pauanui Beach North,Beach,Enterococci,43136.48958,10,FALSE,FALSE,6,2,2018,201806,10,2017/2018,
Waikato region,LAWA-100567,Pauanui Beach Surf Club at Pauanui Beach North,Beach,Enterococci,43143.47917,663,FALSE,FALSE,7,2,2018,201807,663,2017/2018,
Waikato region,LAWA-100567,Pauanui Beach Surf Club at Pauanui Beach North,Beach,Enterococci,43150.51389,10,FALSE,FALSE,8,2,2018,201808,10,2017/2018,
Waikato region,LAWA-100567,Pauanui Beach Surf Club at Pauanui Beach North,Beach,Enterococci,43157.51389,20,FALSE,FALSE,9,2,2018,201809,20,2017/2018,
Waikato region,LAWA-100567,Pauanui Beach Surf Club at Pauanui Beach North,Beach,Enterococci,43164.4875,10,FALSE,FALSE,10,3,2018,201810,10,2017/2018,
Waikato region,LAWA-100567,Pauanui Beach Surf Club at Pauanui Beach North,Beach,Enterococci,43172.51458,10,FALSE,FALSE,11,3,2018,201811,10,2017/2018,
Waikato region,LAWA-100567,Pauanui Beach Surf Club at Pauanui Beach North,Beach,Enterococci,43178.48611,10,FALSE,FALSE,12,3,2018,201812,10,2017/2018,
Waikato region,LAWA-100567,Pauanui Beach Surf Club at Pauanui Beach North,Beach,Enterococci,43185.48194,10,FALSE,FALSE,13,3,2018,201813,10,2017/2018,
Waikato region,LAWA-100563,Sunset Beach Surfclub at Port Waikato Beach,Beach,Enterococci,42332.46458,4,FALSE,FALSE,47,11,2015,201547,4,2015/2016,
Waikato region,LAWA-100563,Sunset Beach Surfclub at Port Waikato Beach,Beach,Enterococci,42338.54375,1,FALSE,FALSE,48,11,2015,201548,1,2015/2016,
Waikato region,LAWA-100563,Sunset Beach Surfclub at Port Waikato Beach,Beach,Enterococci,42345.41389,1,FALSE,FALSE,49,12,2015,201549,1,2015/2016,
Waikato region,LAWA-100563,Sunset Beach Surfclub at Port Waikato Beach,Beach,Enterococci,42352.50486,20,FALSE,FALSE,50,12,2015,201550,20,2015/2016,
Waikato region,LAWA-100563,Sunset Beach Surfclub at Port Waikato Beach,Beach,Enterococci,42360.41944,4,FALSE,FALSE,51,12,2015,201551,4,2015/2016,
Waikato region,LAWA-100563,Sunset Beach Surfclub at Port Waikato Beach,Beach,Enterococci,42376.41736,1,FALSE,FALSE,1,1,2016,201601,1,2015/2016,
Waikato region,LAWA-100563,Sunset Beach Surfclub at Port Waikato Beach,Beach,Enterococci,42382.54653,50,FALSE,FALSE,2,1,2016,201602,50,2015/2016,
Waikato region,LAWA-100563,Sunset Beach Surfclub at Port Waikato Beach,Beach,Enterococci,42390.44931,1,FALSE,FALSE,3,1,2016,201603,1,2015/2016,
Waikato region,LAWA-100563,Sunset Beach Surfclub at Port Waikato Beach,Beach,Enterococci,42394.54236,1,FALSE,FALSE,4,1,2016,201604,1,2015/2016,
Waikato region,LAWA-100563,Sunset Beach Surfclub at Port Waikato Beach,Beach,Enterococci,42405.38472,3,FALSE,FALSE,6,2,2016,201606,3,2015/2016,
Waikato region,LAWA-100563,Sunset Beach Surfclub at Port Waikato Beach,Beach,Enterococci,42410.49722,21,FALSE,FALSE,6,2,2016,201606,21,2015/2016,
Waikato region,LAWA-100563,Sunset Beach Surfclub at Port Waikato Beach,Beach,Enterococci,42417.41528,1,FALSE,FALSE,7,2,2016,201607,1,2015/2016,
Waikato region,LAWA-100563,Sunset Beach Surfclub at Port Waikato Beach,Beach,Enterococci,42676.45139,10,FALSE,FALSE,44,11,2016,201644,10,2016/2017,
Waikato region,LAWA-100563,Sunset Beach Surfclub at Port Waikato Beach,Beach,Enterococci,42683.45972,1,FALSE,FALSE,45,11,2016,201645,1,2016/2017,
Waikato region,LAWA-100563,Sunset Beach Surfclub at Port Waikato Beach,Beach,Enterococci,42690.49444,10,FALSE,FALSE,46,11,2016,201646,10,2016/2017,
Waikato region,LAWA-100563,Sunset Beach Surfclub at Port Waikato Beach,Beach,Enterococci,42697.45625,1,FALSE,FALSE,47,11,2016,201647,1,2016/2017,
Waikato region,LAWA-100563,Sunset Beach Surfclub at Port Waikato Beach,Beach,Enterococci,42704.46528,2,FALSE,FALSE,48,11,2016,201648,2,2016/2017,
Waikato region,LAWA-100563,Sunset Beach Surfclub at Port Waikato Beach,Beach,Enterococci,42711.45694,1,FALSE,FALSE,49,12,2016,201649,1,2016/2017,
Waikato region,LAWA-100563,Sunset Beach Surfclub at Port Waikato Beach,Beach,Enterococci,42718.44167,8,FALSE,FALSE,50,12,2016,201650,8,2016/2017,
Waikato region,LAWA-100563,Sunset Beach Surfclub at Port Waikato Beach,Beach,Enterococci,42725.45903,1,FALSE,FALSE,51,12,2016,201651,1,2016/2017,
Waikato region,LAWA-100563,Sunset Beach Surfclub at Port Waikato Beach,Beach,Enterococci,42739.4625,2,FALSE,FALSE,1,1,2017,201701,2,2016/2017,
Waikato region,LAWA-100563,Sunset Beach Surfclub at Port Waikato Beach,Beach,Enterococci,42746.44514,10,FALSE,FALSE,2,1,2017,201702,10,2016/2017,
Waikato region,LAWA-100563,Sunset Beach Surfclub at Port Waikato Beach,Beach,Enterococci,42753.45556,3,FALSE,FALSE,3,1,2017,201703,3,2016/2017,
Waikato region,LAWA-100563,Sunset Beach Surfclub at Port Waikato Beach,Beach,Enterococci,42760.45486,2,FALSE,FALSE,4,1,2017,201704,2,2016/2017,
Waikato region,LAWA-100563,Sunset Beach Surfclub at Port Waikato Beach,Beach,Enterococci,42767.44792,1,FALSE,FALSE,5,2,2017,201705,1,2016/2017,
Waikato region,LAWA-100563,Sunset Beach Surfclub at Port Waikato Beach,Beach,Enterococci,42774.45833,1,FALSE,FALSE,6,2,2017,201706,1,2016/2017,
Waikato region,LAWA-100563,Sunset Beach Surfclub at Port Waikato Beach,Beach,Enterococci,42781.45833,6,FALSE,FALSE,7,2,2017,201707,6,2016/2017,
Waikato region,LAWA-100563,Sunset Beach Surfclub at Port Waikato Beach,Beach,Enterococci,42788.46181,2,FALSE,FALSE,8,2,2017,201708,2,2016/2017,
Waikato region,LAWA-100563,Sunset Beach Surfclub at Port Waikato Beach,Beach,Enterococci,42795.46389,20,FALSE,FALSE,9,3,2017,201709,20,2016/2017,
Waikato region,LAWA-100563,Sunset Beach Surfclub at Port Waikato Beach,Beach,Enterococci,42800.46181,7,FALSE,FALSE,10,3,2017,201710,7,2016/2017,
Waikato region,LAWA-100563,Sunset Beach Surfclub at Port Waikato Beach,Beach,Enterococci,42809.44236,9,FALSE,FALSE,11,3,2017,201711,9,2016/2017,
Waikato region,LAWA-100563,Sunset Beach Surfclub at Port Waikato Beach,Beach,Enterococci,42816.44792,1,FALSE,FALSE,12,3,2017,201712,1,2016/2017,
Waikato region,LAWA-100563,Sunset Beach Surfclub at Port Waikato Beach,Beach,Enterococci,42821.47222,2200,FALSE,FALSE,13,3,2017,201713,2200,2016/2017,
Waikato region,LAWA-100563,Sunset Beach Surfclub at Port Waikato Beach,Beach,Enterococci,43046.4375,6,FALSE,FALSE,45,11,2017,201745,6,2017/2018,
Waikato region,LAWA-100563,Sunset Beach Surfclub at Port Waikato Beach,Beach,Enterococci,43053.4875,1,FALSE,FALSE,46,11,2017,201746,1,2017/2018,
Waikato region,LAWA-100563,Sunset Beach Surfclub at Port Waikato Beach,Beach,Enterococci,43060.46528,4,FALSE,FALSE,47,11,2017,201747,4,2017/2018,
Waikato region,LAWA-100563,Sunset Beach Surfclub at Port Waikato Beach,Beach,Enterococci,43067.51042,1,FALSE,FALSE,48,11,2017,201748,1,2017/2018,
Waikato region,LAWA-100563,Sunset Beach Surfclub at Port Waikato Beach,Beach,Enterococci,43074.47222,1314,FALSE,FALSE,49,12,2017,201749,1314,2017/2018,
Waikato region,LAWA-100563,Sunset Beach Surfclub at Port Waikato Beach,Beach,Enterococci,43081.46181,10,FALSE,FALSE,50,12,2017,201750,10,2017/2018,
Waikato region,LAWA-100563,Sunset Beach Surfclub at Port Waikato Beach,Beach,Enterococci,43088.37986,10,FALSE,FALSE,51,12,2017,201751,10,2017/2018,
Waikato region,LAWA-100563,Sunset Beach Surfclub at Port Waikato Beach,Beach,Enterococci,43104.35417,10,FALSE,FALSE,1,1,2018,201801,10,2017/2018,
Waikato region,LAWA-100563,Sunset Beach Surfclub at Port Waikato Beach,Beach,Enterococci,43109.40417,10,FALSE,FALSE,2,1,2018,201802,10,2017/2018,
Waikato region,LAWA-100563,Sunset Beach Surfclub at Port Waikato Beach,Beach,Enterococci,43116.40833,20,FALSE,FALSE,3,1,2018,201803,20,2017/2018,
Waikato region,LAWA-100563,Sunset Beach Surfclub at Port Waikato Beach,Beach,Enterococci,43123.40764,10,FALSE,FALSE,4,1,2018,201804,10,2017/2018,
Waikato region,LAWA-100563,Sunset Beach Surfclub at Port Waikato Beach,Beach,Enterococci,43131.39861,10,FALSE,FALSE,5,1,2018,201805,10,2017/2018,
Waikato region,LAWA-100563,Sunset Beach Surfclub at Port Waikato Beach,Beach,Enterococci,43138.41667,10,FALSE,FALSE,6,2,2018,201806,10,2017/2018,
Waikato region,LAWA-100563,Sunset Beach Surfclub at Port Waikato Beach,Beach,Enterococci,43144.40347,10,FALSE,FALSE,7,2,2018,201807,10,2017/2018,
Waikato region,LAWA-100563,Sunset Beach Surfclub at Port Waikato Beach,Beach,Enterococci,43151.39583,10,FALSE,FALSE,8,2,2018,201808,10,2017/2018,
Waikato region,LAWA-100563,Sunset Beach Surfclub at Port Waikato Beach,Beach,Enterococci,43158.47222,10,FALSE,FALSE,9,2,2018,201809,10,2017/2018,
Waikato region,LAWA-100563,Sunset Beach Surfclub at Port Waikato Beach,Beach,Enterococci,43165.47917,10,FALSE,FALSE,10,3,2018,201810,10,2017/2018,
Waikato region,LAWA-100563,Sunset Beach Surfclub at Port Waikato Beach,Beach,Enterococci,43172.38889,10,FALSE,FALSE,11,3,2018,201811,10,2017/2018,
Waikato region,LAWA-100563,Sunset Beach Surfclub at Port Waikato Beach,Beach,Enterococci,43179.44167,10,FALSE,FALSE,12,3,2018,201812,10,2017/2018,
Waikato region,LAWA-100563,Sunset Beach Surfclub at Port Waikato Beach,Beach,Enterococci,43186.44444,10,FALSE,FALSE,13,3,2018,201813,10,2017/2018,
Waikato region,EW-10007,Lake Taupo at Acacia Bay Wharf,LakeSite,E-coli,42340.53958,28,FALSE,FALSE,48,12,2015,201548,28,2015/2016,
Waikato region,EW-10007,Lake Taupo at Acacia Bay Wharf,LakeSite,E-coli,42349.52847,36,FALSE,FALSE,50,12,2015,201550,36,2015/2016,
Waikato region,EW-10007,Lake Taupo at Acacia Bay Wharf,LakeSite,E-coli,42352.53889,4,FALSE,FALSE,50,12,2015,201550,4,2015/2016,
Waikato region,EW-10007,Lake Taupo at Acacia Bay Wharf,LakeSite,E-coli,42361.52778,500,FALSE,FALSE,51,12,2015,201551,500,2015/2016,
Waikato region,EW-10007,Lake Taupo at Acacia Bay Wharf,LakeSite,E-coli,42377.52292,18,FALSE,FALSE,2,1,2016,201602,18,2015/2016,
Waikato region,EW-10007,Lake Taupo at Acacia Bay Wharf,LakeSite,E-coli,42382.5625,5,FALSE,FALSE,2,1,2016,201602,5,2015/2016,
Waikato region,EW-10007,Lake Taupo at Acacia Bay Wharf,LakeSite,E-coli,42387.54514,310,FALSE,FALSE,3,1,2016,201603,310,2015/2016,
Waikato region,EW-10007,Lake Taupo at Acacia Bay Wharf,LakeSite,E-coli,42397.51319,36,FALSE,FALSE,4,1,2016,201604,36,2015/2016,
Waikato region,EW-10007,Lake Taupo at Acacia Bay Wharf,LakeSite,E-coli,42403.52431,100,FALSE,FALSE,5,2,2016,201605,100,2015/2016,
Waikato region,EW-10007,Lake Taupo at Acacia Bay Wharf,LakeSite,E-coli,42411.53125,1,FALSE,FALSE,6,2,2016,201606,1,2015/2016,
Waikato region,EW-10007,Lake Taupo at Acacia Bay Wharf,LakeSite,E-coli,42415.53403,20,FALSE,FALSE,7,2,2016,201607,20,2015/2016,
Waikato region,EW-10007,Lake Taupo at Acacia Bay Wharf,LakeSite,E-coli,42423.51944,1,FALSE,FALSE,8,2,2016,201608,1,2015/2016,
Waikato region,EW-10007,Lake Taupo at Acacia Bay Wharf,LakeSite,E-coli,43073.54653,70,FALSE,FALSE,49,12,2017,201749,70,2017/2018,
Waikato region,EW-10007,Lake Taupo at Acacia Bay Wharf,LakeSite,E-coli,43080.5,280,FALSE,FALSE,50,12,2017,201750,280,2017/2018,
Waikato region,EW-10007,Lake Taupo at Acacia Bay Wharf,LakeSite,E-coli,43087.53125,330,FALSE,FALSE,51,12,2017,201751,330,2017/2018,
Waikato region,EW-10007,Lake Taupo at Acacia Bay Wharf,LakeSite,E-coli,43103.54167,180,FALSE,FALSE,1,1,2018,201801,180,2017/2018,
Waikato region,EW-10007,Lake Taupo at Acacia Bay Wharf,LakeSite,E-coli,43108.55694,60,FALSE,FALSE,2,1,2018,201802,60,2017/2018,
Waikato region,EW-10007,Lake Taupo at Acacia Bay Wharf,LakeSite,E-coli,43115.52778,150,FALSE,FALSE,3,1,2018,201803,150,2017/2018,
Waikato region,EW-10007,Lake Taupo at Acacia Bay Wharf,LakeSite,E-coli,43122.49583,100,FALSE,FALSE,4,1,2018,201804,100,2017/2018,
Waikato region,EW-10007,Lake Taupo at Acacia Bay Wharf,LakeSite,E-coli,43130.55,30,FALSE,FALSE,5,1,2018,201805,30,2017/2018,
Waikato region,EW-10007,Lake Taupo at Acacia Bay Wharf,LakeSite,E-coli,43136.52292,8,FALSE,FALSE,6,2,2018,201806,8,2017/2018,
Waikato region,EW-10007,Lake Taupo at Acacia Bay Wharf,LakeSite,E-coli,43143.49792,210,FALSE,FALSE,7,2,2018,201807,210,2017/2018,
Waikato region,EW-10007,Lake Taupo at Acacia Bay Wharf,LakeSite,E-coli,43150.52083,28,FALSE,FALSE,8,2,2018,201808,28,2017/2018,
Waikato region,EW-10007,Lake Taupo at Acacia Bay Wharf,LakeSite,E-coli,43157.52639,9,FALSE,FALSE,9,2,2018,201809,9,2017/2018,
Waikato region,EW-10008,Lake Taupo at Awaroa Reserve,LakeSite,E-coli,42340.50694,3,FALSE,FALSE,48,12,2015,201548,3,2015/2016,
Waikato region,EW-10008,Lake Taupo at Awaroa Reserve,LakeSite,E-coli,42349.48611,5,FALSE,FALSE,50,12,2015,201550,5,2015/2016,
Waikato region,EW-10008,Lake Taupo at Awaroa Reserve,LakeSite,E-coli,42352.48681,20,FALSE,FALSE,50,12,2015,201550,20,2015/2016,
Waikato region,EW-10008,Lake Taupo at Awaroa Reserve,LakeSite,E-coli,42361.48819,2,FALSE,FALSE,51,12,2015,201551,2,2015/2016,
Waikato region,EW-10008,Lake Taupo at Awaroa Reserve,LakeSite,E-coli,42377.47847,510,FALSE,FALSE,2,1,2016,201602,510,2015/2016,
Waikato region,EW-10008,Lake Taupo at Awaroa Reserve,LakeSite,E-coli,42382.51389,4,FALSE,FALSE,2,1,2016,201602,4,2015/2016,
Waikato region,EW-10008,Lake Taupo at Awaroa Reserve,LakeSite,E-coli,42387.49792,1,FALSE,FALSE,3,1,2016,201603,1,2015/2016,
Waikato region,EW-10008,Lake Taupo at Awaroa Reserve,LakeSite,E-coli,42397.46875,5,FALSE,FALSE,4,1,2016,201604,5,2015/2016,
Waikato region,EW-10008,Lake Taupo at Awaroa Reserve,LakeSite,E-coli,42403.49306,10,FALSE,FALSE,5,2,2016,201605,10,2015/2016,
Waikato region,EW-10008,Lake Taupo at Awaroa Reserve,LakeSite,E-coli,42411.49375,1,FALSE,FALSE,6,2,2016,201606,1,2015/2016,
Waikato region,EW-10008,Lake Taupo at Awaroa Reserve,LakeSite,E-coli,42415.48542,1,FALSE,FALSE,7,2,2016,201607,1,2015/2016,
Waikato region,EW-10008,Lake Taupo at Awaroa Reserve,LakeSite,E-coli,42423.48889,27,FALSE,FALSE,8,2,2016,201608,27,2015/2016,
Waikato region,EW-10008,Lake Taupo at Awaroa Reserve,LakeSite,E-coli,43073.51806,2,FALSE,FALSE,49,12,2017,201749,2,2017/2018,
Waikato region,EW-10008,Lake Taupo at Awaroa Reserve,LakeSite,E-coli,43080.47222,12,FALSE,FALSE,50,12,2017,201750,12,2017/2018,
Waikato region,EW-10008,Lake Taupo at Awaroa Reserve,LakeSite,E-coli,43087.48264,50,FALSE,FALSE,51,12,2017,201751,50,2017/2018,
Waikato region,EW-10008,Lake Taupo at Awaroa Reserve,LakeSite,E-coli,43103.47917,3,FALSE,FALSE,1,1,2018,201801,3,2017/2018,
Waikato region,EW-10008,Lake Taupo at Awaroa Reserve,LakeSite,E-coli,43108.50694,4,FALSE,FALSE,2,1,2018,201802,4,2017/2018,
Waikato region,EW-10008,Lake Taupo at Awaroa Reserve,LakeSite,E-coli,43115.47222,49,FALSE,FALSE,3,1,2018,201803,49,2017/2018,
Waikato region,EW-10008,Lake Taupo at Awaroa Reserve,LakeSite,E-coli,43122.45347,35,FALSE,FALSE,4,1,2018,201804,35,2017/2018,
Waikato region,EW-10008,Lake Taupo at Awaroa Reserve,LakeSite,E-coli,43130.49306,5,FALSE,FALSE,5,1,2018,201805,5,2017/2018,
Waikato region,EW-10008,Lake Taupo at Awaroa Reserve,LakeSite,E-coli,43136.48611,5,FALSE,FALSE,6,2,2018,201806,5,2017/2018,
Waikato region,EW-10008,Lake Taupo at Awaroa Reserve,LakeSite,E-coli,43143.46806,29,FALSE,FALSE,7,2,2018,201807,29,2017/2018,
Waikato region,EW-10008,Lake Taupo at Awaroa Reserve,LakeSite,E-coli,43150.48819,5,FALSE,FALSE,8,2,2018,201808,5,2017/2018,
Waikato region,EW-10008,Lake Taupo at Awaroa Reserve,LakeSite,E-coli,43157.49306,17,FALSE,FALSE,9,2,2018,201809,17,2017/2018,
Waikato region,EW-10009,Lake Taupo at Kinloch,LakeSite,E-coli,42340.57083,1,FALSE,FALSE,48,12,2015,201548,1,2015/2016,
Waikato region,EW-10009,Lake Taupo at Kinloch,LakeSite,E-coli,42349.55903,50,FALSE,FALSE,50,12,2015,201550,50,2015/2016,
Waikato region,EW-10009,Lake Taupo at Kinloch,LakeSite,E-coli,42352.57222,31,FALSE,FALSE,50,12,2015,201550,31,2015/2016,
Waikato region,EW-10009,Lake Taupo at Kinloch,LakeSite,E-coli,42361.5625,1,FALSE,FALSE,51,12,2015,201551,1,2015/2016,
Waikato region,EW-10009,Lake Taupo at Kinloch,LakeSite,E-coli,42377.5625,30,FALSE,FALSE,2,1,2016,201602,30,2015/2016,
Waikato region,EW-10009,Lake Taupo at Kinloch,LakeSite,E-coli,42382.59236,14,FALSE,FALSE,2,1,2016,201602,14,2015/2016,
Waikato region,EW-10009,Lake Taupo at Kinloch,LakeSite,E-coli,42387.57569,1,FALSE,FALSE,3,1,2016,201603,1,2015/2016,
Waikato region,EW-10009,Lake Taupo at Kinloch,LakeSite,E-coli,42397.53958,4,FALSE,FALSE,4,1,2016,201604,4,2015/2016,
Waikato region,EW-10009,Lake Taupo at Kinloch,LakeSite,E-coli,42403.55347,2,FALSE,FALSE,5,2,2016,201605,2,2015/2016,
Waikato region,EW-10009,Lake Taupo at Kinloch,LakeSite,E-coli,42411.55347,1,FALSE,FALSE,6,2,2016,201606,1,2015/2016,
Waikato region,EW-10009,Lake Taupo at Kinloch,LakeSite,E-coli,42415.56806,1,FALSE,FALSE,7,2,2016,201607,1,2015/2016,
Waikato region,EW-10009,Lake Taupo at Kinloch,LakeSite,E-coli,42423.55208,5,FALSE,FALSE,8,2,2016,201608,5,2015/2016,
Waikato region,EW-10009,Lake Taupo at Kinloch,LakeSite,E-coli,43073.57708,12,FALSE,FALSE,49,12,2017,201749,12,2017/2018,
Waikato region,EW-10009,Lake Taupo at Kinloch,LakeSite,E-coli,43080.53125,1,FALSE,FALSE,50,12,2017,201750,1,2017/2018,
Waikato region,EW-10009,Lake Taupo at Kinloch,LakeSite,E-coli,43087.5625,1,FALSE,FALSE,51,12,2017,201751,1,2017/2018,
Waikato region,EW-10009,Lake Taupo at Kinloch,LakeSite,E-coli,43103.57639,1,FALSE,FALSE,1,1,2018,201801,1,2017/2018,
Waikato region,EW-10009,Lake Taupo at Kinloch,LakeSite,E-coli,43108.58819,3,FALSE,FALSE,2,1,2018,201802,3,2017/2018,
Waikato region,EW-10009,Lake Taupo at Kinloch,LakeSite,E-coli,43115.5625,8,FALSE,FALSE,3,1,2018,201803,8,2017/2018,
Waikato region,EW-10009,Lake Taupo at Kinloch,LakeSite,E-coli,43122.53125,5,FALSE,FALSE,4,1,2018,201804,5,2017/2018,
Waikato region,EW-10009,Lake Taupo at Kinloch,LakeSite,E-coli,43130.59028,23,FALSE,FALSE,5,1,2018,201805,23,2017/2018,
Waikato region,EW-10009,Lake Taupo at Kinloch,LakeSite,E-coli,43136.56181,60,FALSE,FALSE,6,2,2018,201806,60,2017/2018,
Waikato region,EW-10009,Lake Taupo at Kinloch,LakeSite,E-coli,43143.53681,18,FALSE,FALSE,7,2,2018,201807,18,2017/2018,
Waikato region,EW-10009,Lake Taupo at Kinloch,LakeSite,E-coli,43150.55208,14,FALSE,FALSE,8,2,2018,201808,14,2017/2018,
Waikato region,EW-10009,Lake Taupo at Kinloch,LakeSite,E-coli,43157.56528,15,FALSE,FALSE,9,2,2018,201809,15,2017/2018,
Waikato region,EW-10010,Lake Taupo at Kuratau,LakeSite,E-coli,42340.42083,43,FALSE,FALSE,48,12,2015,201548,43,2015/2016,
Waikato region,EW-10010,Lake Taupo at Kuratau,LakeSite,E-coli,42349.41667,1,FALSE,FALSE,50,12,2015,201550,1,2015/2016,
Waikato region,EW-10010,Lake Taupo at Kuratau,LakeSite,E-coli,42352.40972,27,FALSE,FALSE,50,12,2015,201550,27,2015/2016,
Waikato region,EW-10010,Lake Taupo at Kuratau,LakeSite,E-coli,42361.40972,260,FALSE,FALSE,51,12,2015,201551,260,2015/2016,
Waikato region,EW-10010,Lake Taupo at Kuratau,LakeSite,E-coli,42377.41042,28,FALSE,FALSE,2,1,2016,201602,28,2015/2016,
Waikato region,EW-10010,Lake Taupo at Kuratau,LakeSite,E-coli,42382.40972,1,FALSE,FALSE,2,1,2016,201602,1,2015/2016,
Waikato region,EW-10010,Lake Taupo at Kuratau,LakeSite,E-coli,42387.41319,30,FALSE,FALSE,3,1,2016,201603,30,2015/2016,
Waikato region,EW-10010,Lake Taupo at Kuratau,LakeSite,E-coli,42397.40625,3,FALSE,FALSE,4,1,2016,201604,3,2015/2016,
Waikato region,EW-10010,Lake Taupo at Kuratau,LakeSite,E-coli,42403.42917,1,FALSE,FALSE,5,2,2016,201605,1,2015/2016,
Waikato region,EW-10010,Lake Taupo at Kuratau,LakeSite,E-coli,42411.41944,1,FALSE,FALSE,6,2,2016,201606,1,2015/2016,
Waikato region,EW-10010,Lake Taupo at Kuratau,LakeSite,E-coli,42415.41667,70,FALSE,FALSE,7,2,2016,201607,70,2015/2016,
Waikato region,EW-10010,Lake Taupo at Kuratau,LakeSite,E-coli,42423.42153,1,FALSE,FALSE,8,2,2016,201608,1,2015/2016,
Waikato region,EW-10010,Lake Taupo at Kuratau,LakeSite,E-coli,43073.43264,180,FALSE,FALSE,49,12,2017,201749,180,2017/2018,
Waikato region,EW-10010,Lake Taupo at Kuratau,LakeSite,E-coli,43080.40278,7,FALSE,FALSE,50,12,2017,201750,7,2017/2018,
Waikato region,EW-10010,Lake Taupo at Kuratau,LakeSite,E-coli,43087.40278,4,FALSE,FALSE,51,12,2017,201751,4,2017/2018,
Waikato region,EW-10010,Lake Taupo at Kuratau,LakeSite,E-coli,43103.39931,80,FALSE,FALSE,1,1,2018,201801,80,2017/2018,
Waikato region,EW-10010,Lake Taupo at Kuratau,LakeSite,E-coli,43108.44792,7,FALSE,FALSE,2,1,2018,201802,7,2017/2018,
Waikato region,EW-10010,Lake Taupo at Kuratau,LakeSite,E-coli,43115.40069,5,FALSE,FALSE,3,1,2018,201803,5,2017/2018,
Waikato region,EW-10010,Lake Taupo at Kuratau,LakeSite,E-coli,43122.38542,22,FALSE,FALSE,4,1,2018,201804,22,2017/2018,
Waikato region,EW-10010,Lake Taupo at Kuratau,LakeSite,E-coli,43130.41319,10,FALSE,FALSE,5,1,2018,201805,10,2017/2018,
Waikato region,EW-10010,Lake Taupo at Kuratau,LakeSite,E-coli,43136.39583,240,FALSE,FALSE,6,2,2018,201806,240,2017/2018,
Waikato region,EW-10010,Lake Taupo at Kuratau,LakeSite,E-coli,43143.40625,19,FALSE,FALSE,7,2,2018,201807,19,2017/2018,
Waikato region,EW-10010,Lake Taupo at Kuratau,LakeSite,E-coli,43150.41667,3,FALSE,FALSE,8,2,2018,201808,3,2017/2018,
Waikato region,EW-10010,Lake Taupo at Kuratau,LakeSite,E-coli,43157.41667,1,FALSE,FALSE,9,2,2018,201809,1,2017/2018,
Waikato region,EW-10011,Lake Taupo at Mission Bay,LakeSite,E-coli,42340.48472,1,FALSE,FALSE,48,12,2015,201548,1,2015/2016,
Waikato region,EW-10011,Lake Taupo at Mission Bay,LakeSite,E-coli,42349.46528,2,FALSE,FALSE,50,12,2015,201550,2,2015/2016,
Waikato region,EW-10011,Lake Taupo at Mission Bay,LakeSite,E-coli,42352.46319,16,FALSE,FALSE,50,12,2015,201550,16,2015/2016,
Waikato region,EW-10011,Lake Taupo at Mission Bay,LakeSite,E-coli,42361.4625,1,FALSE,FALSE,51,12,2015,201551,1,2015/2016,
Waikato region,EW-10011,Lake Taupo at Mission Bay,LakeSite,E-coli,42377.45764,14,FALSE,FALSE,2,1,2016,201602,14,2015/2016,
Waikato region,EW-10011,Lake Taupo at Mission Bay,LakeSite,E-coli,42382.46181,7,FALSE,FALSE,2,1,2016,201602,7,2015/2016,
Waikato region,EW-10011,Lake Taupo at Mission Bay,LakeSite,E-coli,42387.47222,2,FALSE,FALSE,3,1,2016,201603,2,2015/2016,
Waikato region,EW-10011,Lake Taupo at Mission Bay,LakeSite,E-coli,42397.45139,1,FALSE,FALSE,4,1,2016,201604,1,2015/2016,
Waikato region,EW-10011,Lake Taupo at Mission Bay,LakeSite,E-coli,42403.47153,1,FALSE,FALSE,5,2,2016,201605,1,2015/2016,
Waikato region,EW-10011,Lake Taupo at Mission Bay,LakeSite,E-coli,42411.46806,1,FALSE,FALSE,6,2,2016,201606,1,2015/2016,
Waikato region,EW-10011,Lake Taupo at Mission Bay,LakeSite,E-coli,42415.4625,1,FALSE,FALSE,7,2,2016,201607,1,2015/2016,
Waikato region,EW-10011,Lake Taupo at Mission Bay,LakeSite,E-coli,42423.46736,30,FALSE,FALSE,8,2,2016,201608,30,2015/2016,
Waikato region,EW-10011,Lake Taupo at Mission Bay,LakeSite,E-coli,43073.49722,1,FALSE,FALSE,49,12,2017,201749,1,2017/2018,
Waikato region,EW-10011,Lake Taupo at Mission Bay,LakeSite,E-coli,43080.45139,2,FALSE,FALSE,50,12,2017,201750,2,2017/2018,
Waikato region,EW-10011,Lake Taupo at Mission Bay,LakeSite,E-coli,43087.45139,11,FALSE,FALSE,51,12,2017,201751,11,2017/2018,
Waikato region,EW-10011,Lake Taupo at Mission Bay,LakeSite,E-coli,43103.45139,1,FALSE,FALSE,1,1,2018,201801,1,2017/2018,
Waikato region,EW-10011,Lake Taupo at Mission Bay,LakeSite,E-coli,43108.49306,1,FALSE,FALSE,2,1,2018,201802,1,2017/2018,
Waikato region,EW-10011,Lake Taupo at Mission Bay,LakeSite,E-coli,43115.44792,1,FALSE,FALSE,3,1,2018,201803,1,2017/2018,
Waikato region,EW-10011,Lake Taupo at Mission Bay,LakeSite,E-coli,43122.43264,1,FALSE,FALSE,4,1,2018,201804,1,2017/2018,
Waikato region,EW-10011,Lake Taupo at Mission Bay,LakeSite,E-coli,43130.46528,1,FALSE,FALSE,5,1,2018,201805,1,2017/2018,
Waikato region,EW-10011,Lake Taupo at Mission Bay,LakeSite,E-coli,43136.46111,1,FALSE,FALSE,6,2,2018,201806,1,2017/2018,
Waikato region,EW-10011,Lake Taupo at Mission Bay,LakeSite,E-coli,43143.44653,3,FALSE,FALSE,7,2,2018,201807,3,2017/2018,
Waikato region,EW-10011,Lake Taupo at Mission Bay,LakeSite,E-coli,43150.46667,5,FALSE,FALSE,8,2,2018,201808,5,2017/2018,
Waikato region,EW-10011,Lake Taupo at Mission Bay,LakeSite,E-coli,43157.47361,10,FALSE,FALSE,9,2,2018,201809,10,2017/2018,
Waikato region,EW-10012,Lake Taupo at Motutere Bay,LakeSite,E-coli,42340.49167,1,FALSE,FALSE,48,12,2015,201548,1,2015/2016,
Waikato region,EW-10012,Lake Taupo at Motutere Bay,LakeSite,E-coli,42349.47153,1,FALSE,FALSE,50,12,2015,201550,1,2015/2016,
Waikato region,EW-10012,Lake Taupo at Motutere Bay,LakeSite,E-coli,42352.47153,1,FALSE,FALSE,50,12,2015,201550,1,2015/2016,
Waikato region,EW-10012,Lake Taupo at Motutere Bay,LakeSite,E-coli,42361.47083,1,FALSE,FALSE,51,12,2015,201551,1,2015/2016,
Waikato region,EW-10012,Lake Taupo at Motutere Bay,LakeSite,E-coli,42377.46319,140,FALSE,FALSE,2,1,2016,201602,140,2015/2016,
Waikato region,EW-10012,Lake Taupo at Motutere Bay,LakeSite,E-coli,42382.48958,1,FALSE,FALSE,2,1,2016,201602,1,2015/2016,
Waikato region,EW-10012,Lake Taupo at Motutere Bay,LakeSite,E-coli,42387.48056,1,FALSE,FALSE,3,1,2016,201603,1,2015/2016,
Waikato region,EW-10012,Lake Taupo at Motutere Bay,LakeSite,E-coli,42397.45694,3,FALSE,FALSE,4,1,2016,201604,3,2015/2016,
Waikato region,EW-10012,Lake Taupo at Motutere Bay,LakeSite,E-coli,42403.47847,1,FALSE,FALSE,5,2,2016,201605,1,2015/2016,
Waikato region,EW-10012,Lake Taupo at Motutere Bay,LakeSite,E-coli,42411.47569,1,FALSE,FALSE,6,2,2016,201606,1,2015/2016,
Waikato region,EW-10012,Lake Taupo at Motutere Bay,LakeSite,E-coli,42415.46875,1,FALSE,FALSE,7,2,2016,201607,1,2015/2016,
Waikato region,EW-10012,Lake Taupo at Motutere Bay,LakeSite,E-coli,42423.47361,4,FALSE,FALSE,8,2,2016,201608,4,2015/2016,
Waikato region,EW-10012,Lake Taupo at Motutere Bay,LakeSite,E-coli,43073.50139,1,FALSE,FALSE,49,12,2017,201749,1,2017/2018,
Waikato region,EW-10012,Lake Taupo at Motutere Bay,LakeSite,E-coli,43080.45833,1,FALSE,FALSE,50,12,2017,201750,1,2017/2018,
Waikato region,EW-10012,Lake Taupo at Motutere Bay,LakeSite,E-coli,43087.45833,1,FALSE,FALSE,51,12,2017,201751,1,2017/2018,
Waikato region,EW-10012,Lake Taupo at Motutere Bay,LakeSite,E-coli,43103.46181,3,FALSE,FALSE,1,1,2018,201801,3,2017/2018,
Waikato region,EW-10012,Lake Taupo at Motutere Bay,LakeSite,E-coli,43108.5,24,FALSE,FALSE,2,1,2018,201802,24,2017/2018,
Waikato region,EW-10012,Lake Taupo at Motutere Bay,LakeSite,E-coli,43115.45486,1,FALSE,FALSE,3,1,2018,201803,1,2017/2018,
Waikato region,EW-10012,Lake Taupo at Motutere Bay,LakeSite,E-coli,43122.43611,80,FALSE,FALSE,4,1,2018,201804,80,2017/2018,
Waikato region,EW-10012,Lake Taupo at Motutere Bay,LakeSite,E-coli,43130.47569,5,FALSE,FALSE,5,1,2018,201805,5,2017/2018,
Waikato region,EW-10012,Lake Taupo at Motutere Bay,LakeSite,E-coli,43136.44931,4,FALSE,FALSE,6,2,2018,201806,4,2017/2018,
Waikato region,EW-10012,Lake Taupo at Motutere Bay,LakeSite,E-coli,43143.45069,3,FALSE,FALSE,7,2,2018,201807,3,2017/2018,
Waikato region,EW-10012,Lake Taupo at Motutere Bay,LakeSite,E-coli,43150.47222,40,FALSE,FALSE,8,2,2018,201808,40,2017/2018,
Waikato region,EW-10012,Lake Taupo at Motutere Bay,LakeSite,E-coli,43157.47708,7,FALSE,FALSE,9,2,2018,201809,7,2017/2018,
Waikato region,EW-10013,Lake Taupo at Omori,LakeSite,E-coli,42340.42778,52,FALSE,FALSE,48,12,2015,201548,52,2015/2016,
Waikato region,EW-10013,Lake Taupo at Omori,LakeSite,E-coli,42349.42292,1,FALSE,FALSE,50,12,2015,201550,1,2015/2016,
Waikato region,EW-10013,Lake Taupo at Omori,LakeSite,E-coli,42352.41944,200,FALSE,FALSE,50,12,2015,201550,200,2015/2016,
Waikato region,EW-10013,Lake Taupo at Omori,LakeSite,E-coli,42361.41736,300,FALSE,FALSE,51,12,2015,201551,300,2015/2016,
Waikato region,EW-10013,Lake Taupo at Omori,LakeSite,E-coli,42377.41528,16,FALSE,FALSE,2,1,2016,201602,16,2015/2016,
Waikato region,EW-10013,Lake Taupo at Omori,LakeSite,E-coli,42382.41806,3,FALSE,FALSE,2,1,2016,201602,3,2015/2016,
Waikato region,EW-10013,Lake Taupo at Omori,LakeSite,E-coli,42387.42222,15,FALSE,FALSE,3,1,2016,201603,15,2015/2016,
Waikato region,EW-10013,Lake Taupo at Omori,LakeSite,E-coli,42397.4125,14,FALSE,FALSE,4,1,2016,201604,14,2015/2016,
Waikato region,EW-10013,Lake Taupo at Omori,LakeSite,E-coli,42403.43611,1,FALSE,FALSE,5,2,2016,201605,1,2015/2016,
Waikato region,EW-10013,Lake Taupo at Omori,LakeSite,E-coli,42411.42708,60,FALSE,FALSE,6,2,2016,201606,60,2015/2016,
Waikato region,EW-10013,Lake Taupo at Omori,LakeSite,E-coli,42415.42569,15,FALSE,FALSE,7,2,2016,201607,15,2015/2016,
Waikato region,EW-10013,Lake Taupo at Omori,LakeSite,E-coli,42423.42986,18,FALSE,FALSE,8,2,2016,201608,18,2015/2016,
Waikato region,EW-10013,Lake Taupo at Omori,LakeSite,E-coli,43073.44097,5,FALSE,FALSE,49,12,2017,201749,5,2017/2018,
Waikato region,EW-10013,Lake Taupo at Omori,LakeSite,E-coli,43080.40972,4,FALSE,FALSE,50,12,2017,201750,4,2017/2018,
Waikato region,EW-10013,Lake Taupo at Omori,LakeSite,E-coli,43087.40972,23,FALSE,FALSE,51,12,2017,201751,23,2017/2018,
Waikato region,EW-10013,Lake Taupo at Omori,LakeSite,E-coli,43103.40625,120,FALSE,FALSE,1,1,2018,201801,120,2017/2018,
Waikato region,EW-10013,Lake Taupo at Omori,LakeSite,E-coli,43108.45139,20,FALSE,FALSE,2,1,2018,201802,20,2017/2018,
Waikato region,EW-10013,Lake Taupo at Omori,LakeSite,E-coli,43115.40972,70,FALSE,FALSE,3,1,2018,201803,70,2017/2018,
Waikato region,EW-10013,Lake Taupo at Omori,LakeSite,E-coli,43122.39514,48,FALSE,FALSE,4,1,2018,201804,48,2017/2018,
Waikato region,EW-10013,Lake Taupo at Omori,LakeSite,E-coli,43130.425,10,FALSE,FALSE,5,1,2018,201805,10,2017/2018,
Waikato region,EW-10013,Lake Taupo at Omori,LakeSite,E-coli,43136.40625,11,FALSE,FALSE,6,2,2018,201806,11,2017/2018,
Waikato region,EW-10013,Lake Taupo at Omori,LakeSite,E-coli,43143.41181,18,FALSE,FALSE,7,2,2018,201807,18,2017/2018,
Waikato region,EW-10013,Lake Taupo at Omori,LakeSite,E-coli,43150.42361,15,FALSE,FALSE,8,2,2018,201808,15,2017/2018,
Waikato region,EW-10013,Lake Taupo at Omori,LakeSite,E-coli,43157.42431,1,FALSE,FALSE,9,2,2018,201809,1,2017/2018,
Waikato region,EW-10014,Lake Taupo at Stump Bay,LakeSite,E-coli,42340.46319,3,FALSE,FALSE,48,12,2015,201548,3,2015/2016,
Waikato region,EW-10014,Lake Taupo at Stump Bay,LakeSite,E-coli,42349.45278,39,FALSE,FALSE,50,12,2015,201550,39,2015/2016,
Waikato region,EW-10014,Lake Taupo at Stump Bay,LakeSite,E-coli,42352.44722,80,FALSE,FALSE,50,12,2015,201550,80,2015/2016,
Waikato region,EW-10014,Lake Taupo at Stump Bay,LakeSite,E-coli,42361.44583,2,FALSE,FALSE,51,12,2015,201551,2,2015/2016,
Waikato region,EW-10014,Lake Taupo at Stump Bay,LakeSite,E-coli,42377.44792,28,FALSE,FALSE,2,1,2016,201602,28,2015/2016,
Waikato region,EW-10014,Lake Taupo at Stump Bay,LakeSite,E-coli,42382.44792,70,FALSE,FALSE,2,1,2016,201602,70,2015/2016,
Waikato region,EW-10014,Lake Taupo at Stump Bay,LakeSite,E-coli,42387.45347,36,FALSE,FALSE,3,1,2016,201603,36,2015/2016,
Waikato region,EW-10014,Lake Taupo at Stump Bay,LakeSite,E-coli,42397.43819,12,FALSE,FALSE,4,1,2016,201604,12,2015/2016,
Waikato region,EW-10014,Lake Taupo at Stump Bay,LakeSite,E-coli,42403.46042,6,FALSE,FALSE,5,2,2016,201605,6,2015/2016,
Waikato region,EW-10014,Lake Taupo at Stump Bay,LakeSite,E-coli,42411.45556,1,FALSE,FALSE,6,2,2016,201606,1,2015/2016,
Waikato region,EW-10014,Lake Taupo at Stump Bay,LakeSite,E-coli,42415.45208,10,FALSE,FALSE,7,2,2016,201607,10,2015/2016,
Waikato region,EW-10014,Lake Taupo at Stump Bay,LakeSite,E-coli,42423.45764,17,FALSE,FALSE,8,2,2016,201608,17,2015/2016,
Waikato region,EW-10014,Lake Taupo at Stump Bay,LakeSite,E-coli,43073.46944,6,FALSE,FALSE,49,12,2017,201749,6,2017/2018,
Waikato region,EW-10014,Lake Taupo at Stump Bay,LakeSite,E-coli,43080.44097,7,FALSE,FALSE,50,12,2017,201750,7,2017/2018,
Waikato region,EW-10014,Lake Taupo at Stump Bay,LakeSite,E-coli,43087.44097,15,FALSE,FALSE,51,12,2017,201751,15,2017/2018,
Waikato region,EW-10014,Lake Taupo at Stump Bay,LakeSite,E-coli,43103.43403,70,FALSE,FALSE,1,1,2018,201801,70,2017/2018,
Waikato region,EW-10014,Lake Taupo at Stump Bay,LakeSite,E-coli,43108.48264,25,FALSE,FALSE,2,1,2018,201802,25,2017/2018,
Waikato region,EW-10014,Lake Taupo at Stump Bay,LakeSite,E-coli,43115.4375,8,FALSE,FALSE,3,1,2018,201803,8,2017/2018,
Waikato region,EW-10014,Lake Taupo at Stump Bay,LakeSite,E-coli,43122.42153,1,FALSE,FALSE,4,1,2018,201804,1,2017/2018,
Waikato region,EW-10014,Lake Taupo at Stump Bay,LakeSite,E-coli,43130.45486,18,FALSE,FALSE,5,1,2018,201805,18,2017/2018,
Waikato region,EW-10014,Lake Taupo at Stump Bay,LakeSite,E-coli,43136.4375,5,FALSE,FALSE,6,2,2018,201806,5,2017/2018,
Waikato region,EW-10014,Lake Taupo at Stump Bay,LakeSite,E-coli,43143.4375,60,FALSE,FALSE,7,2,2018,201807,60,2017/2018,
Waikato region,EW-10014,Lake Taupo at Stump Bay,LakeSite,E-coli,43150.45694,20,FALSE,FALSE,8,2,2018,201808,20,2017/2018,
Waikato region,EW-10014,Lake Taupo at Stump Bay,LakeSite,E-coli,43157.45347,18,FALSE,FALSE,9,2,2018,201809,18,2017/2018,
Waikato region,EW-10016,Lake Taupo at Te Moenga Bay,LakeSite,E-coli,42340.53333,14,FALSE,FALSE,48,12,2015,201548,14,2015/2016,
Waikato region,EW-10016,Lake Taupo at Te Moenga Bay,LakeSite,E-coli,42349.52222,4,FALSE,FALSE,50,12,2015,201550,4,2015/2016,
Waikato region,EW-10016,Lake Taupo at Te Moenga Bay,LakeSite,E-coli,42352.52917,7,FALSE,FALSE,50,12,2015,201550,7,2015/2016,
Waikato region,EW-10016,Lake Taupo at Te Moenga Bay,LakeSite,E-coli,42361.51806,500,FALSE,FALSE,51,12,2015,201551,500,2015/2016,
Waikato region,EW-10016,Lake Taupo at Te Moenga Bay,LakeSite,E-coli,42377.51389,1,FALSE,FALSE,2,1,2016,201602,1,2015/2016,
Waikato region,EW-10016,Lake Taupo at Te Moenga Bay,LakeSite,E-coli,42382.55417,13,FALSE,FALSE,2,1,2016,201602,13,2015/2016,
Waikato region,EW-10016,Lake Taupo at Te Moenga Bay,LakeSite,E-coli,42387.5375,220,FALSE,FALSE,3,1,2016,201603,220,2015/2016,
Waikato region,EW-10016,Lake Taupo at Te Moenga Bay,LakeSite,E-coli,42397.50625,150,FALSE,FALSE,4,1,2016,201604,150,2015/2016,
Waikato region,EW-10016,Lake Taupo at Te Moenga Bay,LakeSite,E-coli,42403.51875,41,FALSE,FALSE,5,2,2016,201605,41,2015/2016,
Waikato region,EW-10016,Lake Taupo at Te Moenga Bay,LakeSite,E-coli,42411.52431,30,FALSE,FALSE,6,2,2016,201606,30,2015/2016,
Waikato region,EW-10016,Lake Taupo at Te Moenga Bay,LakeSite,E-coli,42415.52639,120,FALSE,FALSE,7,2,2016,201607,120,2015/2016,
Waikato region,EW-10016,Lake Taupo at Te Moenga Bay,LakeSite,E-coli,42423.51389,15,FALSE,FALSE,8,2,2016,201608,15,2015/2016,
Waikato region,EW-10016,Lake Taupo at Te Moenga Bay,LakeSite,E-coli,43073.53958,31,FALSE,FALSE,49,12,2017,201749,31,2017/2018,
Waikato region,EW-10016,Lake Taupo at Te Moenga Bay,LakeSite,E-coli,43080.49653,21,FALSE,FALSE,50,12,2017,201750,21,2017/2018,
Waikato region,EW-10016,Lake Taupo at Te Moenga Bay,LakeSite,E-coli,43087.52222,150,FALSE,FALSE,51,12,2017,201751,150,2017/2018,
Waikato region,EW-10016,Lake Taupo at Te Moenga Bay,LakeSite,E-coli,43103.53611,110,FALSE,FALSE,1,1,2018,201801,110,2017/2018,
Waikato region,EW-10016,Lake Taupo at Te Moenga Bay,LakeSite,E-coli,43108.54583,250,FALSE,FALSE,2,1,2018,201802,250,2017/2018,
Waikato region,EW-10016,Lake Taupo at Te Moenga Bay,LakeSite,E-coli,43115.52292,60,FALSE,FALSE,3,1,2018,201803,60,2017/2018,
Waikato region,EW-10016,Lake Taupo at Te Moenga Bay,LakeSite,E-coli,43122.49028,110,FALSE,FALSE,4,1,2018,201804,110,2017/2018,
Waikato region,EW-10016,Lake Taupo at Te Moenga Bay,LakeSite,E-coli,43130.54167,110,FALSE,FALSE,5,1,2018,201805,110,2017/2018,
Waikato region,EW-10016,Lake Taupo at Te Moenga Bay,LakeSite,E-coli,43136.51736,460,FALSE,FALSE,6,2,2018,201806,460,2017/2018,
Waikato region,EW-10016,Lake Taupo at Te Moenga Bay,LakeSite,E-coli,43143.49236,70,FALSE,FALSE,7,2,2018,201807,70,2017/2018,
Waikato region,EW-10016,Lake Taupo at Te Moenga Bay,LakeSite,E-coli,43150.51389,140,FALSE,FALSE,8,2,2018,201808,140,2017/2018,
Waikato region,EW-10016,Lake Taupo at Te Moenga Bay,LakeSite,E-coli,43157.52014,44,FALSE,FALSE,9,2,2018,201809,44,2017/2018,
Waikato region,EW-10017,Lake Taupo at Waihi,LakeSite,E-coli,42340.44653,10,FALSE,FALSE,48,12,2015,201548,10,2015/2016,
Waikato region,EW-10017,Lake Taupo at Waihi,LakeSite,E-coli,42349.4375,22,FALSE,FALSE,50,12,2015,201550,22,2015/2016,
Waikato region,EW-10017,Lake Taupo at Waihi,LakeSite,E-coli,42352.43472,12,FALSE,FALSE,50,12,2015,201550,12,2015/2016,
Waikato region,EW-10017,Lake Taupo at Waihi,LakeSite,E-coli,42361.42917,150,FALSE,FALSE,51,12,2015,201551,150,2015/2016,
Waikato region,EW-10017,Lake Taupo at Waihi,LakeSite,E-coli,42377.42917,30,FALSE,FALSE,2,1,2016,201602,30,2015/2016,
Waikato region,EW-10017,Lake Taupo at Waihi,LakeSite,E-coli,42382.43403,10,FALSE,FALSE,2,1,2016,201602,10,2015/2016,
Waikato region,EW-10017,Lake Taupo at Waihi,LakeSite,E-coli,42387.43542,11,FALSE,FALSE,3,1,2016,201603,11,2015/2016,
Waikato region,EW-10017,Lake Taupo at Waihi,LakeSite,E-coli,42397.42569,20,FALSE,FALSE,4,1,2016,201604,20,2015/2016,
Waikato region,EW-10017,Lake Taupo at Waihi,LakeSite,E-coli,42403.44792,40,FALSE,FALSE,5,2,2016,201605,40,2015/2016,
Waikato region,EW-10017,Lake Taupo at Waihi,LakeSite,E-coli,42411.44097,50,FALSE,FALSE,6,2,2016,201606,50,2015/2016,
Waikato region,EW-10017,Lake Taupo at Waihi,LakeSite,E-coli,42415.43611,200,FALSE,FALSE,7,2,2016,201607,200,2015/2016,
Waikato region,EW-10017,Lake Taupo at Waihi,LakeSite,E-coli,42423.44028,5,FALSE,FALSE,8,2,2016,201608,5,2015/2016,
Waikato region,EW-10017,Lake Taupo at Waihi,LakeSite,E-coli,43073.45556,200,FALSE,FALSE,49,12,2017,201749,200,2017/2018,
Waikato region,EW-10017,Lake Taupo at Waihi,LakeSite,E-coli,43080.42361,120,FALSE,FALSE,50,12,2017,201750,120,2017/2018,
Waikato region,EW-10017,Lake Taupo at Waihi,LakeSite,E-coli,43087.43056,30,FALSE,FALSE,51,12,2017,201751,30,2017/2018,
Waikato region,EW-10017,Lake Taupo at Waihi,LakeSite,E-coli,43103.42014,140,FALSE,FALSE,1,1,2018,201801,140,2017/2018,
Waikato region,EW-10017,Lake Taupo at Waihi,LakeSite,E-coli,43108.46875,1000,FALSE,FALSE,2,1,2018,201802,1000,2017/2018,
Waikato region,EW-10017,Lake Taupo at Waihi,LakeSite,E-coli,43115.42361,20,FALSE,FALSE,3,1,2018,201803,20,2017/2018,
Waikato region,EW-10017,Lake Taupo at Waihi,LakeSite,E-coli,43122.40972,10,FALSE,FALSE,4,1,2018,201804,10,2017/2018,
Waikato region,EW-10017,Lake Taupo at Waihi,LakeSite,E-coli,43130.44444,20,FALSE,FALSE,5,1,2018,201805,20,2017/2018,
Waikato region,EW-10017,Lake Taupo at Waihi,LakeSite,E-coli,43136.42361,10,FALSE,FALSE,6,2,2018,201806,10,2017/2018,
Waikato region,EW-10017,Lake Taupo at Waihi,LakeSite,E-coli,43143.42431,20,FALSE,FALSE,7,2,2018,201807,20,2017/2018,
Waikato region,EW-10017,Lake Taupo at Waihi,LakeSite,E-coli,43150.44097,100,FALSE,FALSE,8,2,2018,201808,100,2017/2018,
Waikato region,EW-10017,Lake Taupo at Waihi,LakeSite,E-coli,43157.43611,8,FALSE,FALSE,9,2,2018,201809,8,2017/2018,
Waikato region,EW-10018,Lake Taupo at Whakaipo Bay,LakeSite,E-coli,42340.55278,3,FALSE,FALSE,48,12,2015,201548,3,2015/2016,
Waikato region,EW-10018,Lake Taupo at Whakaipo Bay,LakeSite,E-coli,42349.54236,90,FALSE,FALSE,50,12,2015,201550,90,2015/2016,
Waikato region,EW-10018,Lake Taupo at Whakaipo Bay,LakeSite,E-coli,42352.55417,9,FALSE,FALSE,50,12,2015,201550,9,2015/2016,
Waikato region,EW-10018,Lake Taupo at Whakaipo Bay,LakeSite,E-coli,42361.54028,3,FALSE,FALSE,51,12,2015,201551,3,2015/2016,
Waikato region,EW-10018,Lake Taupo at Whakaipo Bay,LakeSite,E-coli,42377.5375,10,FALSE,FALSE,2,1,2016,201602,10,2015/2016,
Waikato region,EW-10018,Lake Taupo at Whakaipo Bay,LakeSite,E-coli,42382.57431,60,FALSE,FALSE,2,1,2016,201602,60,2015/2016,
Waikato region,EW-10018,Lake Taupo at Whakaipo Bay,LakeSite,E-coli,42387.55556,1,FALSE,FALSE,3,1,2016,201603,1,2015/2016,
Waikato region,EW-10018,Lake Taupo at Whakaipo Bay,LakeSite,E-coli,42397.52083,9,FALSE,FALSE,4,1,2016,201604,9,2015/2016,
Waikato region,EW-10018,Lake Taupo at Whakaipo Bay,LakeSite,E-coli,42403.53681,3,FALSE,FALSE,5,2,2016,201605,3,2015/2016,
Waikato region,EW-10018,Lake Taupo at Whakaipo Bay,LakeSite,E-coli,42411.53819,4,FALSE,FALSE,6,2,2016,201606,4,2015/2016,
Waikato region,EW-10018,Lake Taupo at Whakaipo Bay,LakeSite,E-coli,42415.55069,5,FALSE,FALSE,7,2,2016,201607,5,2015/2016,
Waikato region,EW-10018,Lake Taupo at Whakaipo Bay,LakeSite,E-coli,42423.53194,70,FALSE,FALSE,8,2,2016,201608,70,2015/2016,
Waikato region,EW-10018,Lake Taupo at Whakaipo Bay,LakeSite,E-coli,43073.55833,30,FALSE,FALSE,49,12,2017,201749,30,2017/2018,
Waikato region,EW-10018,Lake Taupo at Whakaipo Bay,LakeSite,E-coli,43080.51389,3,FALSE,FALSE,50,12,2017,201750,3,2017/2018,
Waikato region,EW-10018,Lake Taupo at Whakaipo Bay,LakeSite,E-coli,43087.54861,36,FALSE,FALSE,51,12,2017,201751,36,2017/2018,
Waikato region,EW-10018,Lake Taupo at Whakaipo Bay,LakeSite,E-coli,43103.55903,1,FALSE,FALSE,1,1,2018,201801,1,2017/2018,
Waikato region,EW-10018,Lake Taupo at Whakaipo Bay,LakeSite,E-coli,43108.56944,8,FALSE,FALSE,2,1,2018,201802,8,2017/2018,
Waikato region,EW-10018,Lake Taupo at Whakaipo Bay,LakeSite,E-coli,43115.54514,5,FALSE,FALSE,3,1,2018,201803,5,2017/2018,
Waikato region,EW-10018,Lake Taupo at Whakaipo Bay,LakeSite,E-coli,43122.51181,3,FALSE,FALSE,4,1,2018,201804,3,2017/2018,
Waikato region,EW-10018,Lake Taupo at Whakaipo Bay,LakeSite,E-coli,43130.56944,5,FALSE,FALSE,5,1,2018,201805,5,2017/2018,
Waikato region,EW-10018,Lake Taupo at Whakaipo Bay,LakeSite,E-coli,43136.54167,4,FALSE,FALSE,6,2,2018,201806,4,2017/2018,
Waikato region,EW-10018,Lake Taupo at Whakaipo Bay,LakeSite,E-coli,43143.51875,5,FALSE,FALSE,7,2,2018,201807,5,2017/2018,
Waikato region,EW-10018,Lake Taupo at Whakaipo Bay,LakeSite,E-coli,43150.53472,1,FALSE,FALSE,8,2,2018,201808,1,2017/2018,
Waikato region,EW-10018,Lake Taupo at Whakaipo Bay,LakeSite,E-coli,43157.54861,15,FALSE,FALSE,9,2,2018,201809,15,2017/2018,
