"CouncilSiteID","Date","Value","Measurement"
"brook at burn pl","02-Nov-10","25","TaxaRichness"
"brook at burn pl","02-Nov-10","98","MCI"
"brook at burn pl","03-Dec-14","122","MCI"
"brook at burn pl","03-Dec-14","31","TaxaRichness"
"brook at burn pl","07-Mar-19","107","MCI"
"brook at burn pl","07-Mar-19","30","TaxaRichness"
"brook at burn pl","07-Nov-00","101","MCI"
"brook at burn pl","07-Nov-00","22","TaxaRichness"
"brook at burn pl","10-Dec-08","122","MCI"
"brook at burn pl","10-Dec-08","18","TaxaRichness"
"brook at burn pl","12-Dec-17","106","MCI"
"brook at burn pl","12-Dec-17","35","TaxaRichness"
"brook at burn pl","15-Dec-15","7","TaxaRichness"
"brook at burn pl","15-Dec-15","94","MCI"
"brook at burn pl","15-Nov-12","118","MCI"
"brook at burn pl","15-Nov-12","8","TaxaRichness"
"brook at burn pl","16-Dec-13","109","MCI"
"brook at burn pl","16-Dec-13","20","TaxaRichness"
"brook at burn pl","16-Dec-16","102","MCI"
"brook at burn pl","16-Dec-16","26","TaxaRichness"
"brook at burn pl","16-Nov-11","115","MCI"
"brook at burn pl","16-Nov-11","13","TaxaRichness"
"brook at burn pl","19-Nov-07","15","TaxaRichness"
"brook at burn pl","19-Nov-07","96","MCI"
"brook at burn pl","24-Nov-09","134","MCI"
"brook at burn pl","24-Nov-09","7","TaxaRichness"
"brook at burn pl","26-Nov-01","102","MCI"
"brook at burn pl","26-Nov-01","19","TaxaRichness"
"brook at manuka st","01-Nov-00","17","TaxaRichness"
"brook at manuka st","01-Nov-00","95","MCI"
"brook at manuka st","02-Nov-10","102","MCI"
"brook at manuka st","02-Nov-10","21","TaxaRichness"
"brook at manuka st","03-Dec-14","11","TaxaRichness"
"brook at manuka st","03-Dec-14","93","MCI"
"brook at manuka st","07-Mar-19","22","TaxaRichness"
"brook at manuka st","07-Mar-19","77","MCI"
"brook at manuka st","10-Dec-08","103","MCI"
"brook at manuka st","10-Dec-08","15","TaxaRichness"
"brook at manuka st","11-Dec-06","16","TaxaRichness"
"brook at manuka st","11-Dec-06","89","MCI"
"brook at manuka st","12-Dec-17","25","TaxaRichness"
"brook at manuka st","12-Dec-17","91","MCI"
"brook at manuka st","14-Dec-04","78","MCI"
"brook at manuka st","14-Dec-04","8","TaxaRichness"
"brook at manuka st","15-Dec-15","8","TaxaRichness"
"brook at manuka st","15-Dec-15","80","MCI"
"brook at manuka st","15-Nov-12","15","TaxaRichness"
"brook at manuka st","15-Nov-12","91","MCI"
"brook at manuka st","16-Dec-13","20","TaxaRichness"
"brook at manuka st","16-Dec-13","94","MCI"
"brook at manuka st","16-Dec-16","102","MCI"
"brook at manuka st","16-Dec-16","17","TaxaRichness"
"brook at manuka st","16-Nov-11","10","TaxaRichness"
"brook at manuka st","16-Nov-11","112","MCI"
"brook at manuka st","19-Nov-07","10","TaxaRichness"
"brook at manuka st","19-Nov-07","72","MCI"
"brook at manuka st","23-Nov-05","89","MCI"
"brook at manuka st","23-Nov-05","9","TaxaRichness"
"brook at manuka st","23-Nov-09","7","TaxaRichness"
"brook at manuka st","23-Nov-09","83","MCI"
"brook at manuka st","24-Nov-03","18","TaxaRichness"
"brook at manuka st","24-Nov-03","91","MCI"
"brook at manuka st","25-Nov-02","19","TaxaRichness"
"brook at manuka st","25-Nov-02","99","MCI"
"brook at manuka st","26-Nov-01","108","MCI"
"brook at manuka st","26-Nov-01","24","TaxaRichness"
"brook at motor camp","02-Nov-10","138","MCI"
"brook at motor camp","02-Nov-10","19","TaxaRichness"
"brook at motor camp","03-Dec-14","124","MCI"
"brook at motor camp","03-Dec-14","20","TaxaRichness"
"brook at motor camp","07-Mar-19","115","MCI"
"brook at motor camp","07-Mar-19","43","TaxaRichness"
"brook at motor camp","07-Nov-00","115","MCI"
"brook at motor camp","07-Nov-00","21","TaxaRichness"
"brook at motor camp","10-Dec-08","123","MCI"
"brook at motor camp","10-Dec-08","19","TaxaRichness"
"brook at motor camp","11-Dec-06","118","MCI"
"brook at motor camp","11-Dec-06","21","TaxaRichness"
"brook at motor camp","12-Dec-17","124","MCI"
"brook at motor camp","12-Dec-17","35","TaxaRichness"
"brook at motor camp","14-Dec-04","130","MCI"
"brook at motor camp","14-Dec-04","21","TaxaRichness"
"brook at motor camp","15-Dec-15","133","MCI"
"brook at motor camp","15-Dec-15","18","TaxaRichness"
"brook at motor camp","15-Nov-12","115","MCI"
"brook at motor camp","15-Nov-12","15","TaxaRichness"
"brook at motor camp","16-Dec-13","121","MCI"
"brook at motor camp","16-Dec-13","20","TaxaRichness"
"brook at motor camp","16-Dec-16","121","MCI"
"brook at motor camp","16-Dec-16","25","TaxaRichness"
"brook at motor camp","16-Nov-11","139","MCI"
"brook at motor camp","16-Nov-11","16","TaxaRichness"
"brook at motor camp","19-Nov-07","117","MCI"
"brook at motor camp","19-Nov-07","22","TaxaRichness"
"brook at motor camp","23-Nov-05","122","MCI"
"brook at motor camp","23-Nov-05","20","TaxaRichness"
"brook at motor camp","24-Nov-03","144","MCI"
"brook at motor camp","24-Nov-03","18","TaxaRichness"
"brook at motor camp","24-Nov-09","11","TaxaRichness"
"brook at motor camp","24-Nov-09","138","MCI"
"brook at motor camp","25-Nov-02","122","MCI"
"brook at motor camp","25-Nov-02","24","TaxaRichness"
"brook at motor camp","26-Nov-01","132","MCI"
"brook at motor camp","26-Nov-01","19","TaxaRichness"
"collins at sh6","02-Nov-00","132","MCI"
"collins at sh6","02-Nov-00","21","TaxaRichness"
"collins at sh6","02-Nov-10","123","MCI"
"collins at sh6","02-Nov-10","21","TaxaRichness"
"collins at sh6","05-Dec-14","134","MCI"
"collins at sh6","05-Dec-14","23","TaxaRichness"
"collins at sh6","06-Mar-19","121","MCI"
"collins at sh6","06-Mar-19","47","TaxaRichness"
"collins at sh6","11-Dec-08","122","MCI"
"collins at sh6","11-Dec-08","27","TaxaRichness"
"collins at sh6","13-Dec-06","122","MCI"
"collins at sh6","13-Dec-06","21","TaxaRichness"
"collins at sh6","14-Dec-17","117","MCI"
"collins at sh6","14-Dec-17","34","TaxaRichness"
"collins at sh6","15-Dec-04","124","MCI"
"collins at sh6","15-Dec-04","27","TaxaRichness"
"collins at sh6","15-Nov-12","128","MCI"
"collins at sh6","15-Nov-12","17","TaxaRichness"
"collins at sh6","16-Dec-16","123","MCI"
"collins at sh6","16-Dec-16","19","TaxaRichness"
"collins at sh6","17-Dec-15","124","MCI"
"collins at sh6","17-Dec-15","37","TaxaRichness"
"collins at sh6","17-Nov-11","135","MCI"
"collins at sh6","17-Nov-11","17","TaxaRichness"
"collins at sh6","18-Dec-13","118","MCI"
"collins at sh6","18-Dec-13","19","TaxaRichness"
"collins at sh6","20-Nov-07","129","MCI"
"collins at sh6","20-Nov-07","19","TaxaRichness"
"collins at sh6","25-Nov-05","127","MCI"
"collins at sh6","25-Nov-05","24","TaxaRichness"
"collins at sh6","26-Nov-03","132","MCI"
"collins at sh6","26-Nov-03","19","TaxaRichness"
"collins at sh6","26-Nov-09","148","MCI"
"collins at sh6","26-Nov-09","5","TaxaRichness"
"collins at sh6","27-Nov-02","126","MCI"
"collins at sh6","27-Nov-02","19","TaxaRichness"
"collins at sh6","28-Nov-01","131","MCI"
"collins at sh6","28-Nov-01","26","TaxaRichness"
"dencker at kokorua rd","02-Nov-00","137","MCI"
"dencker at kokorua rd","02-Nov-00","24","TaxaRichness"
"dencker at kokorua rd","02-Nov-10","130","MCI"
"dencker at kokorua rd","02-Nov-10","21","TaxaRichness"
"dencker at kokorua rd","05-Dec-14","111","MCI"
"dencker at kokorua rd","05-Dec-14","26","TaxaRichness"
"dencker at kokorua rd","06-Mar-19","112","MCI"
"dencker at kokorua rd","06-Mar-19","45","TaxaRichness"
"dencker at kokorua rd","11-Dec-08","129","MCI"
"dencker at kokorua rd","11-Dec-08","21","TaxaRichness"
"dencker at kokorua rd","13-Dec-06","139","MCI"
"dencker at kokorua rd","13-Dec-06","21","TaxaRichness"
"dencker at kokorua rd","14-Dec-17","115","MCI"
"dencker at kokorua rd","14-Dec-17","25","TaxaRichness"
"dencker at kokorua rd","15-Dec-04","123","MCI"
"dencker at kokorua rd","15-Dec-04","32","TaxaRichness"
"dencker at kokorua rd","15-Nov-12","112","MCI"
"dencker at kokorua rd","15-Nov-12","12","TaxaRichness"
"dencker at kokorua rd","16-Dec-16","114","MCI"
"dencker at kokorua rd","16-Dec-16","32","TaxaRichness"
"dencker at kokorua rd","17-Dec-15","114","MCI"
"dencker at kokorua rd","17-Dec-15","41","TaxaRichness"
"dencker at kokorua rd","17-Nov-11","130","MCI"
"dencker at kokorua rd","17-Nov-11","17","TaxaRichness"
"dencker at kokorua rd","18-Dec-13","129","MCI"
"dencker at kokorua rd","18-Dec-13","25","TaxaRichness"
"dencker at kokorua rd","20-Nov-07","125","MCI"
"dencker at kokorua rd","20-Nov-07","13","TaxaRichness"
"dencker at kokorua rd","25-Nov-05","133","MCI"
"dencker at kokorua rd","25-Nov-05","20","TaxaRichness"
"dencker at kokorua rd","26-Nov-03","130","MCI"
"dencker at kokorua rd","26-Nov-03","25","TaxaRichness"
"dencker at kokorua rd","26-Nov-09","140","MCI"
"dencker at kokorua rd","26-Nov-09","5","TaxaRichness"
"dencker at kokorua rd","27-Nov-02","108","MCI"
"dencker at kokorua rd","27-Nov-02","27","TaxaRichness"
"dencker at kokorua rd","28-Nov-01","133","MCI"
"dencker at kokorua rd","28-Nov-01","27","TaxaRichness"
"graham at sh6","02-Nov-00","128","MCI"
"graham at sh6","02-Nov-00","22","TaxaRichness"
"graham at sh6","02-Nov-10","137","MCI"
"graham at sh6","02-Nov-10","20","TaxaRichness"
"graham at sh6","05-Dec-14","134","MCI"
"graham at sh6","05-Dec-14","20","TaxaRichness"
"graham at sh6","06-Mar-19","119","MCI"
"graham at sh6","06-Mar-19","47","TaxaRichness"
"graham at sh6","11-Dec-08","137","MCI"
"graham at sh6","11-Dec-08","21","TaxaRichness"
"graham at sh6","13-Dec-06","126","MCI"
"graham at sh6","13-Dec-06","21","TaxaRichness"
"graham at sh6","14-Dec-17","135","MCI"
"graham at sh6","14-Dec-17","37","TaxaRichness"
"graham at sh6","15-Dec-04","133","MCI"
"graham at sh6","15-Dec-04","25","TaxaRichness"
"graham at sh6","15-Nov-12","14","TaxaRichness"
"graham at sh6","15-Nov-12","153","MCI"
"graham at sh6","16-Dec-16","138","MCI"
"graham at sh6","16-Dec-16","19","TaxaRichness"
"graham at sh6","17-Dec-15","129","MCI"
"graham at sh6","17-Dec-15","22","TaxaRichness"
"graham at sh6","17-Nov-11","140","MCI"
"graham at sh6","17-Nov-11","20","TaxaRichness"
"graham at sh6","18-Dec-13","129","MCI"
"graham at sh6","18-Dec-13","18","TaxaRichness"
"graham at sh6","20-Nov-07","126","MCI"
"graham at sh6","20-Nov-07","21","TaxaRichness"
"graham at sh6","25-Nov-05","127","MCI"
"graham at sh6","25-Nov-05","20","TaxaRichness"
"graham at sh6","26-Nov-03","139","MCI"
"graham at sh6","26-Nov-03","21","TaxaRichness"
"graham at sh6","26-Nov-09","146","MCI"
"graham at sh6","26-Nov-09","7","TaxaRichness"
"graham at sh6","27-Nov-02","127","MCI"
"graham at sh6","27-Nov-02","21","TaxaRichness"
"graham at sh6","28-Nov-01","137","MCI"
"graham at sh6","28-Nov-01","21","TaxaRichness"
"groom at maitai confluence","02-Nov-10","110","MCI"
"groom at maitai confluence","02-Nov-10","21","TaxaRichness"
"groom at maitai confluence","04-Dec-14","103","MCI"
"groom at maitai confluence","04-Dec-14","14","TaxaRichness"
"groom at maitai confluence","06-Nov-00","108","MCI"
"groom at maitai confluence","06-Nov-00","19","TaxaRichness"
"groom at maitai confluence","10-Dec-08","113","MCI"
"groom at maitai confluence","10-Dec-08","24","TaxaRichness"
"groom at maitai confluence","11-Dec-06","16","TaxaRichness"
"groom at maitai confluence","11-Dec-06","92","MCI"
"groom at maitai confluence","12-Dec-17","20","TaxaRichness"
"groom at maitai confluence","12-Dec-17","98","MCI"
"groom at maitai confluence","14-Dec-04","114","MCI"
"groom at maitai confluence","14-Dec-04","27","TaxaRichness"
"groom at maitai confluence","15-Nov-12","5","TaxaRichness"
"groom at maitai confluence","15-Nov-12","96","MCI"
"groom at maitai confluence","16-Dec-15","109","MCI"
"groom at maitai confluence","16-Dec-15","21","TaxaRichness"
"groom at maitai confluence","16-Dec-16","24","TaxaRichness"
"groom at maitai confluence","16-Dec-16","99","MCI"
"groom at maitai confluence","16-Nov-11","12","TaxaRichness"
"groom at maitai confluence","16-Nov-11","82","MCI"
"groom at maitai confluence","17-Dec-13","12","TaxaRichness"
"groom at maitai confluence","17-Dec-13","93","MCI"
"groom at maitai confluence","19-Nov-07","16","TaxaRichness"
"groom at maitai confluence","19-Nov-07","99","MCI"
"groom at maitai confluence","23-Nov-05","114","MCI"
"groom at maitai confluence","23-Nov-05","19","TaxaRichness"
"groom at maitai confluence","24-Nov-09","120","MCI"
"groom at maitai confluence","24-Nov-09","8","TaxaRichness"
"groom at maitai confluence","25-Nov-03","114","MCI"
"groom at maitai confluence","25-Nov-03","26","TaxaRichness"
"groom at maitai confluence","26-Nov-02","109","MCI"
"groom at maitai confluence","26-Nov-02","30","TaxaRichness"
"groom at maitai confluence","27-Nov-01","104","MCI"
"groom at maitai confluence","27-Nov-01","30","TaxaRichness"
"hillwood at glen rd","02-Nov-10","25","TaxaRichness"
"hillwood at glen rd","02-Nov-10","98","MCI"
"hillwood at glen rd","03-Nov-00","20","TaxaRichness"
"hillwood at glen rd","03-Nov-00","84","MCI"
"hillwood at glen rd","04-Dec-14","125","MCI"
"hillwood at glen rd","04-Dec-14","4","TaxaRichness"
"hillwood at glen rd","06-Mar-19","17","TaxaRichness"
"hillwood at glen rd","06-Mar-19","72","MCI"
"hillwood at glen rd","11-Dec-08","1","TaxaRichness"
"hillwood at glen rd","11-Dec-08","80","MCI"
"hillwood at glen rd","12-Dec-06","13","TaxaRichness"
"hillwood at glen rd","12-Dec-06","74","MCI"
"hillwood at glen rd","13-Dec-17","14","TaxaRichness"
"hillwood at glen rd","13-Dec-17","94","MCI"
"hillwood at glen rd","15-Dec-04","23","TaxaRichness"
"hillwood at glen rd","15-Dec-04","97","MCI"
"hillwood at glen rd","15-Nov-12","14","TaxaRichness"
"hillwood at glen rd","15-Nov-12","83","MCI"
"hillwood at glen rd","16-Dec-15","23","TaxaRichness"
"hillwood at glen rd","16-Dec-15","93","MCI"
"hillwood at glen rd","16-Dec-16","21","TaxaRichness"
"hillwood at glen rd","16-Dec-16","85","MCI"
"hillwood at glen rd","16-Nov-11","7","TaxaRichness"
"hillwood at glen rd","16-Nov-11","80","MCI"
"hillwood at glen rd","17-Dec-13","24","TaxaRichness"
"hillwood at glen rd","17-Dec-13","84","MCI"
"hillwood at glen rd","20-Nov-07","21","TaxaRichness"
"hillwood at glen rd","20-Nov-07","89","MCI"
"hillwood at glen rd","24-Nov-05","11","TaxaRichness"
"hillwood at glen rd","24-Nov-05","64","MCI"
"hillwood at glen rd","24-Nov-09","103","MCI"
"hillwood at glen rd","24-Nov-09","6","TaxaRichness"
"hillwood at glen rd","25-Nov-03","14","TaxaRichness"
"hillwood at glen rd","25-Nov-03","81","MCI"
"hillwood at glen rd","26-Nov-02","20","TaxaRichness"
"hillwood at glen rd","26-Nov-02","78","MCI"
"hillwood at glen rd","27-Nov-01","101","MCI"
"hillwood at glen rd","27-Nov-01","29","TaxaRichness"
"jenkins at pascoe st","01-Nov-00","6","TaxaRichness"
"jenkins at pascoe st","01-Nov-00","70","MCI"
"jenkins at pascoe st","02-Nov-10","57","MCI"
"jenkins at pascoe st","02-Nov-10","7","TaxaRichness"
"jenkins at pascoe st","03-Dec-14","14","TaxaRichness"
"jenkins at pascoe st","03-Dec-14","87","MCI"
"jenkins at pascoe st","07-Mar-19","24","TaxaRichness"
"jenkins at pascoe st","07-Mar-19","81","MCI"
"jenkins at pascoe st","10-Dec-08","2","TaxaRichness"
"jenkins at pascoe st","10-Dec-08","70","MCI"
"jenkins at pascoe st","11-Dec-06","13","TaxaRichness"
"jenkins at pascoe st","11-Dec-06","71","MCI"
"jenkins at pascoe st","12-Dec-17","15","TaxaRichness"
"jenkins at pascoe st","12-Dec-17","71","MCI"
"jenkins at pascoe st","14-Dec-04","14","TaxaRichness"
"jenkins at pascoe st","14-Dec-04","76","MCI"
"jenkins at pascoe st","15-Dec-15","6","TaxaRichness"
"jenkins at pascoe st","15-Dec-15","90","MCI"
"jenkins at pascoe st","15-Nov-12","6","TaxaRichness"
"jenkins at pascoe st","15-Nov-12","60","MCI"
"jenkins at pascoe st","16-Dec-13","11","TaxaRichness"
"jenkins at pascoe st","16-Dec-13","62","MCI"
"jenkins at pascoe st","16-Dec-16","52","MCI"
"jenkins at pascoe st","16-Dec-16","8","TaxaRichness"
"jenkins at pascoe st","19-Nov-07","51","MCI"
"jenkins at pascoe st","19-Nov-07","9","TaxaRichness"
"jenkins at pascoe st","21-Nov-11","12","TaxaRichness"
"jenkins at pascoe st","21-Nov-11","88","MCI"
"jenkins at pascoe st","23-Nov-05","16","TaxaRichness"
"jenkins at pascoe st","23-Nov-05","76","MCI"
"jenkins at pascoe st","23-Nov-09","5","TaxaRichness"
"jenkins at pascoe st","23-Nov-09","76","MCI"
"jenkins at pascoe st","24-Nov-03","19","TaxaRichness"
"jenkins at pascoe st","24-Nov-03","84","MCI"
"jenkins at pascoe st","25-Nov-02","20","TaxaRichness"
"jenkins at pascoe st","25-Nov-02","77","MCI"
"jenkins at pascoe st","26-Nov-01","18","TaxaRichness"
"jenkins at pascoe st","26-Nov-01","91","MCI"
"lud at 4.7km","02-Nov-10","115","MCI"
"lud at 4.7km","02-Nov-10","28","TaxaRichness"
"lud at 4.7km","03-Nov-00","119","MCI"
"lud at 4.7km","03-Nov-00","23","TaxaRichness"
"lud at 4.7km","04-Dec-14","113","MCI"
"lud at 4.7km","04-Dec-14","35","TaxaRichness"
"lud at 4.7km","06-Mar-19","28","TaxaRichness"
"lud at 4.7km","06-Mar-19","89","MCI"
"lud at 4.7km","11-Dec-08","4","TaxaRichness"
"lud at 4.7km","11-Dec-08","70","MCI"
"lud at 4.7km","13-Dec-06","106","MCI"
"lud at 4.7km","13-Dec-06","21","TaxaRichness"
"lud at 4.7km","14-Dec-17","112","MCI"
"lud at 4.7km","14-Dec-17","19","TaxaRichness"
"lud at 4.7km","15-Dec-04","111","MCI"
"lud at 4.7km","15-Dec-04","24","TaxaRichness"
"lud at 4.7km","15-Nov-12","13","TaxaRichness"
"lud at 4.7km","15-Nov-12","98","MCI"
"lud at 4.7km","16-Dec-16","117","MCI"
"lud at 4.7km","16-Dec-16","26","TaxaRichness"
"lud at 4.7km","17-Dec-13","103","MCI"
"lud at 4.7km","17-Dec-13","22","TaxaRichness"
"lud at 4.7km","17-Dec-15","106","MCI"
"lud at 4.7km","17-Dec-15","35","TaxaRichness"
"lud at 4.7km","17-Nov-11","116","MCI"
"lud at 4.7km","17-Nov-11","18","TaxaRichness"
"lud at 4.7km","20-Nov-07","13","TaxaRichness"
"lud at 4.7km","20-Nov-07","89","MCI"
"lud at 4.7km","24-Nov-05","111","MCI"
"lud at 4.7km","24-Nov-05","25","TaxaRichness"
"lud at 4.7km","25-Nov-03","109","MCI"
"lud at 4.7km","25-Nov-03","20","TaxaRichness"
"lud at 4.7km","25-Nov-09","3","TaxaRichness"
"lud at 4.7km","25-Nov-09","53","MCI"
"lud at 4.7km","27-Nov-02","118","MCI"
"lud at 4.7km","27-Nov-02","23","TaxaRichness"
"lud at 4.7km","28-Nov-01","109","MCI"
"lud at 4.7km","28-Nov-01","28","TaxaRichness"
"lud at sh6","02-Nov-10","118","MCI"
"lud at sh6","02-Nov-10","27","TaxaRichness"
"lud at sh6","03-Nov-00","114","MCI"
"lud at sh6","03-Nov-00","26","TaxaRichness"
"lud at sh6","04-Dec-14","106","MCI"
"lud at sh6","04-Dec-14","18","TaxaRichness"
"lud at sh6","06-Mar-19","101","MCI"
"lud at sh6","06-Mar-19","29","TaxaRichness"
"lud at sh6","11-Dec-08","117","MCI"
"lud at sh6","11-Dec-08","21","TaxaRichness"
"lud at sh6","12-Dec-06","109","MCI"
"lud at sh6","12-Dec-06","19","TaxaRichness"
"lud at sh6","14-Dec-17","102","MCI"
"lud at sh6","14-Dec-17","24","TaxaRichness"
"lud at sh6","15-Dec-04","114","MCI"
"lud at sh6","15-Dec-04","22","TaxaRichness"
"lud at sh6","15-Nov-12","6","TaxaRichness"
"lud at sh6","15-Nov-12","97","MCI"
"lud at sh6","16-Dec-16","104","MCI"
"lud at sh6","16-Dec-16","21","TaxaRichness"
"lud at sh6","17-Dec-13","106","MCI"
"lud at sh6","17-Dec-13","14","TaxaRichness"
"lud at sh6","17-Dec-15","113","MCI"
"lud at sh6","17-Dec-15","38","TaxaRichness"
"lud at sh6","17-Nov-11","131","MCI"
"lud at sh6","17-Nov-11","9","TaxaRichness"
"lud at sh6","20-Nov-07","119","MCI"
"lud at sh6","20-Nov-07","16","TaxaRichness"
"lud at sh6","24-Nov-05","112","MCI"
"lud at sh6","24-Nov-05","24","TaxaRichness"
"lud at sh6","25-Nov-09","102","MCI"
"lud at sh6","25-Nov-09","9","TaxaRichness"
"lud at sh6","26-Nov-02","104","MCI"
"lud at sh6","26-Nov-02","24","TaxaRichness"
"lud at sh6","26-Nov-03","112","MCI"
"lud at sh6","26-Nov-03","21","TaxaRichness"
"lud at sh6","28-Nov-01","116","MCI"
"lud at sh6","28-Nov-01","27","TaxaRichness"
"maitai at groom rd","02-Nov-10","101","MCI"
"maitai at groom rd","02-Nov-10","18","TaxaRichness"
"maitai at groom rd","04-Dec-14","110","MCI"
"maitai at groom rd","04-Dec-14","12","TaxaRichness"
"maitai at groom rd","06-Nov-00","104","MCI"
"maitai at groom rd","06-Nov-00","17","TaxaRichness"
"maitai at groom rd","07-Mar-19","23","TaxaRichness"
"maitai at groom rd","07-Mar-19","90","MCI"
"maitai at groom rd","10-Dec-08","105","MCI"
"maitai at groom rd","10-Dec-08","20","TaxaRichness"
"maitai at groom rd","11-Dec-06","11","TaxaRichness"
"maitai at groom rd","11-Dec-06","76","MCI"
"maitai at groom rd","13-Dec-17","104","MCI"
"maitai at groom rd","13-Dec-17","24","TaxaRichness"
"maitai at groom rd","14-Dec-04","101","MCI"
"maitai at groom rd","14-Dec-04","17","TaxaRichness"
"maitai at groom rd","15-Nov-12","117","MCI"
"maitai at groom rd","15-Nov-12","7","TaxaRichness"
"maitai at groom rd","16-Dec-15","110","MCI"
"maitai at groom rd","16-Dec-15","16","TaxaRichness"
"maitai at groom rd","16-Dec-16","105","MCI"
"maitai at groom rd","16-Dec-16","23","TaxaRichness"
"maitai at groom rd","16-Nov-11","109","MCI"
"maitai at groom rd","16-Nov-11","14","TaxaRichness"
"maitai at groom rd","17-Dec-13","18","TaxaRichness"
"maitai at groom rd","17-Dec-13","88","MCI"
"maitai at groom rd","19-Nov-07","16","TaxaRichness"
"maitai at groom rd","19-Nov-07","86","MCI"
"maitai at groom rd","23-Nov-05","18","TaxaRichness"
"maitai at groom rd","23-Nov-05","91","MCI"
"maitai at groom rd","24-Nov-09","8","TaxaRichness"
"maitai at groom rd","24-Nov-09","89","MCI"
"maitai at groom rd","25-Nov-03","17","TaxaRichness"
"maitai at groom rd","25-Nov-03","99","MCI"
"maitai at groom rd","26-Nov-02","16","TaxaRichness"
"maitai at groom rd","26-Nov-02","95","MCI"
"maitai at groom rd","27-Nov-01","106","MCI"
"maitai at groom rd","27-Nov-01","22","TaxaRichness"
"maitai at riverside","02-Nov-10","13","TaxaRichness"
"maitai at riverside","02-Nov-10","92","MCI"
"maitai at riverside","04-Dec-14","10","TaxaRichness"
"maitai at riverside","04-Dec-14","100","MCI"
"maitai at riverside","07-Mar-19","14","TaxaRichness"
"maitai at riverside","07-Mar-19","76","MCI"
"maitai at riverside","07-Nov-00","106","MCI"
"maitai at riverside","07-Nov-00","19","TaxaRichness"
"maitai at riverside","10-Dec-08","106","MCI"
"maitai at riverside","10-Dec-08","18","TaxaRichness"
"maitai at riverside","12-Dec-06","15","TaxaRichness"
"maitai at riverside","12-Dec-06","75","MCI"
"maitai at riverside","13-Dec-17","24","TaxaRichness"
"maitai at riverside","13-Dec-17","97","MCI"
"maitai at riverside","15-Dec-04","108","MCI"
"maitai at riverside","15-Dec-04","23","TaxaRichness"
"maitai at riverside","15-Dec-15","13","TaxaRichness"
"maitai at riverside","15-Dec-15","91","MCI"
"maitai at riverside","15-Nov-12","8","TaxaRichness"
"maitai at riverside","15-Nov-12","92","MCI"
"maitai at riverside","16-Dec-16","21","TaxaRichness"
"maitai at riverside","16-Dec-16","95","MCI"
"maitai at riverside","16-Nov-11","8","TaxaRichness"
"maitai at riverside","16-Nov-11","88","MCI"
"maitai at riverside","17-Dec-13","17","TaxaRichness"
"maitai at riverside","17-Dec-13","89","MCI"
"maitai at riverside","19-Nov-07","17","TaxaRichness"
"maitai at riverside","19-Nov-07","95","MCI"
"maitai at riverside","23-Nov-05","78","MCI"
"maitai at riverside","23-Nov-05","8","TaxaRichness"
"maitai at riverside","24-Nov-03","14","TaxaRichness"
"maitai at riverside","24-Nov-03","96","MCI"
"maitai at riverside","24-Nov-09","116","MCI"
"maitai at riverside","24-Nov-09","12","TaxaRichness"
"maitai at riverside","25-Nov-02","20","TaxaRichness"
"maitai at riverside","25-Nov-02","89","MCI"
"maitai at riverside","26-Nov-01","23","TaxaRichness"
"maitai at riverside","26-Nov-01","95","MCI"
"maitai south branch at intake","02-Nov-10","129","MCI"
"maitai south branch at intake","02-Nov-10","16","TaxaRichness"
"maitai south branch at intake","04-Dec-14","14","TaxaRichness"
"maitai south branch at intake","04-Dec-14","153","MCI"
"maitai south branch at intake","07-Mar-19","119","MCI"
"maitai south branch at intake","07-Mar-19","38","TaxaRichness"
"maitai south branch at intake","10-Dec-08","143","MCI"
"maitai south branch at intake","10-Dec-08","16","TaxaRichness"
"maitai south branch at intake","12-Dec-06","139","MCI"
"maitai south branch at intake","12-Dec-06","19","TaxaRichness"
"maitai south branch at intake","13-Dec-17","137","MCI"
"maitai south branch at intake","13-Dec-17","24","TaxaRichness"
"maitai south branch at intake","14-Dec-04","140","MCI"
"maitai south branch at intake","14-Dec-04","18","TaxaRichness"
"maitai south branch at intake","15-Nov-12","148","MCI"
"maitai south branch at intake","15-Nov-12","5","TaxaRichness"
"maitai south branch at intake","16-Dec-15","143","MCI"
"maitai south branch at intake","16-Dec-15","15","TaxaRichness"
"maitai south branch at intake","16-Dec-16","148","MCI"
"maitai south branch at intake","16-Dec-16","16","TaxaRichness"
"maitai south branch at intake","16-Nov-11","142","MCI"
"maitai south branch at intake","16-Nov-11","8","TaxaRichness"
"maitai south branch at intake","17-Dec-13","122","MCI"
"maitai south branch at intake","17-Dec-13","9","TaxaRichness"
"maitai south branch at intake","17-Nov-00","124","MCI"
"maitai south branch at intake","17-Nov-00","27","TaxaRichness"
"maitai south branch at intake","19-Nov-07","134","MCI"
"maitai south branch at intake","19-Nov-07","21","TaxaRichness"
"maitai south branch at intake","23-Nov-05","142","MCI"
"maitai south branch at intake","23-Nov-05","22","TaxaRichness"
"maitai south branch at intake","24-Nov-09","147","MCI"
"maitai south branch at intake","24-Nov-09","6","TaxaRichness"
"maitai south branch at intake","25-Nov-03","15","TaxaRichness"
"maitai south branch at intake","25-Nov-03","153","MCI"
"maitai south branch at intake","26-Nov-02","122","MCI"
"maitai south branch at intake","26-Nov-02","25","TaxaRichness"
"maitai south branch at intake","27-Nov-01","128","MCI"
"maitai south branch at intake","27-Nov-01","27","TaxaRichness"
"orphanage at saxton rd east","01-Nov-00","12","TaxaRichness"
"orphanage at saxton rd east","01-Nov-00","90","MCI"
"orphanage at saxton rd east","02-Nov-10","78","MCI"
"orphanage at saxton rd east","02-Nov-10","9","TaxaRichness"
"orphanage at saxton rd east","03-Dec-14","12","TaxaRichness"
"orphanage at saxton rd east","03-Dec-14","82","MCI"
"orphanage at saxton rd east","07-Mar-19","22","TaxaRichness"
"orphanage at saxton rd east","07-Mar-19","71","MCI"
"orphanage at saxton rd east","10-Dec-08","10","TaxaRichness"
"orphanage at saxton rd east","10-Dec-08","78","MCI"
"orphanage at saxton rd east","11-Dec-06","12","TaxaRichness"
"orphanage at saxton rd east","11-Dec-06","75","MCI"
"orphanage at saxton rd east","12-Dec-17","16","TaxaRichness"
"orphanage at saxton rd east","12-Dec-17","69","MCI"
"orphanage at saxton rd east","14-Dec-04","12","TaxaRichness"
"orphanage at saxton rd east","14-Dec-04","88","MCI"
"orphanage at saxton rd east","15-Dec-15","10","TaxaRichness"
"orphanage at saxton rd east","15-Dec-15","70","MCI"
"orphanage at saxton rd east","15-Nov-11","73","MCI"
"orphanage at saxton rd east","15-Nov-11","9","TaxaRichness"
"orphanage at saxton rd east","15-Nov-12","70","MCI"
"orphanage at saxton rd east","15-Nov-12","8","TaxaRichness"
"orphanage at saxton rd east","16-Dec-13","15","TaxaRichness"
"orphanage at saxton rd east","16-Dec-13","93","MCI"
"orphanage at saxton rd east","16-Dec-16","58","MCI"
"orphanage at saxton rd east","16-Dec-16","9","TaxaRichness"
"orphanage at saxton rd east","19-Nov-07","67","MCI"
"orphanage at saxton rd east","19-Nov-07","9","TaxaRichness"
"orphanage at saxton rd east","23-Nov-09","57","MCI"
"orphanage at saxton rd east","23-Nov-09","7","TaxaRichness"
"orphanage at saxton rd east","24-Nov-03","14","TaxaRichness"
"orphanage at saxton rd east","24-Nov-03","66","MCI"
"orphanage at saxton rd east","24-Nov-05","10","TaxaRichness"
"orphanage at saxton rd east","24-Nov-05","66","MCI"
"orphanage at saxton rd east","25-Nov-02","16","TaxaRichness"
"orphanage at saxton rd east","25-Nov-02","75","MCI"
"orphanage at saxton rd east","26-Nov-01","23","TaxaRichness"
"orphanage at saxton rd east","26-Nov-01","93","MCI"
"poorman at barnicoat walkway","01-Nov-00","117","MCI"
"poorman at barnicoat walkway","01-Nov-00","15","TaxaRichness"
"poorman at barnicoat walkway","02-Nov-10","118","MCI"
"poorman at barnicoat walkway","02-Nov-10","22","TaxaRichness"
"poorman at barnicoat walkway","03-Dec-14","127","MCI"
"poorman at barnicoat walkway","03-Dec-14","22","TaxaRichness"
"poorman at barnicoat walkway","07-Mar-19","113","MCI"
"poorman at barnicoat walkway","07-Mar-19","39","TaxaRichness"
"poorman at barnicoat walkway","10-Dec-08","15","TaxaRichness"
"poorman at barnicoat walkway","10-Dec-08","87","MCI"
"poorman at barnicoat walkway","11-Dec-06","115","MCI"
"poorman at barnicoat walkway","11-Dec-06","22","TaxaRichness"
"poorman at barnicoat walkway","12-Dec-17","125","MCI"
"poorman at barnicoat walkway","12-Dec-17","29","TaxaRichness"
"poorman at barnicoat walkway","14-Dec-04","111","MCI"
"poorman at barnicoat walkway","14-Dec-04","13","TaxaRichness"
"poorman at barnicoat walkway","15-Dec-15","133","MCI"
"poorman at barnicoat walkway","15-Dec-15","14","TaxaRichness"
"poorman at barnicoat walkway","15-Nov-12","11","TaxaRichness"
"poorman at barnicoat walkway","15-Nov-12","113","MCI"
"poorman at barnicoat walkway","16-Dec-13","124","MCI"
"poorman at barnicoat walkway","16-Dec-13","23","TaxaRichness"
"poorman at barnicoat walkway","16-Dec-16","128","MCI"
"poorman at barnicoat walkway","16-Dec-16","28","TaxaRichness"
"poorman at barnicoat walkway","19-Nov-07","117","MCI"
"poorman at barnicoat walkway","19-Nov-07","24","TaxaRichness"
"poorman at barnicoat walkway","21-Nov-11","128","MCI"
"poorman at barnicoat walkway","21-Nov-11","16","TaxaRichness"
"poorman at barnicoat walkway","23-Nov-05","102","MCI"
"poorman at barnicoat walkway","23-Nov-05","18","TaxaRichness"
"poorman at barnicoat walkway","23-Nov-09","125","MCI"
"poorman at barnicoat walkway","23-Nov-09","4","TaxaRichness"
"poorman at barnicoat walkway","24-Nov-03","122","MCI"
"poorman at barnicoat walkway","24-Nov-03","18","TaxaRichness"
"poorman at barnicoat walkway","25-Nov-02","103","MCI"
"poorman at barnicoat walkway","25-Nov-02","21","TaxaRichness"
"poorman at barnicoat walkway","26-Nov-01","119","MCI"
"poorman at barnicoat walkway","26-Nov-01","29","TaxaRichness"
"poorman at seaview rd","01-Nov-00","13","TaxaRichness"
"poorman at seaview rd","01-Nov-00","72","MCI"
"poorman at seaview rd","02-Nov-10","16","TaxaRichness"
"poorman at seaview rd","02-Nov-10","84","MCI"
"poorman at seaview rd","03-Dec-14","16","TaxaRichness"
"poorman at seaview rd","03-Dec-14","92","MCI"
"poorman at seaview rd","07-Mar-19","25","TaxaRichness"
"poorman at seaview rd","07-Mar-19","78","MCI"
"poorman at seaview rd","10-Dec-08","106","MCI"
"poorman at seaview rd","10-Dec-08","14","TaxaRichness"
"poorman at seaview rd","11-Dec-06","11","TaxaRichness"
"poorman at seaview rd","11-Dec-06","75","MCI"
"poorman at seaview rd","12-Dec-17","25","TaxaRichness"
"poorman at seaview rd","12-Dec-17","88","MCI"
"poorman at seaview rd","14-Dec-04","14","TaxaRichness"
"poorman at seaview rd","14-Dec-04","90","MCI"
"poorman at seaview rd","15-Dec-15","12","TaxaRichness"
"poorman at seaview rd","15-Dec-15","72","MCI"
"poorman at seaview rd","15-Nov-12","100","MCI"
"poorman at seaview rd","15-Nov-12","5","TaxaRichness"
"poorman at seaview rd","16-Dec-13","12","TaxaRichness"
"poorman at seaview rd","16-Dec-13","65","MCI"
"poorman at seaview rd","16-Dec-16","10","TaxaRichness"
"poorman at seaview rd","16-Dec-16","70","MCI"
"poorman at seaview rd","19-Nov-07","58","MCI"
"poorman at seaview rd","19-Nov-07","8","TaxaRichness"
"poorman at seaview rd","21-Nov-11","12","TaxaRichness"
"poorman at seaview rd","21-Nov-11","78","MCI"
"poorman at seaview rd","23-Nov-09","4","TaxaRichness"
"poorman at seaview rd","23-Nov-09","60","MCI"
"poorman at seaview rd","24-Nov-03","13","TaxaRichness"
"poorman at seaview rd","24-Nov-03","77","MCI"
"poorman at seaview rd","24-Nov-05","10","TaxaRichness"
"poorman at seaview rd","24-Nov-05","70","MCI"
"poorman at seaview rd","25-Nov-02","21","TaxaRichness"
"poorman at seaview rd","25-Nov-02","81","MCI"
"poorman at seaview rd","26-Nov-01","15","TaxaRichness"
"poorman at seaview rd","26-Nov-01","89","MCI"
"sharland at maitai confluence","02-Nov-10","15","TaxaRichness"
"sharland at maitai confluence","02-Nov-10","99","MCI"
"sharland at maitai confluence","04-Dec-14","108","MCI"
"sharland at maitai confluence","04-Dec-14","18","TaxaRichness"
"sharland at maitai confluence","06-Nov-00","120","MCI"
"sharland at maitai confluence","06-Nov-00","21","TaxaRichness"
"sharland at maitai confluence","07-Mar-19","104","MCI"
"sharland at maitai confluence","07-Mar-19","35","TaxaRichness"
"sharland at maitai confluence","10-Dec-08","122","MCI"
"sharland at maitai confluence","10-Dec-08","14","TaxaRichness"
"sharland at maitai confluence","12-Dec-06","100","MCI"
"sharland at maitai confluence","12-Dec-06","18","TaxaRichness"
"sharland at maitai confluence","13-Dec-17","113","MCI"
"sharland at maitai confluence","13-Dec-17","22","TaxaRichness"
"sharland at maitai confluence","14-Dec-04","118","MCI"
"sharland at maitai confluence","14-Dec-04","26","TaxaRichness"
"sharland at maitai confluence","15-Nov-12","100","MCI"
"sharland at maitai confluence","15-Nov-12","4","TaxaRichness"
"sharland at maitai confluence","16-Dec-15","107","MCI"
"sharland at maitai confluence","16-Dec-15","30","TaxaRichness"
"sharland at maitai confluence","16-Dec-16","100","MCI"
"sharland at maitai confluence","16-Dec-16","21","TaxaRichness"
"sharland at maitai confluence","16-Nov-11","107","MCI"
"sharland at maitai confluence","16-Nov-11","14","TaxaRichness"
"sharland at maitai confluence","17-Dec-13","21","TaxaRichness"
"sharland at maitai confluence","17-Dec-13","96","MCI"
"sharland at maitai confluence","19-Nov-07","104","MCI"
"sharland at maitai confluence","19-Nov-07","22","TaxaRichness"
"sharland at maitai confluence","23-Nov-05","115","MCI"
"sharland at maitai confluence","23-Nov-05","18","TaxaRichness"
"sharland at maitai confluence","24-Nov-03","126","MCI"
"sharland at maitai confluence","24-Nov-03","19","TaxaRichness"
"sharland at maitai confluence","24-Nov-09","89","MCI"
"sharland at maitai confluence","24-Nov-09","9","TaxaRichness"
"sharland at maitai confluence","26-Nov-02","112","MCI"
"sharland at maitai confluence","26-Nov-02","28","TaxaRichness"
"sharland at maitai confluence","27-Nov-01","118","MCI"
"sharland at maitai confluence","27-Nov-01","26","TaxaRichness"
"teal at 1.9km","02-Nov-00","106","MCI"
"teal at 1.9km","02-Nov-00","21","TaxaRichness"
"teal at 1.9km","02-Nov-10","132","MCI"
"teal at 1.9km","02-Nov-10","27","TaxaRichness"
"teal at 1.9km","04-Dec-14","133","MCI"
"teal at 1.9km","04-Dec-14","24","TaxaRichness"
"teal at 1.9km","06-Mar-19","113","MCI"
"teal at 1.9km","06-Mar-19","43","TaxaRichness"
"teal at 1.9km","11-Dec-08","13","TaxaRichness"
"teal at 1.9km","11-Dec-08","149","MCI"
"teal at 1.9km","13-Dec-06","119","MCI"
"teal at 1.9km","13-Dec-06","17","TaxaRichness"
"teal at 1.9km","14-Dec-17","114","MCI"
"teal at 1.9km","14-Dec-17","14","TaxaRichness"
"teal at 1.9km","15-Dec-04","103","MCI"
"teal at 1.9km","15-Dec-04","20","TaxaRichness"
"teal at 1.9km","15-Nov-12","134","MCI"
"teal at 1.9km","15-Nov-12","7","TaxaRichness"
"teal at 1.9km","16-Dec-16","126","MCI"
"teal at 1.9km","16-Dec-16","24","TaxaRichness"
"teal at 1.9km","17-Dec-15","123","MCI"
"teal at 1.9km","17-Dec-15","39","TaxaRichness"
"teal at 1.9km","17-Nov-11","131","MCI"
"teal at 1.9km","17-Nov-11","21","TaxaRichness"
"teal at 1.9km","18-Dec-13","136","MCI"
"teal at 1.9km","18-Dec-13","17","TaxaRichness"
"teal at 1.9km","20-Nov-07","119","MCI"
"teal at 1.9km","20-Nov-07","15","TaxaRichness"
"teal at 1.9km","24-Nov-05","107","MCI"
"teal at 1.9km","24-Nov-05","16","TaxaRichness"
"teal at 1.9km","25-Nov-09","138","MCI"
"teal at 1.9km","25-Nov-09","8","TaxaRichness"
"teal at 1.9km","26-Nov-03","101","MCI"
"teal at 1.9km","26-Nov-03","19","TaxaRichness"
"teal at 1.9km","27-Nov-02","112","MCI"
"teal at 1.9km","27-Nov-02","25","TaxaRichness"
"teal at 1.9km","28-Nov-01","118","MCI"
"teal at 1.9km","28-Nov-01","23","TaxaRichness"
"todds at sh6","02-Nov-10","12","TaxaRichness"
"todds at sh6","02-Nov-10","80","MCI"
"todds at sh6","03-Dec-14","10","TaxaRichness"
"todds at sh6","03-Dec-14","88","MCI"
"todds at sh6","03-Nov-00","16","TaxaRichness"
"todds at sh6","03-Nov-00","80","MCI"
"todds at sh6","07-Mar-19","21","TaxaRichness"
"todds at sh6","07-Mar-19","75","MCI"
"todds at sh6","11-Dec-08","89","MCI"
"todds at sh6","11-Dec-08","9","TaxaRichness"
"todds at sh6","12-Dec-06","17","TaxaRichness"
"todds at sh6","12-Dec-06","87","MCI"
"todds at sh6","13-Dec-17","22","TaxaRichness"
"todds at sh6","13-Dec-17","76","MCI"
"todds at sh6","15-Dec-04","19","TaxaRichness"
"todds at sh6","15-Dec-04","86","MCI"
"todds at sh6","15-Nov-12","53","MCI"
"todds at sh6","15-Nov-12","6","TaxaRichness"
"todds at sh6","16-Dec-15","22","TaxaRichness"
"todds at sh6","16-Dec-15","94","MCI"
"todds at sh6","16-Dec-16","19","TaxaRichness"
"todds at sh6","16-Dec-16","92","MCI"
"todds at sh6","16-Nov-11","13","TaxaRichness"
"todds at sh6","16-Nov-11","94","MCI"
"todds at sh6","17-Dec-13","16","TaxaRichness"
"todds at sh6","17-Dec-13","77","MCI"
"todds at sh6","20-Nov-07","14","TaxaRichness"
"todds at sh6","20-Nov-07","69","MCI"
"todds at sh6","24-Nov-05","14","TaxaRichness"
"todds at sh6","24-Nov-05","90","MCI"
"todds at sh6","24-Nov-09","103","MCI"
"todds at sh6","24-Nov-09","6","TaxaRichness"
"todds at sh6","25-Nov-03","13","TaxaRichness"
"todds at sh6","25-Nov-03","91","MCI"
"todds at sh6","26-Nov-02","21","TaxaRichness"
"todds at sh6","26-Nov-02","89","MCI"
"todds at sh6","27-Nov-01","24","TaxaRichness"
"todds at sh6","27-Nov-01","90","MCI"
"wakapuaka at duckpond rd","02-Nov-00","133","MCI"
"wakapuaka at duckpond rd","02-Nov-00","22","TaxaRichness"
"wakapuaka at duckpond rd","02-Nov-10","131","MCI"
"wakapuaka at duckpond rd","02-Nov-10","15","TaxaRichness"
"wakapuaka at duckpond rd","05-Dec-14","12","TaxaRichness"
"wakapuaka at duckpond rd","05-Dec-14","130","MCI"
"wakapuaka at duckpond rd","06-Mar-19","119","MCI"
"wakapuaka at duckpond rd","06-Mar-19","43","TaxaRichness"
"wakapuaka at duckpond rd","11-Dec-08","137","MCI"
"wakapuaka at duckpond rd","11-Dec-08","15","TaxaRichness"
"wakapuaka at duckpond rd","13-Dec-06","135","MCI"
"wakapuaka at duckpond rd","13-Dec-06","22","TaxaRichness"
"wakapuaka at duckpond rd","14-Dec-17","129","MCI"
"wakapuaka at duckpond rd","14-Dec-17","20","TaxaRichness"
"wakapuaka at duckpond rd","15-Dec-04","129","MCI"
"wakapuaka at duckpond rd","15-Dec-04","26","TaxaRichness"
"wakapuaka at duckpond rd","15-Nov-12","11","TaxaRichness"
"wakapuaka at duckpond rd","15-Nov-12","122","MCI"
"wakapuaka at duckpond rd","16-Dec-15","121","MCI"
"wakapuaka at duckpond rd","16-Dec-15","32","TaxaRichness"
"wakapuaka at duckpond rd","16-Dec-16","128","MCI"
"wakapuaka at duckpond rd","16-Dec-16","19","TaxaRichness"
"wakapuaka at duckpond rd","17-Nov-11","124","MCI"
"wakapuaka at duckpond rd","17-Nov-11","9","TaxaRichness"
"wakapuaka at duckpond rd","18-Dec-13","131","MCI"
"wakapuaka at duckpond rd","18-Dec-13","19","TaxaRichness"
"wakapuaka at duckpond rd","20-Nov-07","134","MCI"
"wakapuaka at duckpond rd","20-Nov-07","21","TaxaRichness"
"wakapuaka at duckpond rd","24-Nov-05","138","MCI"
"wakapuaka at duckpond rd","24-Nov-05","17","TaxaRichness"
"wakapuaka at duckpond rd","26-Nov-02","116","MCI"
"wakapuaka at duckpond rd","26-Nov-02","30","TaxaRichness"
"wakapuaka at duckpond rd","26-Nov-03","128","MCI"
"wakapuaka at duckpond rd","26-Nov-03","17","TaxaRichness"
"wakapuaka at duckpond rd","26-Nov-09","144","MCI"
"wakapuaka at duckpond rd","26-Nov-09","9","TaxaRichness"
"wakapuaka at duckpond rd","28-Nov-01","129","MCI"
"wakapuaka at duckpond rd","28-Nov-01","24","TaxaRichness"
"wakapuaka at hira","02-Nov-10","129","MCI"
"wakapuaka at hira","02-Nov-10","14","TaxaRichness"
"wakapuaka at hira","03-Nov-00","121","MCI"
"wakapuaka at hira","03-Nov-00","23","TaxaRichness"
"wakapuaka at hira","05-Dec-14","120","MCI"
"wakapuaka at hira","05-Dec-14","16","TaxaRichness"
"wakapuaka at hira","06-Mar-19","107","MCI"
"wakapuaka at hira","06-Mar-19","37","TaxaRichness"
"wakapuaka at hira","11-Dec-08","135","MCI"
"wakapuaka at hira","11-Dec-08","18","TaxaRichness"
"wakapuaka at hira","12-Dec-06","121","MCI"
"wakapuaka at hira","12-Dec-06","19","TaxaRichness"
"wakapuaka at hira","13-Dec-17","112","MCI"
"wakapuaka at hira","13-Dec-17","22","TaxaRichness"
"wakapuaka at hira","15-Dec-04","120","MCI"
"wakapuaka at hira","15-Dec-04","25","TaxaRichness"
"wakapuaka at hira","15-Nov-12","123","MCI"
"wakapuaka at hira","15-Nov-12","7","TaxaRichness"
"wakapuaka at hira","16-Dec-15","108","MCI"
"wakapuaka at hira","16-Dec-15","29","TaxaRichness"
"wakapuaka at hira","16-Dec-16","110","MCI"
"wakapuaka at hira","16-Dec-16","19","TaxaRichness"
"wakapuaka at hira","17-Nov-11","129","MCI"
"wakapuaka at hira","17-Nov-11","16","TaxaRichness"
"wakapuaka at hira","18-Dec-13","111","MCI"
"wakapuaka at hira","18-Dec-13","16","TaxaRichness"
"wakapuaka at hira","20-Nov-07","120","MCI"
"wakapuaka at hira","20-Nov-07","25","TaxaRichness"
"wakapuaka at hira","24-Nov-05","112","MCI"
"wakapuaka at hira","24-Nov-05","16","TaxaRichness"
"wakapuaka at hira","25-Nov-03","124","MCI"
"wakapuaka at hira","25-Nov-03","21","TaxaRichness"
"wakapuaka at hira","25-Nov-09","13","TaxaRichness"
"wakapuaka at hira","25-Nov-09","132","MCI"
"wakapuaka at hira","26-Nov-02","124","MCI"
"wakapuaka at hira","26-Nov-02","17","TaxaRichness"
"wakapuaka at hira","28-Nov-01","133","MCI"
"wakapuaka at hira","28-Nov-01","29","TaxaRichness"
"wakapuaka at maori pa rd","02-Nov-10","118","MCI"
"wakapuaka at maori pa rd","02-Nov-10","20","TaxaRichness"
"wakapuaka at maori pa rd","03-Nov-00","22","TaxaRichness"
"wakapuaka at maori pa rd","03-Nov-00","96","MCI"
"wakapuaka at maori pa rd","05-Dec-14","108","MCI"
"wakapuaka at maori pa rd","05-Dec-14","11","TaxaRichness"
"wakapuaka at maori pa rd","06-Mar-19","101","MCI"
"wakapuaka at maori pa rd","06-Mar-19","34","TaxaRichness"
"wakapuaka at maori pa rd","11-Dec-08","112","MCI"
"wakapuaka at maori pa rd","11-Dec-08","20","TaxaRichness"
"wakapuaka at maori pa rd","13-Dec-06","105","MCI"
"wakapuaka at maori pa rd","13-Dec-06","17","TaxaRichness"
"wakapuaka at maori pa rd","14-Dec-17","105","MCI"
"wakapuaka at maori pa rd","14-Dec-17","25","TaxaRichness"
"wakapuaka at maori pa rd","15-Dec-04","110","MCI"
"wakapuaka at maori pa rd","15-Dec-04","25","TaxaRichness"
"wakapuaka at maori pa rd","15-Nov-12","10","TaxaRichness"
"wakapuaka at maori pa rd","15-Nov-12","96","MCI"
"wakapuaka at maori pa rd","16-Dec-15","108","MCI"
"wakapuaka at maori pa rd","16-Dec-15","33","TaxaRichness"
"wakapuaka at maori pa rd","16-Dec-16","112","MCI"
"wakapuaka at maori pa rd","16-Dec-16","24","TaxaRichness"
"wakapuaka at maori pa rd","17-Nov-11","11","TaxaRichness"
"wakapuaka at maori pa rd","17-Nov-11","95","MCI"
"wakapuaka at maori pa rd","18-Dec-13","111","MCI"
"wakapuaka at maori pa rd","18-Dec-13","21","TaxaRichness"
"wakapuaka at maori pa rd","20-Nov-07","20","TaxaRichness"
"wakapuaka at maori pa rd","20-Nov-07","98","MCI"
"wakapuaka at maori pa rd","25-Nov-03","18","TaxaRichness"
"wakapuaka at maori pa rd","25-Nov-03","89","MCI"
"wakapuaka at maori pa rd","25-Nov-05","21","TaxaRichness"
"wakapuaka at maori pa rd","25-Nov-05","98","MCI"
"wakapuaka at maori pa rd","25-Nov-09","106","MCI"
"wakapuaka at maori pa rd","25-Nov-09","7","TaxaRichness"
"wakapuaka at maori pa rd","26-Nov-02","100","MCI"
"wakapuaka at maori pa rd","26-Nov-02","22","TaxaRichness"
"wakapuaka at maori pa rd","27-Nov-01","104","MCI"
"wakapuaka at maori pa rd","27-Nov-01","18","TaxaRichness"
"whangamoa at hippolite rd","02-Nov-00","129","MCI"
"whangamoa at hippolite rd","02-Nov-00","18","TaxaRichness"
"whangamoa at hippolite rd","02-Nov-10","145","MCI"
"whangamoa at hippolite rd","02-Nov-10","23","TaxaRichness"
"whangamoa at hippolite rd","05-Dec-14","139","MCI"
"whangamoa at hippolite rd","05-Dec-14","19","TaxaRichness"
"whangamoa at hippolite rd","06-Mar-19","129","MCI"
"whangamoa at hippolite rd","06-Mar-19","38","TaxaRichness"
"whangamoa at hippolite rd","11-Dec-08","142","MCI"
"whangamoa at hippolite rd","11-Dec-08","25","TaxaRichness"
"whangamoa at hippolite rd","13-Dec-06","134","MCI"
"whangamoa at hippolite rd","13-Dec-06","18","TaxaRichness"
"whangamoa at hippolite rd","14-Dec-17","137","MCI"
"whangamoa at hippolite rd","14-Dec-17","24","TaxaRichness"
"whangamoa at hippolite rd","15-Dec-04","129","MCI"
"whangamoa at hippolite rd","15-Dec-04","24","TaxaRichness"
"whangamoa at hippolite rd","15-Nov-12","13","TaxaRichness"
"whangamoa at hippolite rd","15-Nov-12","151","MCI"
"whangamoa at hippolite rd","16-Dec-16","143","MCI"
"whangamoa at hippolite rd","16-Dec-16","21","TaxaRichness"
"whangamoa at hippolite rd","17-Dec-15","136","MCI"
"whangamoa at hippolite rd","17-Dec-15","24","TaxaRichness"
"whangamoa at hippolite rd","17-Nov-11","151","MCI"
"whangamoa at hippolite rd","17-Nov-11","16","TaxaRichness"
"whangamoa at hippolite rd","18-Dec-13","137","MCI"
"whangamoa at hippolite rd","18-Dec-13","23","TaxaRichness"
"whangamoa at hippolite rd","20-Nov-07","151","MCI"
"whangamoa at hippolite rd","20-Nov-07","16","TaxaRichness"
"whangamoa at hippolite rd","25-Nov-05","137","MCI"
"whangamoa at hippolite rd","25-Nov-05","18","TaxaRichness"
"whangamoa at hippolite rd","26-Nov-03","135","MCI"
"whangamoa at hippolite rd","26-Nov-03","19","TaxaRichness"
"whangamoa at hippolite rd","26-Nov-09","11","TaxaRichness"
"whangamoa at hippolite rd","26-Nov-09","144","MCI"
"whangamoa at hippolite rd","27-Nov-02","141","MCI"
"whangamoa at hippolite rd","27-Nov-02","21","TaxaRichness"
"whangamoa at hippolite rd","28-Nov-01","138","MCI"
"whangamoa at hippolite rd","28-Nov-01","23","TaxaRichness"
"whangamoa at kokorua bridge","02-Nov-00","125","MCI"
"whangamoa at kokorua bridge","02-Nov-00","25","TaxaRichness"
"whangamoa at kokorua bridge","02-Nov-10","120","MCI"
"whangamoa at kokorua bridge","02-Nov-10","21","TaxaRichness"
"whangamoa at kokorua bridge","05-Dec-14","122","MCI"
"whangamoa at kokorua bridge","05-Dec-14","26","TaxaRichness"
"whangamoa at kokorua bridge","06-Mar-19","109","MCI"
"whangamoa at kokorua bridge","06-Mar-19","37","TaxaRichness"
"whangamoa at kokorua bridge","11-Dec-08","13","TaxaRichness"
"whangamoa at kokorua bridge","11-Dec-08","131","MCI"
"whangamoa at kokorua bridge","12-Dec-17","124","MCI"
"whangamoa at kokorua bridge","12-Dec-17","34","TaxaRichness"
"whangamoa at kokorua bridge","13-Dec-06","114","MCI"
"whangamoa at kokorua bridge","13-Dec-06","21","TaxaRichness"
"whangamoa at kokorua bridge","15-Dec-04","125","MCI"
"whangamoa at kokorua bridge","15-Dec-04","32","TaxaRichness"
"whangamoa at kokorua bridge","15-Nov-12","108","MCI"
"whangamoa at kokorua bridge","15-Nov-12","12","TaxaRichness"
"whangamoa at kokorua bridge","16-Dec-16","112","MCI"
"whangamoa at kokorua bridge","16-Dec-16","25","TaxaRichness"
"whangamoa at kokorua bridge","17-Dec-15","112","MCI"
"whangamoa at kokorua bridge","17-Dec-15","28","TaxaRichness"
"whangamoa at kokorua bridge","17-Nov-11","119","MCI"
"whangamoa at kokorua bridge","17-Nov-11","21","TaxaRichness"
"whangamoa at kokorua bridge","18-Dec-13","120","MCI"
"whangamoa at kokorua bridge","18-Dec-13","26","TaxaRichness"
"whangamoa at kokorua bridge","20-Nov-07","113","MCI"
"whangamoa at kokorua bridge","20-Nov-07","23","TaxaRichness"
"whangamoa at kokorua bridge","25-Nov-05","105","MCI"
"whangamoa at kokorua bridge","25-Nov-05","17","TaxaRichness"
"whangamoa at kokorua bridge","26-Nov-03","118","MCI"
"whangamoa at kokorua bridge","26-Nov-03","18","TaxaRichness"
"whangamoa at kokorua bridge","26-Nov-09","135","MCI"
"whangamoa at kokorua bridge","26-Nov-09","8","TaxaRichness"
"whangamoa at kokorua bridge","27-Nov-02","134","MCI"
"whangamoa at kokorua bridge","27-Nov-02","21","TaxaRichness"
"whangamoa at kokorua bridge","28-Nov-01","125","MCI"
"whangamoa at kokorua bridge","28-Nov-01","25","TaxaRichness"
"york at waimea rd","01-Nov-00","11","TaxaRichness"
"york at waimea rd","01-Nov-00","70","MCI"
"york at waimea rd","02-Nov-10","65","MCI"
"york at waimea rd","02-Nov-10","8","TaxaRichness"
"york at waimea rd","03-Dec-14","60","MCI"
"york at waimea rd","03-Dec-14","9","TaxaRichness"
"york at waimea rd","07-Mar-19","19","TaxaRichness"
"york at waimea rd","07-Mar-19","71","MCI"
"york at waimea rd","10-Dec-08","13","TaxaRichness"
"york at waimea rd","10-Dec-08","86","MCI"
"york at waimea rd","11-Dec-06","6","TaxaRichness"
"york at waimea rd","11-Dec-06","60","MCI"
"york at waimea rd","12-Dec-17","19","TaxaRichness"
"york at waimea rd","12-Dec-17","74","MCI"
"york at waimea rd","14-Dec-04","6","TaxaRichness"
"york at waimea rd","14-Dec-04","67","MCI"
"york at waimea rd","15-Dec-15","15","TaxaRichness"
"york at waimea rd","15-Dec-15","83","MCI"
"york at waimea rd","15-Nov-11","65","MCI"
"york at waimea rd","15-Nov-11","9","TaxaRichness"
"york at waimea rd","15-Nov-12","6","TaxaRichness"
"york at waimea rd","15-Nov-12","80","MCI"
"york at waimea rd","16-Dec-13","11","TaxaRichness"
"york at waimea rd","16-Dec-13","64","MCI"
"york at waimea rd","16-Dec-16","56","MCI"
"york at waimea rd","16-Dec-16","9","TaxaRichness"
"york at waimea rd","19-Nov-07","10","TaxaRichness"
"york at waimea rd","19-Nov-07","68","MCI"
"york at waimea rd","23-Nov-05","8","TaxaRichness"
"york at waimea rd","23-Nov-05","95","MCI"
"york at waimea rd","23-Nov-09","2","TaxaRichness"
"york at waimea rd","23-Nov-09","40","MCI"
"york at waimea rd","24-Nov-03","60","MCI"
"york at waimea rd","24-Nov-03","8","TaxaRichness"
"york at waimea rd","25-Nov-02","17","TaxaRichness"
"york at waimea rd","25-Nov-02","76","MCI"
"york at waimea rd","26-Nov-01","16","TaxaRichness"
"york at waimea rd","26-Nov-01","79","MCI"
